Student_ID,Application_ID,First_Name,Last_Name,Gender,Age,City,Category,10th_Percentage,12th_Percentage,PCM_Percentage,CET_Score,CET_Percentile,Course,Application_Date,Enquiry_Source,Application_Status,Eligibility_Status,Document_Status,Verification_Date,Merit_Rank,Seat_Status,Fee_Status,Admission_Status,Admission_Date,Processing_Days
STU00530,APP00530,Arjun,Pawar,Female,18,Vasai,Open,73.23,97.0,96.06,83.29,85.08,Artificial Intelligence & Data Science,2026-02-08,College Website,Submitted,Eligible,Verified,2026-02-19,1362.0,Allocated,Paid,Confirmed,2026-02-24,16.0
STU00495,APP00495,Neha,Jadhav,Male,18,Virar,Open,90.12,63.39,71.28,73.97,73.51,Computer Engineering,2026-03-25,Education Portal,Submitted,Not Eligible,Pending,,,Not Allocated,Not Paid,Not Confirmed,,
STU00395,APP00395,Tanmay,Joshi,Female,19,Andheri,SC,70.74,59.07,61.31,67.18,66.49,Electronics Engineering,2026-04-12,College Website,Submitted,Not Eligible,Incomplete,,,Not Allocated,Not Paid,Not Confirmed,,
STU01865,APP01865,Dev,Shinde,Male,21,Borivali,SC,76.66,50.34,48.58,66.84,70.3,Mechanical Engineering,2026-02-11,Education Portal,Submitted,Not Eligible,Verified,2026-02-26,,Not Allocated,Not Paid,Not Confirmed,,
STU01491,APP01491,Dev,Kulkarni,Female,18,Thane,Open,56.6,83.0,91.88,81.01,86.13,Computer Engineering,2026-03-27,Google Search,Submitted,Eligible,Incomplete,,1337.0,Not Allocated,Not Paid,Not Confirmed,,
STU00484,APP00484,Ishaan,Chavan,Female,21,Andheri,Open,77.49,54.09,52.75,69.77,68.11,Artificial Intelligence & Data Science,2026-02-05,Google Search,Submitted,Not Eligible,Verified,2026-02-11,,Not Allocated,Not Paid,Not Confirmed,,
STU01092,APP01092,Neha,Chavan,Female,18,Mumbai,EWS,64.74,84.0,88.77,84.42,77.72,Computer Engineering,2026-01-17,Social Media,Under Review,Eligible,Verified,2026-01-24,1791.0,Allocated,Paid,Confirmed,2026-02-02,16.0
STU00788,APP00788,Aarav,Jadhav,Female,18,Panvel,OBC,79.41,63.09,61.46,64.39,65.4,Electronics Engineering,2026-01-26,Social Media,Submitted,Not Eligible,Verified,2026-02-02,,Not Allocated,Not Paid,Not Confirmed,,
STU00614,APP00614,Ayush,Tiwari,Female,19,Vasai,Open,82.52,80.09,78.98,73.75,75.7,Computer Engineering,2026-01-31,Education Portal,Submitted,Eligible,Verified,2026-02-02,2145.0,Allocated,Paid,Confirmed,2026-02-12,12.0
STU01008,APP01008,Sneha,Gupta,Female,18,Andheri,EWS,86.18,71.75,73.34,64.05,68.71,Artificial Intelligence & Data Science,2026-06-29,Google Search,Under Review,Not Eligible,Incomplete,,,Not Allocated,Not Paid,Not Confirmed,,
STU01234,APP01234,Rohan,Patil,Male,21,Dombivli,ST,72.7,73.73,76.33,73.77,70.42,Artificial Intelligence & Data Science,2026-05-10,College Visit,Submitted,Eligible,Verified,2026-05-18,2225.0,Not Allocated,Not Paid,Not Confirmed,,
STU01456,APP01456,Karan,Deshmukh,Female,19,Goregaon,OBC,87.7,72.5,69.92,66.06,71.8,Electronics Engineering,2026-02-19,Education Portal,Submitted,Not Eligible,Verified,2026-02-21,,Not Allocated,Not Paid,Not Confirmed,,
STU01358,APP01358,Vikas,Deshmukh,Female,18,Andheri,Open,77.47,76.03,73.93,60.25,65.75,Electronics Engineering,2026-07-01,Education Portal,Submitted,Not Eligible,Pending,,,Not Allocated,Not Paid,Not Confirmed,,
STU01850,APP01850,Aman,Tiwari,Female,20,Mumbai,OBC,98.0,78.58,73.38,82.64,81.63,Artificial Intelligence & Data Science,2026-05-29,Social Media,Submitted,Not Eligible,Pending,,,Not Allocated,Not Paid,Not Confirmed,,
STU01818,APP01818,Dev,Jadhav,Male,19,Panvel,Open,80.42,75.24,73.68,81.83,83.31,Electronics Engineering,2026-05-14,Friend/Family,Submitted,Not Eligible,Verified,2026-05-21,,Not Allocated,Not Paid,Not Confirmed,,
STU01453,APP01453,Ishaan,Yadav,Male,18,Virar,EWS,80.54,68.76,66.42,67.95,75.95,Mechanical Engineering,2026-07-16,Advertisement,Withdrawn,Not Eligible,Not Submitted,,,Not Allocated,Not Paid,Not Confirmed,,
DUP60532,APP01465,Dhruv,Jadhav,Male,18,Kalyan,Open,62.37,79.38,79.98,63.81,65.26,Information Technology,2026-01-25,Advertisement,Submitted,Eligible,Verified,2026-02-09,2857.0,Allocated,Paid,Confirmed,2026-02-12,18.0
STU00125,APP00125,Dev,Yadav,Male,19,Thane,OBC,83.75,64.57,71.1,60.94,62.87,Mechanical Engineering,2026-05-23,Advertisement,Submitted,Not Eligible,Incomplete,,,Not Allocated,Not Paid,Not Confirmed,,
STU00651,APP00651,Neha,Kadam,Male,18,Bhiwandi,Open,66.87,71.73,72.27,66.34,,Artificial Intelligence & Data Science,2026-06-19,Friend/Family,Under Review,Not Eligible,Pending,,,Not Allocated,Not Paid,Not Confirmed,,
STU01713,APP01713,Ananya,Verma,Male,18,Mira Road,Open,70.77,81.86,87.09,74.41,71.12,Mechanical Engineering,2026-02-24,Social Media,Submitted,Eligible,Verified,2026-03-07,2038.0,Not Allocated,Not Paid,Not Confirmed,,
STU00433,APP00433,Rohan,Tiwari,Male,19,Vasai,Open,83.67,57.23,58.87,68.68,69.82,Artificial Intelligence & Data Science,2026-04-06,Education Portal,Under Review,Not Eligible,Pending,,,Not Allocated,Not Paid,Not Confirmed,,
STU00423,APP00423,Pooja,Shinde,Female,18,Bhiwandi,Open,77.94,73.84,72.35,64.34,66.38,Mechanical Engineering,2026-03-13,Advertisement,Submitted,Not Eligible,Pending,,,Not Allocated,Not Paid,Not Confirmed,,
STU01872,APP01872,Neha,More,Male,19,Thane,Open,85.97,79.11,75.92,81.55,75.6,Mechanical Engineering,2026-05-08,Google Search,Submitted,Eligible,Incomplete,,1735.0,Not Allocated,Not Paid,Not Confirmed,,
STU00722,APP00722,Riya,Deshmukh,Female,18,Vasai,Open,74.51,85.13,,68.1,78.85,Mechanical Engineering,2026-04-25,Social Media,Submitted,Eligible,Verified,2026-05-09,1637.0,Allocated,Paid,Confirmed,2026-05-11,16.0
STU01668,APP01668,Rohan,Chavan,Female,18,Navi Mumbai,ST,67.83,67.76,66.35,55.92,62.8,Mechanical Engineering,2026-07-25,Friend/Family,Submitted,Not Eligible,Pending,,,Not Allocated,Not Paid,Not Confirmed,,
STU01392,APP01392,Ananya,Kumar,Female,18,Dombivli,OBC,82.94,85.39,82.71,77.59,75.9,Computer Engineering,2026-06-04,Social Media,Submitted,Eligible,Incomplete,,1836.0,Not Allocated,Not Paid,Not Confirmed,,
STU00589,APP00589,Rohan,Singh,Male,18,Navi Mumbai,Open,71.79,76.42,75.48,57.56,70.8,Electronics Engineering,2026-03-18,Friend/Family,Submitted,Eligible,Verified,2026-03-27,2441.0,Not Allocated,Not Paid,Not Confirmed,,
STU01817,APP01817,Vikas,Mishra,Male,18,Dombivli,SC,80.51,73.68,76.92,80.28,80.14,Artificial Intelligence & Data Science,2026-06-23,Social Media,Submitted,Eligible,Verified,2026-06-30,1591.0,Allocated,Paid,Confirmed,2026-07-05,12.0
STU01104,APP01104,Shreya,Patil,Male,18,Badlapur,OBC,82.51,88.42,92.28,79.76,80.25,Computer Engineering,2026-03-14,Education Portal,Withdrawn,Eligible,Not Submitted,,1872.0,Not Allocated,Not Paid,Not Confirmed,,
STU01129,APP01129,Ayush,More,F,19,Thane,Open,75.55,57.3,57.05,64.03,62.35,Computer Engineering,2026-06-17,Friend/Family,Under Review,Not Eligible,Incomplete,,,Not Allocated,Not Paid,Not Confirmed,,
STU01975,APP01975,Aryan,Joshi,Male,18,Navi Mumbai,Open,88.35,61.4,58.57,57.0,64.22,Information Technology,2026-05-18,Education Portal,Submitted,Not Eligible,Pending,,,Not Allocated,Not Paid,Not Confirmed,,
STU01238,APP01238,Dhruv,Patil,Male,18,Vasai,Open,75.99,67.66,64.9,61.38,67.99,Computer Engineering,2026-03-13,Friend/Family,Submitted,Not Eligible,Verified,2026-03-20,,Not Allocated,Not Paid,Not Confirmed,,
STU00030,APP00030,Manav,Singh,Male,19,Kalyan,Open,68.78,90.41,84.67,81.66,85.92,Artificial Intelligence & Data Science,2026-01-17,Social Media,Submitted,Eligible,Verified,2026-01-19,1287.0,Allocated,Paid,Confirmed,2026-01-29,12.0
STU00545,APP00545,Karan,Tiwari,Male,18,Badlapur,EWS,83.08,92.36,91.48,78.94,82.28,Artificial Intelligence & Data Science,2026-03-19,Social Media,Submitted,Eligible,Verified,2026-03-23,1740.0,Allocated,Paid,Confirmed,2026-03-30,11.0
STU00454,APP00454,Aarav,Shinde,Female,18,Mumbai,Open,82.35,79.88,79.5,69.14,71.75,Electronics Engineering,2026-03-12,Google Search,Submitted,Eligible,Verified,2026-03-22,2125.0,Allocated,Paid,Confirmed,2026-03-30,18.0
STU01059,APP01059,Pranav,Gupta,Female,18,Panvel,SC,88.61,61.59,62.11,60.04,62.01,Information Technology,2026-01-23,Friend/Family,Submitted,Not Eligible,Incomplete,,,Not Allocated,Not Paid,Not Confirmed,,
STU00603,APP00603,Karan,Tiwari,Male,19,Mumbai,Open,88.87,53.54,59.87,60.64,61.68,Computer Engineering,2026-05-11,Friend/Family,Submitted,Not Eligible,Pending,,,Not Allocated,Not Paid,Not Confirmed,,
STU00057,APP00057,Rahul,Pawar,Female,18,Dombivli,OBC,60.78,85.41,,73.98,79.4,Computer Engineering,2026-01-14,College Website,Submitted,Eligible,Verified,2026-01-26,1658.0,Allocated,Paid,Confirmed,2026-01-27,13.0
STU01794,APP01794,Rahul,Singh,Male,18,Vasai,EWS,74.68,65.62,68.72,68.42,72.99,Mechanical Engineering,2026-01-28,Friend/Family,Submitted,Not Eligible,Verified,2026-01-31,,Not Allocated,Not Paid,Not Confirmed,,
STU00549,APP00549,Ananya,Gupta,Male,18,Borivali,Open,79.4,79.98,79.75,66.14,70.4,Information Technology,2026-05-27,Education Portal,Submitted,Eligible,Verified,2026-06-11,2466.0,Not Allocated,Not Paid,Not Confirmed,,
STU01118,APP01118,Pranav,Mehta,Male,18,Mira Road,Open,61.33,86.86,88.64,84.56,93.13,Mechanical Engineering,2026-04-03,Education Portal,Under Review,Eligible,Verified,2026-04-07,847.0,Allocated,Paid,Confirmed,2026-04-13,10.0
STU00252,APP00252,Shreya,Verma,Female,18,Panvel,EWS,69.02,81.35,84.9,79.41,76.03,Mechanical Engineering,2026-01-02,College Website,Submitted,Eligible,Verified,2026-01-04,1809.0,Allocated,Pending,Not Confirmed,,
STU00100,APP00100,Atharva,Yadav,Male,19,Andheri,Open,79.32,77.91,78.1,65.0,65.28,Artificial Intelligence & Data Science,2026-01-08,Google Search,Submitted,Eligible,Verified,2026-01-13,2860.0,Allocated,Paid,Confirmed,2026-01-16,8.0
STU01345,APP01345,Ananya,Chavan,Female,18,Dombivli,Open,66.02,68.5,65.4,64.22,75.66,Artificial Intelligence & Data Science,2026-04-07,Advertisement,Under Review,Not Eligible,Pending,,,Not Allocated,Not Paid,Not Confirmed,,
STU00907,APP00907,Aarav,Joshi,Male,19,Borivali,SC,65.18,95.12,92.56,72.98,80.62,Computer Engineering,2026-07-19,Education Portal,Submitted,Eligible,Verified,2026-07-23,1614.0,Allocated,Paid,Confirmed,2026-07-31,12.0
STU00299,APP00299,Ishaan,Mehta,Male,18,Badlapur,Open,68.07,72.87,66.25,68.6,71.57,Artificial Intelligence & Data Science,2026-03-03,Education Portal,Submitted,Not Eligible,Verified,2026-03-06,,Not Allocated,Not Paid,Not Confirmed,,
STU01559,APP01559,Pooja,Naik,Male,18,Andheri,SC,84.89,87.56,91.43,79.79,80.94,Artificial Intelligence & Data Science,2026-07-12,Google Search,Submitted,Eligible,Pending,,1829.0,Not Allocated,Not Paid,Not Confirmed,,
STU00926,APP00926,Aarav,Mishra,Female,19,Goregaon,Open,69.14,92.31,89.38,78.48,85.28,Artificial Intelligence & Data Science,2026-05-08,College Visit,Submitted,Eligible,Verified,2026-05-22,1033.0,Allocated,Paid,Confirmed,2026-05-30,22.0
STU01285,APP01285,Dev,Jadhav,Female,18,Badlapur,EWS,87.9,75.06,75.22,73.27,80.96,Artificial Intelligence & Data Science,2026-04-23,Google Search,Submitted,Eligible,Pending,,1592.0,Not Allocated,Not Paid,Not Confirmed,,
DUP41558,APP00944,Dev,Pawar,Male,18,Dombivli,EWS,76.76,73.0,79.74,85.55,87.36,Artificial Intelligence & Data Science,2026-03-18,College Visit,Under Review,Eligible,Verified,2026-03-28,1050.0,Allocated,Paid,Confirmed,2026-03-30,12.0
STU01867,APP01867,Vikas,Sharma,Female,19,Andheri,open,73.54,76.41,77.23,80.02,76.89,Information Technology,2026-04-15,College Visit,Submitted,Eligible,Pending,,1897.0,Not Allocated,Not Paid,Not Confirmed,,
STU01325,APP01325,Ananya,Mehta,Male,20,Vasai,EWS,68.79,90.22,90.94,82.37,84.78,Information Technology,2026-07-02,Education Portal,Submitted,Eligible,Verified,2026-07-06,1561.0,Allocated,Paid,Confirmed,2026-07-15,13.0
STU01547,APP01547,Ishaan,Tiwari,Male,19,Mira Road,OBC,81.01,72.2,74.42,75.85,78.24,Mechanical Engineering,2026-07-21,Advertisement,Submitted,Not Eligible,Pending,,,Not Allocated,Not Paid,Not Confirmed,,
STU00528,APP00528,Aman,Patil,Female,18,Mumbai,OBC,80.99,81.88,84.36,62.12,65.0,Computer Engineering,2026-02-13,College Visit,Submitted,Eligible,Verified,2026-02-21,2871.0,Allocated,Paid,Confirmed,2026-03-01,16.0
STU01445,APP01445,Ayush,Jadhav,Male,18,Navi Mumbai,Open,83.03,62.44,61.48,64.24,65.39,Artificial Intelligence & Data Science,2026-04-25,College Website,Submitted,Not Eligible,Verified,2026-05-10,,Not Allocated,Not Paid,Not Confirmed,,
STU01256,APP01256,Aman,More,F,19,Andheri,Open,92.44,70.89,76.6,74.72,74.11,Computer Engineering,2026-04-21,Friend/Family,Submitted,Eligible,Verified,2026-05-05,2284.0,Allocated,Paid,Confirmed,2026-05-15,24.0
STU00071,APP00071,Pooja,Pawar,Male,18,Thane,SC,85.67,52.79,51.87,66.14,64.27,Information Technology,2026-06-02,Education Portal,Submitted,Not Eligible,Pending,,,Not Allocated,Not Paid,Not Confirmed,,
STU00276,APP00276,Ishaan,Joshi,Female,17,Andheri,Open,86.27,73.19,74.89,62.91,67.43,Computer Engineering,2026-01-20,College Visit,Submitted,Not Eligible,Pending,,,Not Allocated,Not Paid,Not Confirmed,,
STU01055,APP01055,Karan,Gupta,Male,19,Vasai,Open,66.44,72.69,74.51,69.46,72.03,Computer Engineering,2026-01-21,College Website,Submitted,Not Eligible,Incomplete,,,Not Allocated,Not Paid,Not Confirmed,,
STU00412,APP00412,Manav,Joshi,Female,19,Thane,Open,63.37,82.65,80.44,76.38,82.5,Computer Engineering,2026-02-03,College Website,Submitted,Eligible,Verified,2026-02-07,1446.0,Allocated,Paid,Confirmed,2026-02-16,13.0
STU00066,APP00066,Sneha,Shinde,Female,18,Navi Mumbai,Open,89.23,84.3,80.88,70.74,76.47,Electronics Engineering,2026-07-21,Friend/Family,Under Review,Eligible,Verified,2026-07-24,1843.0,Allocated,Paid,Confirmed,2026-08-01,11.0
STU00618,APP00618,Vikas,Mishra,Male,18,Badlapur,EWS,77.12,79.51,77.63,71.36,75.58,Artificial Intelligence & Data Science,2026-07-03,Google Search,Submitted,Eligible,Verified,2026-07-17,1751.0,Allocated,Paid,Confirmed,2026-07-20,17.0
STU01010,APP01010,Shreya,Chavan,Female,18,Kalyan,Open,69.32,73.17,71.48,60.99,65.82,Artificial Intelligence & Data Science,2026-06-19,Education Portal,Under Review,Not Eligible,Pending,,,Not Allocated,Not Paid,Not Confirmed,,
STU01569,APP01569,Pooja,Joshi,Female,19,Navi Mumbai,Open,69.96,62.1,61.69,-10.0,73.12,Artificial Intelligence & Data Science,2026-07-06,College Visit,Submitted,Not Eligible,Verified,2026-07-14,,Not Allocated,Not Paid,Not Confirmed,,
STU01229,APP01229,Krishna,Jadhav,Male,19,Goregaon,ST,87.01,83.94,87.16,120.0,79.74,Artificial Intelligence & Data Science,2026-03-14,Friend/Family,Submitted,Eligible,Verified,2026-03-26,1515.0,Allocated,Pending,Not Confirmed,,
STU00999,APP00999,Akash,Kumar,Female,18,Vasai,sc,91.84,90.14,80.19,75.54,72.51,Computer Engineering,2026-05-13,College Website,Submitted,Eligible,Verified,2026-05-23,2380.0,Allocated,Paid,Confirmed,2026-05-27,14.0
STU01407,APP01407,Sneha,Joshi,Male,20,Virar,Sc,75.94,78.32,82.91,81.46,82.44,Computer Engineering,2026-07-24,College Visit,Under Review,Eligible,Verified,2026-08-01,1679.0,Allocated,Paid,Confirmed,2026-08-03,10.0
STU01499,APP01499,Ayush,Kadam,Female,18,Mira Road,Open,81.98,77.7,78.85,81.71,86.17,Artificial Intelligence & Data Science,2026-02-07,Social Media,Submitted,Eligible,Verified,2026-02-12,1277.0,Allocated,Paid,Confirmed,2026-02-15,8.0
STU00112,APP00112,Dhruv,Gupta,Female,18,Kalyan,SC,87.8,96.75,93.99,90.96,94.91,Computer Engineering,2026-04-01,Advertisement,Submitted,Eligible,Verified,2026-04-07,531.0,Allocated,Paid,Confirmed,2026-04-17,16.0
STU00353,APP00353,Rohan,Tiwari,Female,17,Thane,OBC,75.42,54.85,54.01,60.3,64.81,Computer Engineering,2026-05-11,Education Portal,Submitted,Not Eligible,Verified,2026-05-25,,Not Allocated,Not Paid,Not Confirmed,,
STU01138,APP01138,Dhruv,Deshmukh,Female,20,Dombivli,Open,72.48,66.14,63.04,56.74,59.37,Artificial Intelligence & Data Science,2026-06-25,Friend/Family,Submitted,Not Eligible,Verified,2026-07-08,,Not Allocated,Not Paid,Not Confirmed,,
STU00862,APP00862,Ishaan,Mishra,Female,18,Bhiwandi,ST,73.63,76.86,75.75,77.59,78.38,Mechanical Engineering,2026-01-01,Friend/Family,Submitted,Eligible,Pending,,1531.0,Not Allocated,Not Paid,Not Confirmed,,
STU01062,APP01062,Varun,Naik,Male,18,Vasai,OBC,71.22,77.73,79.59,72.95,76.16,Information Technology,2026-07-17,Friend/Family,Submitted,Eligible,Verified,2026-07-29,1775.0,Allocated,Paid,Confirmed,2026-08-02,16.0
STU00573,APP00573,Nikhil,Chavan,Male,18,Virar,Open,98.0,65.27,63.55,68.2,69.26,Artificial Intelligence & Data Science,2026-01-16,Advertisement,Submitted,Not Eligible,Pending,,,Not Allocated,Not Paid,Not Confirmed,,
STU00927,APP00927,Atharva,Jadhav,Female,18,Vasai,Open,72.67,93.71,91.28,76.68,77.44,Computer Engineering,2026-04-15,Education Portal,Withdrawn,Eligible,Not Submitted,,1620.0,Not Allocated,Not Paid,Not Confirmed,,
STU01408,APP01408,Ananya,Kumar,Male,18,Kalyan,Open,67.66,63.19,62.9,60.15,59.99,Information Technology,2026-05-17,Education Portal,Submitted,Not Eligible,Verified,2026-05-30,,Not Allocated,Not Paid,Not Confirmed,,
STU00439,APP00439,Riya,Gupta,Male,18,Virar,Open,69.14,77.99,77.67,64.87,70.31,Information Technology,2026-02-14,College Visit,Submitted,Eligible,Verified,2026-02-18,2248.0,Allocated,Paid,Confirmed,2026-02-26,12.0
STU01344,APP01344,Arjun,Sharma,Male,20,Dombivli,Open,71.02,93.85,93.19,68.1,73.79,Electronics Engineering,2026-04-10,College Website,Submitted,Eligible,Pending,,1998.0,Not Allocated,Not Paid,Not Confirmed,,
STU00747,APP00747,Ananya,Singh,Male,18,Kalyan,Open,77.93,64.74,61.28,60.41,62.35,Computer Engineering,2026-05-14,Advertisement,Submitted,Not Eligible,Incomplete,,,Not Allocated,Not Paid,Not Confirmed,,
STU01394,APP01394,Tanmay,Naik,Male,18,Bhiwandi,OBC,71.28,60.27,55.79,73.72,70.21,Information Technology,2026-03-30,Google Search,Submitted,Not Eligible,Verified,2026-04-04,,Not Allocated,Not Paid,Not Confirmed,,
STU01447,APP01447,Vikas,Verma,Female,18,Vasai,Open,79.19,79.62,79.56,59.91,71.33,Mechanical Engineering,2026-05-28,College Website,Under Review,Eligible,Verified,2026-06-10,2053.0,Allocated,Paid,Confirmed,2026-06-18,21.0
STU00544,APP00544,Varun,Mehta,Female,18,Thane,Open,71.8,80.39,71.41,68.53,67.33,Artificial Intelligence & Data Science,2026-04-06,Friend/Family,Submitted,Not Eligible,Verified,2026-04-18,,Not Allocated,Not Paid,Not Confirmed,,
STU01305,APP01305,Akash,Deshmukh,Female,18,Bhiwandi,Open,65.85,81.91,75.47,74.78,81.55,Information Technology,2026-07-17,Google Search,Submitted,Eligible,Verified,2026-07-25,1323.0,Allocated,Paid,Confirmed,2026-07-26,9.0
STU01193,APP01193,Pranav,Chavan,Male,20,Virar,Open,72.65,71.77,66.52,67.54,69.72,Information Technology,2026-02-21,Social Media,Under Review,Not Eligible,Verified,2026-03-02,,Not Allocated,Not Paid,Not Confirmed,,
STU01005,APP01005,Ananya,Mehta,Male,18,Goregaon,OBC,70.74,92.77,91.03,69.93,72.69,Computer Engineering,2026-07-20,Social Media,Submitted,Eligible,Verified,2026-07-26,1979.0,Allocated,Pending,Not Confirmed,,
STU00070,APP00070,Riya,Naik,Female,18,Mumbai,OBC,80.01,66.1,65.6,68.94,67.96,Artificial Intelligence & Data Science,2026-01-30,Social Media,Submitted,Not Eligible,Verified,2026-02-03,,Not Allocated,Not Paid,Not Confirmed,,
STU00768,APP00768,Pranav,Gupta,Male,19,Badlapur,OBC,78.69,80.38,81.68,76.09,91.57,Electronics Engineering,2026-03-03,Friend/Family,Submitted,Eligible,Verified,2026-03-05,1090.0,Allocated,Paid,Confirmed,2026-03-10,7.0
STU00556,APP00556,Nikhil,Kulkarni,Male,19,Goregaon,OBC,83.86,66.06,66.6,60.99,68.7,Computer Engineering,2026-05-03,Advertisement,Submitted,Not Eligible,Incomplete,,,Not Allocated,Not Paid,Not Confirmed,,
STU01369,APP01369,Riya,Tiwari,Male,18,Thane,Open,71.56,75.55,66.21,66.78,70.81,Information Technology,2026-05-31,Google Search,Withdrawn,Not Eligible,Not Submitted,,,Not Allocated,Not Paid,Not Confirmed,,
STU01302,APP01302,Ayush,Joshi,Female,18,Badlapur,ST,71.73,86.29,84.4,79.49,82.8,Information Technology,2026-06-11,Friend/Family,Submitted,Eligible,Verified,2026-06-16,1282.0,Allocated,Paid,Confirmed,2026-06-25,14.0
STU01692,APP01692,Pooja,Tiwari,Male,21,Panvel,OBC,76.95,77.08,74.65,69.72,72.24,Computer Engineering,2026-07-22,Education Portal,Submitted,Not Eligible,Pending,,,Not Allocated,Not Paid,Not Confirmed,,
STU01542,APP01542,Dev,Gupta,Male,18,Virar,ST,66.9,76.34,74.89,79.7,77.86,Electronics Engineering,2026-04-11,Social Media,Submitted,Not Eligible,Pending,,,Not Allocated,Not Paid,Not Confirmed,,
STU00583,APP00583,Pooja,Tiwari,Male,19,Thane,Open,69.14,71.49,74.11,69.95,72.89,Electronics Engineering,2026-05-25,Advertisement,Submitted,Not Eligible,Incomplete,,,Not Allocated,Not Paid,Not Confirmed,,
STU00600,APP00600,Mohit,Kumar,Male,19,Panvel,Open,70.25,85.57,83.24,79.22,79.91,Computer Engineering,2026-07-25,College Website,Submitted,Eligible,Verified,2026-07-30,1536.0,Allocated,Paid,Confirmed,2026-08-04,10.0
STU00591,APP00591,Yash,Chavan,Female,21,Andheri,Open,73.28,81.39,84.03,69.69,70.47,Computer Engineering,2026-05-13,Advertisement,Submitted,Eligible,Pending,,2259.0,Not Allocated,Not Paid,Not Confirmed,,
STU01601,APP01601,Ishaan,Chavan,Male,19,Virar,Open,58.55,71.12,78.31,74.33,77.54,Information Technology,2026-07-27,Social Media,Submitted,Eligible,Pending,,1628.0,Not Allocated,Not Paid,Not Confirmed,,
STU00679,APP00679,Dev,Jadhav,Male,18,Badlapur,Open,68.23,72.9,78.59,69.25,74.84,Electronics Engineering,2026-07-28,Education Portal,Submitted,Eligible,Verified,2026-07-31,2077.0,Not Allocated,Not Paid,Not Confirmed,,
STU01906,APP01906,Varun,Chavan,Male,18,Andheri,OBC,85.41,78.73,79.7,70.43,76.14,Artificial Intelligence & Data Science,2026-01-28,College Visit,Submitted,Eligible,Verified,2026-02-05,2158.0,Allocated,Paid,Confirmed,2026-02-10,13.0
STU01819,APP01819,Tanmay,Kadam,Male,19,Bhiwandi,EWS,87.46,67.71,69.48,67.54,75.6,Computer Engineering,2026-07-23,Education Portal,Submitted,Not Eligible,Pending,,,Not Allocated,Not Paid,Not Confirmed,,
STU01091,APP01091,Shreya,Tiwari,Male,20,Andheri,OBC,80.36,88.34,84.28,73.87,73.15,Computer Engineering,2026-07-10,Advertisement,Submitted,Eligible,Verified,2026-07-15,2044.0,Allocated,Paid,Confirmed,2026-07-20,10.0
STU00706,APP00706,Aditya,Yadav,Female,18,Virar,OBC,79.12,70.36,68.88,63.55,68.35,Computer Engineering,2026-01-28,Social Media,Submitted,Not Eligible,Incomplete,,,Not Allocated,Not Paid,Not Confirmed,,
STU00465,APP00465,Rahul,Kumar,Male,19,Kalyan,OBC,87.66,70.53,67.49,53.69,63.75,Computer Engineering,2026-02-07,Friend/Family,Submitted,Not Eligible,Pending,,,Not Allocated,Not Paid,Not Confirmed,,
STU00515,APP00515,Neha,Kumar,female,20,Thane,Open,72.52,81.93,83.57,76.2,79.87,Computer Engineering,2026-06-01,College Visit,Submitted,Eligible,Verified,2026-06-03,1632.0,Allocated,Paid,Confirmed,2026-06-06,5.0
STU01650,APP01650,Pranav,Singh,Female,18,Bhiwandi,Open,92.22,77.13,80.31,69.05,74.94,Information Technology,2026-01-06,College Website,Withdrawn,Eligible,Not Submitted,,2178.0,Not Allocated,Not Paid,Not Confirmed,,
STU01952,APP01952,Krishna,Mishra,Male,18,Goregaon,Open,92.28,69.3,72.95,81.49,84.99,Mechanical Engineering,2026-04-27,Social Media,Submitted,Not Eligible,Pending,,,Not Allocated,Not Paid,Not Confirmed,,
STU00874,APP00874,Manav,Kadam,Male,19,Kalyan,Open,87.28,68.67,65.71,81.77,81.96,Information Technology,2026-04-21,Social Media,Submitted,Not Eligible,Incomplete,,,Not Allocated,Not Paid,Not Confirmed,,
STU01294,APP01294,Mohit,Pawar,MALE,19,Andheri,ST,80.26,77.34,74.89,66.17,69.34,Artificial Intelligence & Data Science,2026-04-01,Advertisement,Submitted,Not Eligible,Verified,2026-04-03,,Not Allocated,Not Paid,Not Confirmed,,
STU00129,APP00129,Arjun,Sharma,Female,17,Vasai,Open,65.49,59.55,63.64,84.36,82.97,Electronics Engineering,2026-06-26,College Visit,Submitted,Not Eligible,Incomplete,,,Not Allocated,Not Paid,Not Confirmed,,
STU01380,APP01380,Shreya,Kadam,Female,18,Andheri,ST,70.0,75.75,77.9,70.78,75.57,Artificial Intelligence & Data Science,2026-01-25,Friend/Family,Submitted,Eligible,Pending,,1939.0,Not Allocated,Not Paid,Not Confirmed,,
STU01690,APP01690,Akash,Jadhav,Male,19,Andheri,OBC,73.91,45.0,44.39,34.2,36.5,Information Technology,2026-03-21,Google Search,Submitted,Not Eligible,Pending,,,Not Allocated,Not Paid,Not Confirmed,,
STU00533,APP00533,Mohit,Naik,Female,18,Badlapur,Open,65.94,80.32,77.59,80.65,80.71,Electronics Engineering,2026-05-25,College Visit,Under Review,Eligible,Verified,2026-06-01,1549.0,Allocated,Paid,Confirmed,2026-06-02,8.0
STU00858,APP00858,Sakshi,Singh,Female,18,Mira Road,Open,82.9,88.74,85.57,84.23,83.72,Computer Engineering,2026-04-28,Friend/Family,Submitted,Eligible,Verified,2026-05-10,1358.0,Allocated,Paid,Confirmed,2026-05-13,15.0
STU00938,APP00938,Sneha,More,Female,19,Panvel,OBC,71.14,68.59,58.61,66.75,71.47,Computer Engineering,2026-03-23,Social Media,Submitted,Not Eligible,Pending,,,Not Allocated,Not Paid,Not Confirmed,,
STU00362,APP00362,Sakshi,Naik,Female,19,Virar,SC,69.56,76.0,80.33,82.43,80.71,Computer Engineering,2026-04-08,Advertisement,Submitted,Eligible,Verified,2026-04-13,1477.0,Allocated,Paid,Confirmed,2026-04-16,8.0
STU00577,APP00577,Arjun,Gupta,Male,18,Andheri,Open,82.15,78.89,75.83,74.41,81.1,Computer Engineering,2026-02-19,Google Search,Submitted,Eligible,Pending,,1345.0,Not Allocated,Not Paid,Not Confirmed,,
STU01914,APP01914,Ayush,Kadam,Female,18,Thane,Open,73.24,72.16,73.19,71.27,73.34,Computer Engineering,2026-04-23,Google Search,Submitted,Not Eligible,Verified,2026-04-29,,Not Allocated,Not Paid,Not Confirmed,,
STU00257,APP00257,Atharva,Kumar,Female,18,Bhiwandi,SC,74.68,77.43,70.33,65.18,72.94,Artificial Intelligence & Data Science,2026-01-01,College Visit,Submitted,Not Eligible,Incomplete,,,Not Allocated,Not Paid,Not Confirmed,,
STU01240,APP01240,Krishna,Gupta,Female,18,Borivali,Open,84.4,92.18,90.91,74.23,78.02,Information Technology,2026-05-06,Advertisement,Under Review,Eligible,Verified,2026-05-10,1823.0,Allocated,Pending,Not Confirmed,,
STU01090,APP01090,Atharva,Naik,Male,19,Mira Road,OBC,90.72,77.24,76.37,68.66,71.75,Artificial Intelligence & Data Science,2026-05-03,Friend/Family,Submitted,Eligible,Pending,,2458.0,Not Allocated,Not Paid,Not Confirmed,,
STU00487,APP00487,Varun,More,Male,19,Virar,OBC,73.55,71.02,75.62,76.41,75.09,Information Technology,2026-06-05,College Visit,Submitted,Eligible,Verified,2026-06-10,2126.0,Allocated,Paid,Confirmed,2026-06-11,6.0
STU00343,APP00343,Vikas,Kulkarni,Female,20,Virar,Open,72.33,76.7,81.54,68.44,74.53,Computer Engineering,2026-03-25,College Website,Under Review,Eligible,Incomplete,,1988.0,Not Allocated,Not Paid,Not Confirmed,,
STU00813,APP00813,Pooja,Kadam,MALE,18,Mira Road,OBC,79.81,58.85,62.08,71.41,65.87,Information Technology,2026-07-11,Friend/Family,Under Review,Not Eligible,Incomplete,,,Not Allocated,Not Paid,Not Confirmed,,
STU01176,APP01176,Karan,Kadam,Female,21,Andheri,EWS,75.88,70.82,72.86,59.45,67.34,Information Technology,2026-03-14,Social Media,Withdrawn,Not Eligible,Not Submitted,,,Not Allocated,Not Paid,Not Confirmed,,
STU01042,APP01042,Aryan,Kumar,Male,18,Kalyan,Open,70.39,72.27,68.08,79.1,74.26,Computer Engineering,2026-07-01,Friend/Family,Submitted,Not Eligible,Pending,,,Not Allocated,Not Paid,Not Confirmed,,
STU01581,APP01581,Ishaan,Naik,Female,19,Vasai,OBC,75.01,66.37,67.53,72.55,77.52,Computer Engineering,2026-06-01,Google Search,Submitted,Not Eligible,Incomplete,,,Not Allocated,Not Paid,Not Confirmed,,
STU01891,APP01891,Vikas,Shinde,Female,18,Navi Mumbai,Open,74.1,85.31,86.33,72.47,84.77,Computer Engineering,2026-06-05,Education Portal,Submitted,Eligible,Verified,2026-06-14,1403.0,Allocated,Pending,Not Confirmed,,
STU00308,APP00308,Shreya,Naik,Female,18,Goregaon,Open,93.34,91.63,90.53,74.47,79.65,Mechanical Engineering,2026-06-09,Friend/Family,Submitted,Eligible,Verified,2026-06-20,1485.0,Allocated,Paid,Confirmed,2026-06-22,13.0
STU01420,APP01420,Dev,Mishra,Female,19,Kalyan,SC,70.72,91.58,88.86,77.15,81.04,Computer Engineering,2026-05-30,College Website,Submitted,Eligible,Verified,2026-06-08,1590.0,Allocated,Pending,Not Confirmed,,
STU00520,APP00520,Ayush,Singh,Male,18,Navi Mumbai,ST,70.56,79.92,77.28,68.67,75.7,Information Technology,2026-07-26,Friend/Family,Submitted,Eligible,Verified,2026-08-01,2125.0,Allocated,Paid,Confirmed,2026-08-11,16.0
STU01122,APP01122,Sakshi,Chavan,Female,20,Navi Mumbai,Open,82.48,75.38,70.24,63.17,63.38,Computer Engineering,2026-05-31,College Visit,Submitted,Not Eligible,Incomplete,,,Not Allocated,Not Paid,Not Confirmed,,
STU00681,APP00681,Karan,Shinde,Female,18,Borivali,sc,76.34,51.12,50.23,59.86,65.67,Computer Engineering,2026-06-20,College Website,Submitted,Not Eligible,Pending,,,Not Allocated,Not Paid,Not Confirmed,,
STU00234,APP00234,Sneha,Deshmukh,Male,18,Badlapur,Open,91.41,74.24,80.89,73.25,76.13,Mechanical Engineering,2026-01-25,College Visit,Submitted,Eligible,Verified,2026-02-06,1868.0,Allocated,Paid,Confirmed,2026-02-16,22.0
STU00232,APP00232,Rohan,Yadav,Male,18,Mumbai,Open,84.46,82.73,85.1,69.83,75.92,Computer Engineering,2026-03-05,Friend/Family,Submitted,Eligible,Verified,2026-03-14,1910.0,Allocated,Paid,Confirmed,2026-03-24,19.0
STU00584,APP00584,Aman,More,Female,19,Bhiwandi,Open,69.31,80.76,73.77,64.0,68.44,Computer Engineering,2026-03-09,Education Portal,Submitted,Not Eligible,Incomplete,,,Not Allocated,Not Paid,Not Confirmed,,
STU01551,APP01551,Karan,Shinde,Male,17,Thane,EWS,79.29,68.43,74.33,58.15,62.62,Information Technology,2026-03-03,Education Portal,Submitted,Not Eligible,Pending,,,Not Allocated,Not Paid,Not Confirmed,,
STU01838,APP01838,Rahul,Singh,Female,18,Panvel,Open,67.88,68.35,68.18,74.24,70.17,Information Technology,2026-01-25,Advertisement,Submitted,Not Eligible,Incomplete,,,Not Allocated,Not Paid,Not Confirmed,,
STU00893,APP00893,Nikhil,Yadav,Male,20,Kalyan,Open,88.45,71.63,76.68,52.82,62.44,Mechanical Engineering,2026-05-09,Education Portal,Submitted,Eligible,Verified,2026-05-19,3104.0,Allocated,Pending,Not Confirmed,,
STU01232,APP01232,Riya,Jadhav,Female,17,Borivali,OBC,73.36,73.27,78.65,80.9,84.1,Artificial Intelligence & Data Science,2026-04-19,Friend/Family,Submitted,Eligible,Verified,2026-04-30,1245.0,Allocated,Paid,Confirmed,2026-05-09,20.0
STU00789,APP00789,Pranav,Pawar,Male,18,Virar,Open,96.24,96.6,92.12,72.87,82.11,Computer Engineering,2026-03-09,Google Search,Under Review,Eligible,Verified,2026-03-15,1494.0,Not Allocated,Not Paid,Not Confirmed,,
STU00839,APP00839,Aditya,Joshi,Male,18,,ST,70.45,68.58,67.72,39.41,44.44,Computer Engineering,2026-05-18,Advertisement,Submitted,Not Eligible,Incomplete,,,Not Allocated,Not Paid,Not Confirmed,,
STU01086,APP01086,Rohan,Kadam,Male,18,Andheri,OBC,73.88,74.52,72.89,66.79,66.03,Electronics Engineering,2026-06-25,College Website,Submitted,Not Eligible,Verified,2026-07-06,,Not Allocated,Not Paid,Not Confirmed,,
STU00355,APP00355,Pooja,Patil,Female,18,Mira Road,OBC,71.04,76.01,76.8,67.45,68.35,Information Technology,2026-07-26,Social Media,Submitted,Eligible,Verified,2026-08-08,2227.0,Allocated,Paid,Confirmed,2026-08-09,14.0
STU01693,APP01693,Aditya,Patil,Female,18,Thane,OBC,69.0,63.97,58.64,51.09,52.8,Information Technology,2026-03-21,College Website,Under Review,Not Eligible,Incomplete,,,Not Allocated,Not Paid,Not Confirmed,,
STU01158,APP01158,Sakshi,Patil,Male,18,Badlapur,Open,98.0,74.74,75.63,59.29,69.02,Computer Engineering,2026-05-07,College Website,Submitted,Eligible,Pending,,2366.0,Not Allocated,Not Paid,Not Confirmed,,
STU01785,APP01785,Vikas,Chavan,Female,18,Mira Road,Open,69.39,72.44,71.58,78.61,84.04,Computer Engineering,2026-02-01,College Visit,Under Review,Not Eligible,Verified,2026-02-11,,Not Allocated,Not Paid,Not Confirmed,,
STU00306,APP00306,Sakshi,Joshi,Female,18,Badlapur,Open,78.16,64.14,54.85,68.62,65.32,Artificial Intelligence & Data Science,2026-01-12,Education Portal,Submitted,Not Eligible,Incomplete,,,Not Allocated,Not Paid,Not Confirmed,,
STU00472,APP00472,Vikas,Patil,Male,21,Thane,EWS,71.53,69.7,72.63,64.76,70.12,Computer Engineering,2026-06-10,Advertisement,Submitted,Not Eligible,Incomplete,,,Not Allocated,Not Paid,Not Confirmed,,
STU01683,APP01683,Karan,Chavan,Female,19,Virar,EWS,68.12,78.61,77.95,54.26,61.62,Artificial Intelligence & Data Science,2026-07-02,Advertisement,Submitted,Eligible,Verified,2026-07-08,3157.0,Allocated,Pending,Not Confirmed,,
STU00932,APP00932,Rohan,Kadam,Male,18,Vasai,ST,75.19,72.48,81.07,76.33,75.45,Electronics Engineering,2026-07-11,College Visit,Submitted,Eligible,Verified,2026-07-18,2195.0,Allocated,Pending,Not Confirmed,,
STU01566,APP01566,Pranav,Naik,Male,18,Borivali,Open,67.78,75.48,71.99,73.13,72.21,Computer Engineering,2026-01-26,Friend/Family,Withdrawn,Not Eligible,Not Submitted,,,Not Allocated,Not Paid,Not Confirmed,,
STU01481,APP01481,Atharva,Shinde,Female,19,Virar,SC,92.03,54.06,55.9,62.86,58.77,Electronics Engineering,2026-03-24,Google Search,Submitted,Not Eligible,Pending,,,Not Allocated,Not Paid,Not Confirmed,,
STU01111,APP01111,Riya,Kumar,Female,18,Badlapur,Open,81.07,73.48,73.03,64.11,66.02,Information Technology,2026-06-26,College Website,Submitted,Not Eligible,Incomplete,,,Not Allocated,Not Paid,Not Confirmed,,
STU01587,APP01587,Arjun,Tiwari,Male,19,Thane,Open,75.87,61.07,65.96,53.19,61.22,Mechanical Engineering,2026-07-10,Social Media,Submitted,Not Eligible,Incomplete,,,Not Allocated,Not Paid,Not Confirmed,,
STU01271,APP01271,Manav,Kulkarni,Female,20,Dombivli,Open,85.38,93.1,91.14,78.52,86.89,Artificial Intelligence & Data Science,2026-06-08,Advertisement,Submitted,Eligible,Verified,2026-06-19,1102.0,Allocated,Paid,Confirmed,2026-06-26,18.0
STU00819,APP00819,Krishna,More,Male,17,Andheri,Open,75.62,68.26,65.85,60.11,67.73,Artificial Intelligence & Data Science,2026-01-02,College Visit,Submitted,Not Eligible,Pending,,,Not Allocated,Not Paid,Not Confirmed,,
STU00121,APP00121,Rahul,Verma,Male,18,Goregaon,Open,76.82,65.65,64.89,64.35,70.22,Computer Engineering,2026-01-04,College Visit,Withdrawn,Not Eligible,Not Submitted,,,Not Allocated,Not Paid,Not Confirmed,,
STU01361,APP01361,Aarav,Sharma,Male,18,Bhiwandi,EWS,84.85,82.72,76.59,71.14,69.62,Electronics Engineering,2026-05-23,Friend/Family,Under Review,Eligible,Pending,,2487.0,Not Allocated,Not Paid,Not Confirmed,,
STU01894,APP01894,Neha,Pawar,Female,20,Borivali,Open,76.47,77.37,77.15,74.55,76.81,Computer Engineering,2026-05-19,College Visit,Withdrawn,Eligible,Not Submitted,,1677.0,Not Allocated,Not Paid,Not Confirmed,,
STU00820,APP00820,Ishaan,Jadhav,Female,18,Virar,EWS,73.5,76.87,70.9,76.13,73.18,Mechanical Engineering,2026-04-22,Education Portal,Submitted,Not Eligible,Pending,,,Not Allocated,Not Paid,Not Confirmed,,
STU01164,APP01164,Sakshi,Verma,Female,18,Andheri,SC,60.19,71.65,65.74,45.15,52.19,Artificial Intelligence & Data Science,2026-07-02,Advertisement,Submitted,Not Eligible,Verified,2026-07-13,,Not Allocated,Not Paid,Not Confirmed,,
STU00428,APP00428,Sneha,Kulkarni,Male,19,Vasai,Open,87.84,64.65,66.6,73.12,70.14,Computer Engineering,2026-06-03,Education Portal,Submitted,Not Eligible,Incomplete,,,Not Allocated,Not Paid,Not Confirmed,,
STU00136,APP00136,Aditya,Chavan,Female,19,Panvel,Open,82.08,70.43,64.95,73.62,66.63,Mechanical Engineering,2026-03-06,College Website,Submitted,Not Eligible,Pending,,,Not Allocated,Not Paid,Not Confirmed,,
STU01508,APP01508,Aman,Mishra,Male,18,Navi Mumbai,SC,76.39,90.14,86.69,60.58,71.7,Artificial Intelligence & Data Science,2026-02-21,College Website,Withdrawn,Eligible,Not Submitted,,2365.0,Not Allocated,Not Paid,Not Confirmed,,
STU00375,APP00375,Aryan,Deshmukh,Male,20,Vasai,Open,75.36,61.51,62.81,75.06,74.2,Artificial Intelligence & Data Science,2026-04-05,College Website,Under Review,Not Eligible,Pending,,,Not Allocated,Not Paid,Not Confirmed,,
STU00317,APP00317,Arjun,Mehta,Female,19,Navi Mumbai,OPEN,84.17,94.49,93.79,83.61,87.6,Electronics Engineering,2026-07-30,Friend/Family,Submitted,Eligible,Verified,2026-08-04,885.0,Allocated,Paid,Confirmed,2026-08-06,7.0
STU00430,APP00430,Pranav,Yadav,Male,17,Andheri,Open,80.02,85.6,87.45,68.75,71.64,Artificial Intelligence & Data Science,2026-03-05,Friend/Family,Submitted,Eligible,Verified,2026-03-17,2167.0,Allocated,Paid,Confirmed,2026-03-27,22.0
STU00255,APP00255,Sneha,Kadam,Female,18,Thane,EWS,78.06,69.4,72.2,72.32,74.05,Artificial Intelligence & Data Science,2026-01-29,Advertisement,Submitted,Not Eligible,Verified,2026-02-07,,Not Allocated,Not Paid,Not Confirmed,,
STU00415,APP00415,Krishna,Kulkarni,Male,18,Borivali,EWS,82.37,71.32,68.1,65.24,69.53,Electronics Engineering,2026-05-24,Google Search,Submitted,Not Eligible,Pending,,,Not Allocated,Not Paid,Not Confirmed,,
STU01126,APP01126,Shreya,Kumar,Male,19,Navi Mumbai,Open,66.82,68.26,67.37,64.99,70.79,Mechanical Engineering,2026-04-08,Social Media,Submitted,Not Eligible,Incomplete,,,Not Allocated,Not Paid,Not Confirmed,,
STU00110,APP00110,Ayush,Deshmukh,Male,18,Goregaon,Open,85.9,65.98,64.86,77.91,79.31,Electronics Engineering,2026-01-23,Social Media,Submitted,Not Eligible,Verified,2026-02-01,,Not Allocated,Not Paid,Not Confirmed,,
STU01675,APP01675,Yash,Chavan,Male,18,Kalyan,Open,75.17,72.46,75.35,72.85,70.81,Computer Engineering,2026-07-31,Google Search,Submitted,Eligible,Verified,2026-08-02,2426.0,Allocated,Pending,Not Confirmed,,
STU01250,APP01250,Manav,Verma,Female,19,Mira Road,OBC,82.59,79.41,86.92,75.28,77.15,Information Technology,2026-03-10,College Visit,Submitted,Eligible,Verified,2026-03-22,1602.0,Allocated,Pending,Not Confirmed,,
STU00571,APP00571,Manav,Mishra,Female,18,Kalyan,EWS,87.0,97.0,90.16,85.34,89.39,Computer Engineering,2026-03-10,College Visit,Submitted,Eligible,Verified,2026-03-12,820.0,Allocated,Pending,Not Confirmed,,
STU00240,APP00240,Aman,Mehta,Male,18,Mira Road,SC,79.41,76.27,78.56,65.45,74.13,Artificial Intelligence & Data Science,2026-03-28,Advertisement,Submitted,Eligible,Verified,2026-04-08,1878.0,Allocated,Paid,Confirmed,2026-04-11,14.0
STU01608,APP01608,Aarav,Kumar,Male,19,Badlapur,OBC,68.8,87.01,,75.03,81.78,Electronics Engineering,2026-05-09,College Website,Under Review,Eligible,Verified,2026-05-23,1626.0,Allocated,Paid,Confirmed,2026-05-29,20.0
STU00394,APP00394,Yash,Gupta,Male,17,Thane,Open,79.79,73.23,75.03,64.63,69.57,Electronics Engineering,2026-05-15,Google Search,Submitted,Eligible,Verified,2026-05-20,2229.0,Allocated,Paid,Confirmed,2026-05-25,10.0
STU01135,APP01135,Ananya,Joshi,Male,19,Mumbai,Open,66.6,66.1,63.35,56.53,60.63,Computer Engineering,2026-03-11,Social Media,Submitted,Not Eligible,Incomplete,,,Not Allocated,Not Paid,Not Confirmed,,
STU00213,APP00213,Krishna,Pawar,Male,20,Andheri,Open,81.39,75.71,80.21,64.41,75.27,Information Technology,2026-05-12,College Website,Submitted,Eligible,Verified,2026-05-19,1952.0,Allocated,Paid,Confirmed,2026-05-29,17.0
STU01570,APP01570,Akash,Naik,Female,18,Dombivli,Open,72.45,64.21,65.62,63.46,69.68,Electronics Engineering,2026-04-08,Friend/Family,Submitted,Not Eligible,Verified,2026-04-12,,Not Allocated,Not Paid,Not Confirmed,,
STU01375,APP01375,Akash,Tiwari,Male,18,Borivali,Open,63.73,79.56,82.15,80.16,,Artificial Intelligence & Data Science,2026-02-27,Friend/Family,Under Review,Eligible,Verified,2026-03-07,1890.0,Allocated,Paid,Confirmed,2026-03-11,12.0
STU00782,APP00782,Aryan,Shinde,Male,19,Goregaon,Open,62.87,53.06,54.27,66.4,66.94,Electronics Engineering,2026-03-05,Advertisement,Submitted,Not Eligible,Verified,2026-03-16,,Not Allocated,Not Paid,Not Confirmed,,
STU01770,APP01770,Vikas,Yadav,Female,17,Mira Road,OBC,75.92,91.21,96.26,70.15,76.09,Artificial Intelligence & Data Science,2026-07-13,Education Portal,Under Review,Eligible,Verified,2026-07-20,2090.0,Allocated,Paid,Confirmed,2026-07-24,11.0
STU00352,APP00352,Aryan,Tiwari,Male,18,Navi Mumbai,OBC,94.04,82.19,76.92,67.77,68.35,Computer Engineering,2026-03-25,Advertisement,Submitted,Eligible,Verified,2026-04-04,2442.0,Allocated,Paid,Confirmed,2026-04-08,14.0
STU01428,APP01428,Karan,Tiwari,Male,18,Vasai,SC,98.0,88.57,93.06,90.95,96.7,Computer Engineering,2026-06-17,College Visit,Under Review,Eligible,Verified,2026-07-01,718.0,Allocated,Paid,Confirmed,2026-07-08,21.0
STU00580,APP00580,Akash,Kulkarni,Female,19,Virar,Open,90.22,91.74,93.57,65.54,72.86,Information Technology,2026-03-25,Advertisement,Under Review,Eligible,Pending,,2041.0,Not Allocated,Not Paid,Not Confirmed,,
STU00345,APP00345,Yash,Shinde,Male,18,Dombivli,OBC,83.48,83.14,82.45,68.69,75.7,Information Technology,2026-04-09,Google Search,Submitted,Eligible,Verified,2026-04-18,2087.0,Allocated,Paid,Confirmed,2026-04-24,15.0
STU00773,APP00773,Neha,Singh,Male,18,Virar,OBC,71.6,77.17,78.11,63.18,68.12,Information Technology,2026-03-17,Social Media,Submitted,Eligible,Verified,2026-03-20,2643.0,Allocated,Paid,Confirmed,2026-03-25,8.0
STU00282,APP00282,Varun,Deshmukh,Female,20,Borivali,Open,87.21,84.48,75.49,66.32,,Information Technology,2026-01-17,College Visit,Under Review,Eligible,Verified,2026-01-27,2324.0,Not Allocated,Not Paid,Not Confirmed,,
STU01563,APP01563,Aman,Mehta,Female,18,Badlapur,Open,86.74,63.27,63.82,56.44,60.51,Computer Engineering,2026-05-20,Google Search,Submitted,Not Eligible,Pending,,,Not Allocated,Not Paid,Not Confirmed,,
STU00531,APP00531,Mohit,Chavan,Female,17,Mumbai,OBC,71.91,80.16,79.06,68.77,76.8,Information Technology,2026-01-23,Social Media,Submitted,Eligible,Verified,2026-01-31,1695.0,Allocated,Paid,Confirmed,2026-02-09,17.0
STU01272,APP01272,Sneha,More,Male,18,Navi Mumbai,Open,79.81,62.9,61.53,45.22,53.15,Electronics Engineering,2026-02-04,College Website,Submitted,Not Eligible,Pending,,,Not Allocated,Not Paid,Not Confirmed,,
STU01613,APP01613,Ananya,Shinde,Male,19,Navi Mumbai,ST,62.14,78.8,79.25,80.21,82.04,Computer Engineering,2026-04-13,College Website,Under Review,Eligible,Incomplete,,1398.0,Not Allocated,Not Paid,Not Confirmed,,
STU01161,APP01161,Riya,Verma,Male,19,Bhiwandi,OBC,88.07,77.65,76.51,70.56,68.57,Computer Engineering,2026-04-23,College Visit,Under Review,Eligible,Verified,2026-05-05,2547.0,Allocated,Paid,Confirmed,2026-05-08,15.0
DUP25374,APP00564,Sakshi,Naik,Female,18,Mira Road,Open,78.45,82.32,79.83,73.15,72.54,Electronics Engineering,2026-03-14,Social Media,Submitted,Eligible,Pending,,2044.0,Not Allocated,Not Paid,Not Confirmed,,
STU00212,APP00212,Pranav,Patil,Male,20,Dombivli,OBC,72.89,86.86,87.25,75.92,81.57,Computer Engineering,2026-04-24,Friend/Family,Submitted,Eligible,Verified,2026-05-02,1539.0,Allocated,Pending,Not Confirmed,,
STU00351,APP00351,Ishaan,Yadav,Male,19,Mumbai,SC,88.65,64.22,70.89,79.67,80.77,Information Technology,2026-05-21,College Visit,Submitted,Not Eligible,Incomplete,,,Not Allocated,Not Paid,Not Confirmed,,
STU00325,APP00325,Aryan,Verma,Female,18,Vasai,OBC,82.89,78.0,79.06,82.32,83.57,Information Technology,2026-03-31,College Visit,Submitted,Eligible,Verified,2026-04-14,1520.0,Allocated,Paid,Confirmed,2026-04-16,16.0
STU00562,APP00562,Vikas,Chavan,Male,18,Mumbai,Open,63.09,69.5,71.94,63.88,70.73,Computer Engineering,2026-01-26,Social Media,Submitted,Not Eligible,Incomplete,,,Not Allocated,Not Paid,Not Confirmed,,
STU01808,APP01808,Akash,Gupta,Male,20,Panvel,Open,86.93,88.33,93.12,72.79,,Information Technology,2026-04-01,Education Portal,Under Review,Eligible,Verified,2026-04-12,1471.0,Allocated,Paid,Confirmed,2026-04-16,15.0
STU00713,APP00713,Atharva,Kadam,Female,21,Kalyan,ST,86.06,58.6,57.81,69.62,71.17,Artificial Intelligence & Data Science,2026-01-30,Google Search,Submitted,Not Eligible,Verified,2026-02-11,,Not Allocated,Not Paid,Not Confirmed,,
STU01624,APP01624,Sakshi,Tiwari,Female,18,Kalyan,ST,76.2,65.08,68.55,68.3,68.15,Electronics Engineering,2026-06-16,Social Media,Submitted,Not Eligible,Incomplete,,,Not Allocated,Not Paid,Not Confirmed,,
DUP83419,APP00191,Ishaan,Shinde,Female,19,Mumbai,Open,86.55,93.11,92.69,77.55,81.34,Computer Engineering,2026-02-14,Social Media,Under Review,Eligible,Verified,2026-02-16,1371.0,Allocated,Paid,Confirmed,2026-02-25,11.0
STU00050,APP00050,Rohan,Deshmukh,Male,20,Dombivli,Open,78.67,75.85,79.04,62.76,73.07,Mechanical Engineering,2026-04-12,Google Search,Submitted,Eligible,Verified,2026-04-24,2216.0,Allocated,Paid,Confirmed,2026-04-30,18.0
STU00211,APP00211,Sakshi,Deshmukh,Male,20,Mumbai,OBC,95.65,87.27,85.48,66.28,69.9,Artificial Intelligence & Data Science,2026-02-09,Google Search,Submitted,Eligible,Incomplete,,2493.0,Not Allocated,Not Paid,Not Confirmed,,
STU01327,APP01327,Nikhil,Joshi,Male,18,Panvel,SC,68.22,77.03,79.63,83.68,81.51,Computer Engineering,2026-04-15,College Website,Submitted,Eligible,Pending,,1356.0,Not Allocated,Not Paid,Not Confirmed,,
STU01360,APP01360,Dhruv,Sharma,Male,18,Mira Road,Open,69.66,67.41,64.51,60.49,64.8,Mechanical Engineering,2026-01-01,College Visit,Submitted,Not Eligible,Verified,2026-01-10,,Not Allocated,Not Paid,Not Confirmed,,
STU01982,APP01982,Pranav,Kumar,Male,20,Borivali,OBC,82.13,71.23,65.73,65.95,68.12,Electronics Engineering,2026-05-31,Advertisement,Submitted,Not Eligible,Pending,,,Not Allocated,Not Paid,Not Confirmed,,
STU00655,APP00655,Atharva,Deshmukh,Female,18,Mumbai,Open,82.49,83.54,87.29,68.92,,Mechanical Engineering,2026-05-10,Google Search,Submitted,Eligible,Verified,2026-05-20,2342.0,Allocated,Paid,Confirmed,2026-05-24,14.0
STU01119,APP01119,Karan,Joshi,Male,18,Dombivli,OBC,78.13,79.86,79.24,76.3,79.9,Computer Engineering,2026-03-30,Social Media,Submitted,Eligible,Pending,,1564.0,Not Allocated,Not Paid,Not Confirmed,,
STU01955,APP01955,Ishaan,Yadav,Male,18,Borivali,Open,71.8,78.67,80.91,66.74,68.89,Electronics Engineering,2026-01-20,Social Media,Under Review,Eligible,Verified,2026-01-24,2437.0,Allocated,Paid,Confirmed,2026-02-01,12.0
STU00174,APP00174,Arjun,Jadhav,Male,18,Andheri,Open,77.68,82.33,80.53,89.18,82.66,Computer Engineering,2026-05-19,Social Media,Under Review,Eligible,Verified,2026-05-29,1470.0,Not Allocated,Not Paid,Not Confirmed,,
STU00290,APP00290,Dhruv,Shinde,Female,19,Virar,Open,83.56,78.6,76.44,55.54,,Computer Engineering,2026-03-14,Advertisement,Submitted,Eligible,Verified,2026-03-17,2457.0,Allocated,Pending,Not Confirmed,,
STU00421,APP00421,Krishna,Kadam,Male,18,Dombivli,Open,88.65,92.74,88.8,83.38,89.82,Information Technology,2026-03-24,College Visit,Under Review,Eligible,Verified,2026-04-06,815.0,Allocated,Paid,Confirmed,2026-04-09,16.0
STU00248,APP00248,Ananya,Chavan,Male,20,Kalyan,Open,86.62,70.27,63.6,57.35,71.14,Computer Engineering,2026-07-29,Education Portal,Withdrawn,Not Eligible,Not Submitted,,,Not Allocated,Not Paid,Not Confirmed,,
STU00238,APP00238,Arjun,Jadhav,Female,17,Andheri,Open,74.78,61.76,60.69,61.24,61.98,Mechanical Engineering,2026-05-05,Google Search,Submitted,Not Eligible,Incomplete,,,Not Allocated,Not Paid,Not Confirmed,,
STU01476,APP01476,Aditya,Kumar,Female,17,Vasai,SC,70.64,79.62,74.73,53.88,60.16,Artificial Intelligence & Data Science,2026-03-17,Google Search,Submitted,Not Eligible,Verified,2026-03-21,,Not Allocated,Not Paid,Not Confirmed,,
STU01357,APP01357,Aman,Kumar,Female,18,Bhiwandi,Open,70.98,77.18,75.76,74.26,78.83,Artificial Intelligence & Data Science,2026-02-23,College Visit,Submitted,Eligible,Verified,2026-03-05,1972.0,Allocated,Pending,Not Confirmed,,
STU01084,APP01084,Arjun,Joshi,Female,18,Borivali,Open,62.16,72.29,,54.61,60.73,Electronics Engineering,2026-06-12,College Website,Submitted,Not Eligible,Pending,,,Not Allocated,Not Paid,Not Confirmed,,
STU00024,APP00024,Rahul,Mehta,Male,20,Navi Mumbai,Open,78.07,68.27,67.32,62.31,65.25,Information Technology,2026-04-06,Advertisement,Submitted,Not Eligible,Verified,2026-04-10,,Not Allocated,Not Paid,Not Confirmed,,
STU00977,APP00977,Nikhil,Gupta,Female,18,Bhiwandi,SC,92.41,84.92,84.3,62.27,65.63,Computer Engineering,2026-01-17,Social Media,Submitted,Eligible,Verified,2026-01-22,2822.0,Allocated,Paid,Confirmed,2026-01-29,12.0
STU00064,APP00064,Yash,Shinde,Male,18,Andheri,Open,75.07,86.52,83.15,63.31,66.57,Mechanical Engineering,2026-07-27,Google Search,Submitted,Eligible,Verified,2026-08-04,2353.0,Allocated,Pending,Not Confirmed,,
STU01727,APP01727,Tanmay,Singh,Female,19,Mira Road,Open,76.37,62.41,56.79,67.16,67.02,Mechanical Engineering,2026-04-27,Education Portal,Submitted,Not Eligible,Incomplete,,,Not Allocated,Not Paid,Not Confirmed,,
STU00189,APP00189,Ananya,Kadam,Male,18,Dombivli,ST,82.62,73.4,76.36,70.03,77.65,Electronics Engineering,2026-02-07,Google Search,Submitted,Eligible,Pending,,1841.0,Not Allocated,Not Paid,Not Confirmed,,
STU00708,APP00708,Karan,Sharma,Female,20,Navi Mumbai,Open,69.81,55.36,58.38,57.97,65.21,Artificial Intelligence & Data Science,2026-05-17,Google Search,Submitted,Not Eligible,Pending,,,Not Allocated,Not Paid,Not Confirmed,,
STU00983,APP00983,Ananya,Mishra,Female,18,Bhiwandi,Open,76.03,78.43,77.35,71.46,74.51,Computer Engineering,2026-06-07,College Visit,Submitted,Eligible,Verified,2026-06-16,1885.0,Allocated,Pending,Not Confirmed,,
STU01767,APP01767,Rohan,Deshmukh,Male,18,Vasai,Open,77.56,79.75,79.08,50.52,52.13,Artificial Intelligence & Data Science,2026-05-26,Advertisement,Submitted,Not Eligible,Verified,2026-06-02,,Not Allocated,Not Paid,Not Confirmed,,
STU00742,APP00742,Arjun,Pawar,Male,20,Virar,Open,67.49,73.5,72.03,62.29,71.19,Electronics Engineering,2026-04-14,College Visit,Submitted,Not Eligible,Pending,,,Not Allocated,Not Paid,Not Confirmed,,
STU00916,APP00916,Vikas,More,Female,18,Vasai,OBC,65.66,75.39,79.26,74.91,78.09,Electronics Engineering,2026-02-12,Education Portal,Under Review,Eligible,Verified,2026-02-18,1847.0,Not Allocated,Not Paid,Not Confirmed,,
STU01429,APP01429,Atharva,Shinde,Male,18,Vasai,OBC,78.68,79.37,86.16,73.78,78.0,Mechanical Engineering,2026-03-01,College Visit,Withdrawn,Eligible,Not Submitted,,1841.0,Not Allocated,Not Paid,Not Confirmed,,
STU01037,APP01037,Mohit,Singh,Female,21,Badlapur,SC,85.38,71.32,68.13,66.9,75.85,Computer Engineering,2026-06-24,Social Media,Submitted,Not Eligible,Verified,2026-07-02,,Not Allocated,Not Paid,Not Confirmed,,
STU00197,APP00197,Dev,Mishra,Female,18,Thane,Open,70.02,78.69,79.1,57.32,60.41,Artificial Intelligence & Data Science,2026-07-23,Friend/Family,Withdrawn,Eligible,Not Submitted,,2830.0,Not Allocated,Not Paid,Not Confirmed,,
STU01695,APP01695,Rohan,Singh,Female,18,Bhiwandi,Open,97.28,90.4,87.43,75.77,78.73,Computer Engineering,2026-07-09,College Visit,Submitted,Eligible,Verified,2026-07-12,1746.0,Allocated,Paid,Confirmed,2026-07-15,6.0
STU00949,APP00949,Yash,Patil,Female,18,Panvel,OBC,65.01,82.38,89.36,81.69,85.13,Information Technology,2026-07-05,Friend/Family,Submitted,Eligible,Verified,2026-07-12,1325.0,Allocated,Paid,Confirmed,2026-07-16,11.0
STU01932,APP01932,Akash,Joshi,Male,18,Badlapur,OPEN,84.76,85.97,86.46,84.96,82.01,Electronics Engineering,2026-06-17,Education Portal,Submitted,Eligible,Verified,2026-06-28,1377.0,Allocated,Paid,Confirmed,2026-07-05,18.0
STU00271,APP00271,Rohan,Chavan,Male,18,Borivali,Open,73.56,90.44,85.41,78.65,83.96,Computer Engineering,2026-04-24,Social Media,Submitted,Eligible,Verified,2026-05-03,1144.0,Allocated,Pending,Not Confirmed,,
STU00756,APP00756,Rahul,Jadhav,Female,19,Bhiwandi,Open,96.38,64.36,62.93,53.73,60.31,Artificial Intelligence & Data Science,2026-04-03,College Website,Submitted,Not Eligible,Incomplete,,,Not Allocated,Not Paid,Not Confirmed,,
STU00101,APP00101,Atharva,Kumar,Female,19,Mira Road,Open,77.14,78.79,81.22,71.77,77.43,Information Technology,2026-01-30,College Visit,Submitted,Eligible,Verified,2026-02-04,1818.0,Allocated,Paid,Confirmed,2026-02-10,11.0
STU01670,APP01670,Nikhil,Naik,Female,19,Virar,Open,85.25,77.71,78.24,61.36,63.08,Mechanical Engineering,2026-05-18,Advertisement,Submitted,Eligible,Verified,2026-05-23,2781.0,Allocated,Paid,Confirmed,2026-05-30,12.0
STU00535,APP00535,Aditya,Verma,Female,18,Andheri,Open,77.95,69.43,68.41,64.31,62.6,Electronics Engineering,2026-05-30,Google Search,Submitted,Not Eligible,Verified,2026-06-03,,Not Allocated,Not Paid,Not Confirmed,,
STU01959,APP01959,Mohit,Gupta,Female,19,Dombivli,OBC,87.95,76.45,73.59,73.38,73.27,Electronics Engineering,2026-02-03,Google Search,Submitted,Not Eligible,Pending,,,Not Allocated,Not Paid,Not Confirmed,,
STU00221,APP00221,Karan,More,Female,19,Kalyan,EWS,63.12,88.03,84.61,76.32,80.3,Information Technology,2026-03-27,Advertisement,Submitted,Eligible,Verified,2026-03-31,1419.0,Allocated,Paid,Confirmed,2026-04-02,6.0
STU00367,APP00367,Atharva,Tiwari,Female,18,Panvel,EWS,73.33,72.59,74.3,66.87,72.89,Information Technology,2026-06-03,Advertisement,Submitted,Not Eligible,Verified,2026-06-15,,Not Allocated,Not Paid,Not Confirmed,,
STU01824,APP01824,Aditya,Pawar,Male,18,Badlapur,Open,67.73,69.25,65.73,75.43,72.89,Electronics Engineering,2026-03-14,Advertisement,Submitted,Not Eligible,Incomplete,,,Not Allocated,Not Paid,Not Confirmed,,
STU01475,APP01475,Atharva,Sharma,Male,19,Dombivli,SC,84.3,87.59,85.76,66.32,69.52,Information Technology,2026-03-02,Friend/Family,Submitted,Eligible,Verified,2026-03-10,2521.0,Allocated,Paid,Confirmed,2026-03-12,10.0
STU01816,APP01816,Karan,Singh,Female,18,Mira Road,Open,73.77,72.93,72.95,69.84,74.28,Information Technology,2026-06-23,College Visit,Submitted,Not Eligible,Pending,,,Not Allocated,Not Paid,Not Confirmed,,
STU01035,APP01035,Vikas,Kulkarni,Male,19,Virar,OBC,73.37,77.44,80.92,70.97,66.29,Artificial Intelligence & Data Science,2026-07-01,Advertisement,Submitted,Eligible,Verified,2026-07-10,2604.0,Allocated,Paid,Confirmed,2026-07-12,11.0
STU00369,APP00369,Atharva,Chavan,Female,19,Dombivli,Open,73.27,77.78,79.38,71.93,76.04,Artificial Intelligence & Data Science,2026-01-16,College Visit,Submitted,Eligible,Verified,2026-01-27,2128.0,Allocated,Paid,Confirmed,2026-01-30,14.0
STU00615,APP00615,Pranav,Yadav,female,20,Kalyan,Open,81.77,78.21,73.13,69.31,69.17,Electronics Engineering,2026-05-09,College Website,Submitted,Not Eligible,Pending,,,Not Allocated,Not Paid,Not Confirmed,,
STU01966,APP01966,Krishna,Singh,FEMALE,18,Vasai,SC,77.37,64.15,66.04,61.18,74.21,Electronics Engineering,2026-03-23,Friend/Family,Submitted,Not Eligible,Pending,,,Not Allocated,Not Paid,Not Confirmed,,
STU01377,APP01377,Rahul,Singh,Male,17,Vasai,SC,75.02,55.72,54.39,48.4,53.89,Mechanical Engineering,2026-04-21,Advertisement,Under Review,Not Eligible,Incomplete,,,Not Allocated,Not Paid,Not Confirmed,,
STU01330,APP01330,Sneha,Tiwari,Female,20,,ST,75.25,60.93,61.51,60.71,61.25,Computer Engineering,2026-03-20,Social Media,Submitted,Not Eligible,Pending,,,Not Allocated,Not Paid,Not Confirmed,,
STU00307,APP00307,Aditya,Tiwari,Male,18,Badlapur,Open,75.49,84.45,84.25,64.72,68.35,Information Technology,2026-05-22,Social Media,Under Review,Eligible,Verified,2026-05-25,2413.0,Allocated,Pending,Not Confirmed,,
STU00486,APP00486,Sakshi,Kadam,Female,19,Andheri,ST,72.95,79.11,72.8,71.32,70.11,Information Technology,2026-06-26,College Website,Submitted,Not Eligible,Verified,2026-07-11,,Not Allocated,Not Paid,Not Confirmed,,
STU01403,APP01403,Sakshi,Gupta,Female,18,Goregaon,EWS,88.2,62.75,66.61,61.28,73.0,Mechanical Engineering,2026-05-22,Google Search,Submitted,Not Eligible,Incomplete,,,Not Allocated,Not Paid,Not Confirmed,,
STU01999,APP01999,Neha,Singh,Male,18,Kalyan,OBC,78.66,93.11,98.0,82.23,83.13,Computer Engineering,2026-04-23,Advertisement,Submitted,Eligible,Pending,,1678.0,Not Allocated,Not Paid,Not Confirmed,,
STU00116,APP00116,Ishaan,Verma,Female,20,Bhiwandi,Open,77.65,90.77,,77.81,80.24,Artificial Intelligence & Data Science,2026-07-10,College Visit,Under Review,Eligible,Verified,2026-07-17,1564.0,Allocated,Paid,Confirmed,2026-07-22,12.0
STU01700,APP01700,Aditya,Kulkarni,Male,18,Kalyan,Open,62.55,90.63,92.09,83.89,85.06,Computer Engineering,2026-06-06,College Visit,Submitted,Eligible,Verified,2026-06-09,1536.0,Allocated,Paid,Confirmed,2026-06-17,11.0
STU00923,APP00923,Pooja,Kumar,Male,18,Goregaon,Open,65.42,89.78,91.52,75.23,85.88,Computer Engineering,2026-02-07,Google Search,Submitted,Eligible,Verified,2026-02-21,1353.0,Allocated,Paid,Confirmed,2026-02-26,19.0
STU00417,APP00417,Ananya,Yadav,Male,19,Bhiwandi,Open,78.31,56.31,58.93,61.94,69.38,Artificial Intelligence & Data Science,2026-03-12,Education Portal,Submitted,Not Eligible,Verified,2026-03-18,,Not Allocated,Not Paid,Not Confirmed,,
STU01315,APP01315,Ayush,Mehta,Female,18,Thane,SC,86.09,69.92,69.38,75.9,74.96,Artificial Intelligence & Data Science,2026-01-13,Advertisement,Submitted,Not Eligible,Pending,,,Not Allocated,Not Paid,Not Confirmed,,
STU00508,APP00508,Vikas,Patil,Male,18,Kalyan,Open,67.02,84.14,84.65,78.26,76.53,Artificial Intelligence & Data Science,2026-07-25,College Visit,Submitted,Eligible,Verified,2026-07-27,2131.0,Allocated,Paid,Confirmed,2026-08-04,10.0
STU01069,APP01069,Aman,Shinde,Female,19,Goregaon,Open,73.08,63.49,61.77,61.74,63.86,Computer Engineering,2026-02-21,Education Portal,Submitted,Not Eligible,Incomplete,,,Not Allocated,Not Paid,Not Confirmed,,
STU01007,APP01007,Arjun,Tiwari,Male,18,Mira Road,Open,54.11,63.02,66.49,79.45,77.96,Information Technology,2026-04-25,Social Media,Submitted,Not Eligible,Pending,,,Not Allocated,Not Paid,Not Confirmed,,
STU01323,APP01323,Shreya,Kulkarni,Female,18,Panvel,OBC,82.57,63.15,67.0,72.5,74.85,Computer Engineering,2026-05-08,Friend/Family,Submitted,Not Eligible,Pending,,,Not Allocated,Not Paid,Not Confirmed,,
STU00079,APP00079,Aryan,Mehta,Female,18,Andheri,OBC,84.81,61.87,66.86,43.93,53.63,Mechanical Engineering,2026-07-23,Friend/Family,Submitted,Not Eligible,Verified,2026-07-27,,Not Allocated,Not Paid,Not Confirmed,,
STU01502,APP01502,Ayush,More,Female,18,Panvel,ST,78.16,53.49,58.19,55.28,61.89,Electronics Engineering,2026-03-20,Friend/Family,Under Review,Not Eligible,Verified,2026-03-28,,Not Allocated,Not Paid,Not Confirmed,,
STU00033,APP00033,Riya,Verma,Male,18,Virar,OBC,86.1,79.07,82.32,73.66,81.03,Electronics Engineering,2026-02-03,Friend/Family,Under Review,Eligible,Incomplete,,1806.0,Not Allocated,Not Paid,Not Confirmed,,
STU01851,APP01851,Aditya,Kadam,Female,18,Mumbai,OBC,95.93,82.93,84.54,78.11,82.38,Electronics Engineering,2026-04-01,Google Search,Submitted,Eligible,Verified,2026-04-10,1685.0,Allocated,Paid,Confirmed,2026-04-15,14.0
STU00939,APP00939,Neha,Tiwari,Female,18,Navi Mumbai,ST,77.89,66.22,60.23,68.83,69.53,Information Technology,2026-06-07,College Visit,Submitted,Not Eligible,Incomplete,,,Not Allocated,Not Paid,Not Confirmed,,
STU00384,APP00384,Ayush,Naik,Female,18,Dombivli,SC,83.36,88.21,84.7,78.17,89.64,Electronics Engineering,2026-02-09,Google Search,Under Review,Eligible,Pending,,894.0,Not Allocated,Not Paid,Not Confirmed,,
STU00765,APP00765,Rohan,Kadam,Male,18,Andheri,OBC,67.86,61.13,62.77,51.89,56.72,Information Technology,2026-07-29,Google Search,Under Review,Not Eligible,Pending,,,Not Allocated,Not Paid,Not Confirmed,,
STU00164,APP00164,Neha,Chavan,Male,18,Navi Mumbai,Open,59.15,60.74,65.79,70.99,63.96,Artificial Intelligence & Data Science,2026-02-14,College Website,Submitted,Not Eligible,Pending,,,Not Allocated,Not Paid,Not Confirmed,,
STU00204,APP00204,Aman,Tiwari,Male,18,Navi Mumbai,Open,80.34,91.86,94.98,79.15,77.08,Computer Engineering,2026-06-18,Education Portal,Submitted,Eligible,Verified,2026-06-23,2038.0,Allocated,Pending,Not Confirmed,,
STU01905,APP01905,Aryan,Sharma,Female,18,Borivali,ST,81.44,66.09,,64.16,69.98,Mechanical Engineering,2026-06-09,Education Portal,Submitted,Not Eligible,Incomplete,,,Not Allocated,Not Paid,Not Confirmed,,
STU01733,APP01733,Pranav,Naik,Male,18,Mira Road,ST,88.44,80.45,76.72,82.97,86.24,Electronics Engineering,2026-04-24,College Visit,Submitted,Eligible,Pending,,1261.0,Not Allocated,Not Paid,Not Confirmed,,
STU00944,APP00944,Dev,Pawar,Male,18,Dombivli,EWS,76.76,73.0,79.74,85.55,87.36,Artificial Intelligence & Data Science,2026-03-18,College Visit,Under Review,Eligible,Verified,2026-03-28,1050.0,Allocated,Paid,Confirmed,2026-03-30,12.0
STU01425,APP01425,Akash,Joshi,Male,18,Virar,Open,72.6,80.31,81.71,76.08,82.52,Artificial Intelligence & Data Science,2026-02-21,Social Media,Under Review,Eligible,Verified,2026-02-26,1569.0,Allocated,Paid,Confirmed,2026-03-03,10.0
STU01940,APP01940,Manav,Chavan,Female,18,Borivali,Open,78.5,76.11,77.53,80.42,79.9,Electronics Engineering,2026-04-22,Social Media,Submitted,Eligible,Verified,2026-05-06,1651.0,Allocated,Pending,Not Confirmed,,
STU01986,APP01986,Nikhil,Pawar,Female,19,Dombivli,Open,75.39,75.28,72.33,65.17,66.55,Computer Engineering,2026-06-29,College Visit,Submitted,Not Eligible,Verified,2026-07-09,,Not Allocated,Not Paid,Not Confirmed,,
STU01432,APP01432,Manav,Mishra,female,19,Badlapur,Open,66.11,85.15,85.3,69.31,79.29,Electronics Engineering,2026-02-05,College Visit,Submitted,Eligible,Pending,,1897.0,Not Allocated,Not Paid,Not Confirmed,,
STU01519,APP01519,Riya,Verma,Female,18,Mira Road,OBC,98.0,71.03,70.69,55.08,61.39,Artificial Intelligence & Data Science,2026-02-18,College Website,Submitted,Not Eligible,Verified,2026-03-02,,Not Allocated,Not Paid,Not Confirmed,,
STU00803,APP00803,Rahul,Kulkarni,Female,18,Vasai,OBC,73.94,65.82,62.53,50.74,57.2,Artificial Intelligence & Data Science,2026-07-19,Advertisement,Submitted,Not Eligible,Incomplete,,,Not Allocated,Not Paid,Not Confirmed,,
STU01386,APP01386,Aarav,Mishra,Female,18,Panvel,Open,67.91,57.73,54.71,54.19,55.55,Artificial Intelligence & Data Science,2026-02-19,College Website,Withdrawn,Not Eligible,Not Submitted,,,Not Allocated,Not Paid,Not Confirmed,,
STU00219,APP00219,Rohan,Chavan,Female,18,Thane,SC,78.27,82.09,80.24,76.26,74.15,Artificial Intelligence & Data Science,2026-04-14,College Website,Submitted,Eligible,Verified,2026-04-21,1897.0,Allocated,Paid,Confirmed,2026-05-01,17.0
STU01951,APP01951,Mohit,Sharma,Female,18,Kalyan,Open,84.96,62.62,63.03,62.06,67.85,Information Technology,2026-03-14,College Visit,Under Review,Not Eligible,Incomplete,,,Not Allocated,Not Paid,Not Confirmed,,
STU01844,APP01844,Manav,Kulkarni,Male,19,Thane,OBC,76.45,70.53,69.86,65.53,67.4,Information Technology,2026-03-18,Education Portal,Submitted,Not Eligible,Pending,,,Not Allocated,Not Paid,Not Confirmed,,
STU01498,APP01498,Mohit,Patil,Female,20,Mira Road,Open,98.0,91.86,95.68,92.6,97.24,Computer Engineering,2026-06-30,Friend/Family,Under Review,Eligible,Verified,2026-07-02,551.0,Allocated,Paid,Confirmed,2026-07-05,5.0
STU00354,APP00354,Aditya,Mishra,Male,19,Virar,Open,77.8,63.2,,64.79,73.48,Mechanical Engineering,2026-04-17,Education Portal,Submitted,Not Eligible,Incomplete,,,Not Allocated,Not Paid,Not Confirmed,,
STU01382,APP01382,Sneha,Kumar,Male,19,Andheri,Open,76.34,87.93,86.81,77.19,81.32,Information Technology,2026-04-24,College Website,Submitted,Eligible,Verified,2026-04-30,1620.0,Allocated,Paid,Confirmed,2026-05-02,8.0
STU00060,APP00060,Vikas,Kumar,Male,18,Goregaon,Open,83.14,60.76,63.95,57.1,58.98,Information Technology,2026-04-05,College Visit,Submitted,Not Eligible,Verified,2026-04-15,,Not Allocated,Not Paid,Not Confirmed,,
STU01085,APP01085,Varun,Yadav,Female,19,Borivali,Open,92.78,86.04,83.26,90.21,90.74,Electronics Engineering,2026-03-27,College Visit,Submitted,Eligible,Verified,2026-03-29,800.0,Allocated,Paid,Confirmed,2026-04-03,7.0
STU00298,APP00298,Dhruv,Deshmukh,Female,18,Bhiwandi,OBC,73.63,72.65,74.02,81.98,82.7,Electronics Engineering,2026-02-03,Advertisement,Under Review,Not Eligible,Incomplete,,,Not Allocated,Not Paid,Not Confirmed,,
STU00074,APP00074,Krishna,Sharma,Male,18,Badlapur,Open,79.34,75.67,73.5,64.18,67.11,Electronics Engineering,2026-04-21,College Website,Submitted,Not Eligible,Pending,,,Not Allocated,Not Paid,Not Confirmed,,
STU00163,APP00163,Dev,Joshi,Female,19,Bhiwandi,OBC,64.95,64.94,63.12,54.38,60.68,Artificial Intelligence & Data Science,2026-02-07,Google Search,Under Review,Not Eligible,Pending,,,Not Allocated,Not Paid,Not Confirmed,,
STU00966,APP00966,Krishna,Kulkarni,Male,18,Borivali,sc,75.24,93.38,95.1,81.27,86.09,Computer Engineering,2026-06-02,College Visit,Submitted,Eligible,Pending,,1296.0,Not Allocated,Not Paid,Not Confirmed,,
STU01436,APP01436,Karan,Jadhav,Female,18,Thane,Open,85.53,58.21,62.8,69.83,72.33,Mechanical Engineering,2026-05-17,Education Portal,Submitted,Not Eligible,Verified,2026-05-22,,Not Allocated,Not Paid,Not Confirmed,,
STU00555,APP00555,Krishna,Gupta,Female,18,Vasai,Open,74.07,59.74,56.65,71.58,68.66,Mechanical Engineering,2026-04-07,Social Media,Under Review,Not Eligible,Pending,,,Not Allocated,Not Paid,Not Confirmed,,
STU01054,APP01054,Rohan,Joshi,Male,20,Vasai,Open,70.83,81.87,81.9,72.96,80.21,Artificial Intelligence & Data Science,2026-03-04,College Visit,Submitted,Eligible,Verified,2026-03-06,1454.0,Allocated,Paid,Confirmed,2026-03-16,12.0
STU00967,APP00967,Tanmay,Mishra,Female,18,Dombivli,Open,85.91,60.56,67.27,63.39,65.42,Computer Engineering,2026-03-27,Advertisement,Under Review,Not Eligible,Verified,2026-04-01,,Not Allocated,Not Paid,Not Confirmed,,
STU00322,APP00322,Yash,Naik,Female,18,Virar,Open,91.69,82.35,77.88,53.46,62.81,Mechanical Engineering,2026-04-01,Friend/Family,Under Review,Eligible,Pending,,2999.0,Not Allocated,Not Paid,Not Confirmed,,
STU00046,APP00046,Pooja,Verma,Male,19,Mumbai,EWS,69.89,76.05,105.0,69.36,70.39,Information Technology,2026-05-11,College Website,Submitted,Eligible,Incomplete,,2508.0,Not Allocated,Not Paid,Not Confirmed,,
STU01402,APP01402,Rahul,Tiwari,Female,17,Mumbai,EWS,67.15,89.47,90.96,59.05,71.55,Electronics Engineering,2026-01-08,Google Search,Under Review,Eligible,Verified,2026-01-13,2137.0,Allocated,Paid,Confirmed,2026-01-18,10.0
STU01804,APP01804,Rohan,Pawar,Female,21,Kalyan,EWS,71.51,79.66,81.74,79.1,85.91,Mechanical Engineering,2026-02-13,Advertisement,Submitted,Eligible,Verified,2026-02-18,1164.0,Allocated,Paid,Confirmed,2026-02-28,15.0
STU00434,APP00434,Manav,Tiwari,Male,18,Badlapur,Open,77.24,69.92,71.37,61.65,72.85,Artificial Intelligence & Data Science,2026-01-07,Education Portal,Submitted,Not Eligible,Verified,2026-01-10,,Not Allocated,Not Paid,Not Confirmed,,
STU01738,APP01738,Ishaan,Mehta,Female,20,Badlapur,Open,76.35,87.9,86.77,81.72,83.64,Artificial Intelligence & Data Science,2026-02-13,College Visit,Under Review,Eligible,Verified,2026-02-21,1269.0,Allocated,Paid,Confirmed,2026-02-28,15.0
STU00077,APP00077,Riya,Gupta,Female,19,Bhiwandi,Open,67.0,83.13,82.17,73.3,74.16,Electronics Engineering,2026-05-21,Advertisement,Submitted,Eligible,Verified,2026-05-23,1964.0,Allocated,Paid,Confirmed,2026-05-30,9.0
STU01937,APP01937,Rohan,Verma,Male,18,Navi Mumbai,Open,67.08,84.64,86.74,72.82,78.05,Computer Engineering,2026-01-09,Advertisement,Submitted,Eligible,Verified,2026-01-17,1549.0,Allocated,Paid,Confirmed,2026-01-19,10.0
STU01744,APP01744,Yash,Yadav,Female,21,Mumbai,Open,88.3,79.79,77.66,73.59,74.35,Computer Engineering,2026-07-10,Friend/Family,Submitted,Eligible,Verified,2026-07-14,2028.0,Allocated,Paid,Confirmed,2026-07-20,10.0
STU00863,APP00863,Dev,Kadam,Male,18,Virar,Open,74.68,73.6,70.6,105.0,66.58,Artificial Intelligence & Data Science,2026-02-04,Social Media,Submitted,Not Eligible,Incomplete,,,Not Allocated,Not Paid,Not Confirmed,,
STU00481,APP00481,Shreya,Kumar,Male,19,Thane,Open,65.43,88.22,89.5,78.68,79.61,Mechanical Engineering,2026-05-16,College Visit,Withdrawn,Eligible,Not Submitted,,1432.0,Not Allocated,Not Paid,Not Confirmed,,
STU00612,APP00612,Shreya,Gupta,Female,19,Mira Road,Open,73.2,62.52,62.58,78.9,78.75,Artificial Intelligence & Data Science,2026-01-23,Google Search,Submitted,Not Eligible,Verified,2026-01-30,,Not Allocated,Not Paid,Not Confirmed,,
STU01995,APP01995,Varun,Sharma,Female,21,Borivali,Open,79.58,84.76,84.39,66.84,70.81,Electronics Engineering,2026-02-23,Advertisement,Submitted,Eligible,Verified,2026-03-05,2450.0,Allocated,Paid,Confirmed,2026-03-13,18.0
STU00830,APP00830,Arjun,Jadhav,Female,18,Goregaon,EWS,90.28,80.21,83.44,-5.0,78.17,Computer Engineering,2026-04-08,Advertisement,Submitted,Eligible,Verified,2026-04-10,1591.0,Not Allocated,Not Paid,Not Confirmed,,
STU00031,APP00031,Atharva,Sharma,Male,17,Borivali,OBC,79.02,82.62,88.96,77.0,72.07,Mechanical Engineering,2026-06-11,College Website,Submitted,Eligible,Incomplete,,2073.0,Not Allocated,Not Paid,Not Confirmed,,
STU01467,APP01467,Nikhil,Jadhav,Male,18,Virar,OBC,83.74,84.7,91.54,87.27,90.01,Electronics Engineering,2026-04-12,Education Portal,Submitted,Eligible,Verified,2026-04-15,818.0,Allocated,Paid,Confirmed,2026-04-21,9.0
STU01527,APP01527,Aman,Chavan,Male,18,Navi Mumbai,OBC,69.24,74.25,70.51,69.42,75.07,Artificial Intelligence & Data Science,2026-03-25,Education Portal,Submitted,Not Eligible,Verified,2026-04-08,,Not Allocated,Not Paid,Not Confirmed,,
STU01002,APP01002,Sneha,More,Female,18,Navi Mumbai,EWS,80.42,85.39,79.27,62.48,65.01,Computer Engineering,2026-01-10,Friend/Family,Submitted,Eligible,Verified,2026-01-21,2833.0,Allocated,Paid,Confirmed,2026-01-31,21.0
STU01703,APP01703,Akash,Pawar,Female,20,Badlapur,SC,71.07,81.44,84.17,93.67,93.86,Computer Engineering,2026-01-23,College Website,Submitted,Eligible,Verified,2026-01-27,793.0,Allocated,Paid,Confirmed,2026-02-01,9.0
STU00814,APP00814,Vikas,Tiwari,Female,18,Virar,SC,89.75,88.37,87.35,74.53,76.45,Artificial Intelligence & Data Science,2026-06-13,Friend/Family,Submitted,Eligible,Verified,2026-06-23,1807.0,Not Allocated,Not Paid,Not Confirmed,,
STU01248,APP01248,Atharva,Verma,Male,21,Badlapur,Open,72.76,67.86,68.58,72.4,70.75,Information Technology,2026-01-07,Social Media,Under Review,Not Eligible,Incomplete,,,Not Allocated,Not Paid,Not Confirmed,,
STU01201,APP01201,Dev,Yadav,Female,18,Badlapur,SC,70.15,62.91,64.58,60.01,57.66,Computer Engineering,2026-06-21,Friend/Family,Submitted,Not Eligible,Verified,2026-06-24,,Not Allocated,Not Paid,Not Confirmed,,
STU01565,APP01565,Sneha,More,Female,18,Navi Mumbai,SC,79.73,97.0,97.99,75.45,80.61,Artificial Intelligence & Data Science,2026-05-28,Education Portal,Submitted,Eligible,Verified,2026-06-10,1518.0,Allocated,Paid,Confirmed,2026-06-16,19.0
STU01582,APP01582,Ayush,Sharma,Male,18,Mira Road,Open,70.45,77.62,81.07,63.71,65.17,Artificial Intelligence & Data Science,2026-02-02,Google Search,Submitted,Eligible,Verified,2026-02-10,2729.0,Allocated,Pending,Not Confirmed,,
STU01030,APP01030,Karan,Gupta,Female,18,Thane,Open,77.15,87.97,84.96,81.49,85.27,Artificial Intelligence & Data Science,2026-02-06,College Visit,Submitted,Eligible,Pending,,1425.0,Not Allocated,Not Paid,Not Confirmed,,
STU01588,APP01588,Nikhil,Verma,Male,19,Bhiwandi,EWS,78.37,97.0,96.88,83.92,93.2,Information Technology,2026-06-23,College Visit,Submitted,Eligible,Pending,,953.0,Not Allocated,Not Paid,Not Confirmed,,
STU00045,APP00045,Aditya,Tiwari,Male,18,Borivali,OBC,81.07,75.14,76.24,61.74,75.31,Computer Engineering,2026-03-22,College Website,Submitted,Eligible,Pending,,1754.0,Not Allocated,Not Paid,Not Confirmed,,
STU00383,APP00383,Krishna,Patil,Male,18,Borivali,Open,69.92,62.88,64.89,59.61,64.84,Information Technology,2026-02-07,College Website,Submitted,Not Eligible,Incomplete,,,Not Allocated,Not Paid,Not Confirmed,,
STU00169,APP00169,Pooja,Joshi,Female,19,Borivali,Open,76.27,89.9,85.45,75.07,78.15,Information Technology,2026-03-17,College Website,Submitted,Eligible,Verified,2026-04-01,1867.0,Allocated,Paid,Confirmed,2026-04-02,16.0
STU00304,APP00304,Atharva,Jadhav,Female,19,Mumbai,Open,68.62,81.95,79.72,65.23,72.56,Electronics Engineering,2026-01-13,Social Media,Submitted,Eligible,Verified,2026-01-22,2226.0,Not Allocated,Not Paid,Not Confirmed,,
DUP52872,APP01644,Ayush,Jadhav,Female,18,Navi Mumbai,Open,80.8,63.32,63.96,71.38,76.86,Mechanical Engineering,2026-04-25,Google Search,Withdrawn,Not Eligible,Not Submitted,,,Not Allocated,Not Paid,Not Confirmed,,
STU00904,APP00904,Krishna,More,Female,17,Borivali,Open,81.4,67.36,71.9,70.96,68.91,Information Technology,2026-07-30,Friend/Family,Submitted,Not Eligible,Incomplete,,,Not Allocated,Not Paid,Not Confirmed,,
STU01945,APP01945,Dhruv,Gupta,Male,20,Mumbai,Open,76.77,73.74,72.14,71.61,69.54,Artificial Intelligence & Data Science,2026-07-28,Friend/Family,Submitted,Not Eligible,Verified,2026-08-10,,Not Allocated,Not Paid,Not Confirmed,,
STU01579,APP01579,Rohan,Tiwari,Female,18,Virar,EWS,85.28,66.42,64.75,52.78,61.22,Information Technology,2026-03-11,College Visit,Submitted,Not Eligible,Pending,,,Not Allocated,Not Paid,Not Confirmed,,
STU00671,APP00671,Vikas,Deshmukh,Female,19,Bhiwandi,ST,52.51,87.6,79.04,75.6,73.99,Computer Engineering,2026-06-05,Friend/Family,Submitted,Eligible,Verified,2026-06-19,1948.0,Allocated,Paid,Confirmed,2026-06-25,20.0
STU01287,APP01287,Sakshi,Kulkarni,Female,20,Goregaon,OBC,73.88,88.12,92.5,81.64,81.81,Computer Engineering,2026-06-22,Friend/Family,Submitted,Eligible,Verified,2026-07-05,1458.0,Allocated,Paid,Confirmed,2026-07-08,16.0
STU01583,APP01583,Aditya,Joshi,Male,20,Mira Road,OBC,58.8,97.0,94.7,72.4,77.28,Mechanical Engineering,2026-06-05,Education Portal,Submitted,Eligible,Verified,2026-06-18,1825.0,Allocated,Paid,Confirmed,2026-06-24,19.0
STU01663,APP01663,Ishaan,Pawar,Male,18,Andheri,Open,75.99,75.8,67.58,61.38,62.66,Computer Engineering,2026-01-01,Advertisement,Submitted,Not Eligible,Pending,,,Not Allocated,Not Paid,Not Confirmed,,
STU00809,APP00809,Karan,More,Male,18,Kalyan,SC,81.43,89.66,87.14,78.7,83.3,Artificial Intelligence & Data Science,2026-07-08,Social Media,Submitted,Eligible,Pending,,1396.0,Not Allocated,Not Paid,Not Confirmed,,
STU00463,APP00463,Rohan,More,Female,18,Panvel,Open,56.47,84.45,84.43,76.1,85.89,Artificial Intelligence & Data Science,2026-03-10,Advertisement,Submitted,Eligible,Verified,2026-03-20,1448.0,Allocated,Pending,Not Confirmed,,
STU01286,APP01286,Atharva,Tiwari,Female,18,Panvel,SC,83.51,86.33,81.09,56.8,60.69,Artificial Intelligence & Data Science,2026-07-03,Friend/Family,Under Review,Eligible,Verified,2026-07-12,2819.0,Not Allocated,Not Paid,Not Confirmed,,
STU01980,APP01980,Tanmay,Pawar,Male,19,Thane,Open,70.8,70.98,68.8,61.64,67.5,Artificial Intelligence & Data Science,2026-01-19,College Visit,Under Review,Not Eligible,Incomplete,,,Not Allocated,Not Paid,Not Confirmed,,
STU00942,APP00942,Sneha,Singh,Male,18,Andheri,EWS,66.53,81.09,78.63,78.3,85.66,Artificial Intelligence & Data Science,2026-06-07,Education Portal,Under Review,Eligible,Verified,2026-06-15,1027.0,Allocated,Paid,Confirmed,2026-06-24,17.0
STU00186,APP00186,Aman,Mishra,Male,18,Mira Road,SC,67.91,84.71,79.33,79.94,75.98,Information Technology,2026-02-24,Friend/Family,Submitted,Eligible,Verified,2026-03-08,1987.0,Not Allocated,Not Paid,Not Confirmed,,
STU01520,APP01520,Tanmay,Deshmukh,Male,18,Mira Road,Open,95.12,71.83,75.79,64.21,69.17,Information Technology,2026-04-03,Advertisement,Submitted,Eligible,Verified,2026-04-05,2655.0,Not Allocated,Not Paid,Not Confirmed,,
STU00608,APP00608,Ananya,Sharma,Female,18,Dombivli,Open,98.0,63.68,67.49,82.7,80.02,Information Technology,2026-03-08,Education Portal,Under Review,Not Eligible,Verified,2026-03-16,,Not Allocated,Not Paid,Not Confirmed,,
STU01379,APP01379,Aman,Verma,Male,18,Badlapur,ST,84.93,73.75,80.17,58.83,73.02,Artificial Intelligence & Data Science,2026-01-14,Advertisement,Under Review,Eligible,Verified,2026-01-21,2155.0,Allocated,Paid,Confirmed,2026-01-23,9.0
STU00301,APP00301,Karan,Kadam,Female,19,Kalyan,ews,80.6,76.75,81.52,71.02,75.53,Computer Engineering,2026-02-10,Advertisement,Withdrawn,Eligible,Not Submitted,,1880.0,Not Allocated,Not Paid,Not Confirmed,,
STU00941,APP00941,Aryan,Sharma,Male,18,Mumbai,Open,78.44,74.07,68.99,68.39,76.78,Artificial Intelligence & Data Science,2026-04-30,Friend/Family,Submitted,Not Eligible,Incomplete,,,Not Allocated,Not Paid,Not Confirmed,,
STU00716,APP00716,Pooja,Verma,Female,19,Badlapur,ST,74.68,64.98,64.92,60.18,60.59,Information Technology,2026-02-02,Friend/Family,Submitted,Not Eligible,Incomplete,,,Not Allocated,Not Paid,Not Confirmed,,
STU00586,APP00586,Karan,Kumar,Female,18,Mumbai,ST,71.98,68.55,67.23,70.87,70.75,Computer Engineering,2026-04-12,Social Media,Submitted,Not Eligible,Verified,2026-04-25,,Not Allocated,Not Paid,Not Confirmed,,
STU01615,APP01615,Varun,Patil,Female,18,Bhiwandi,Open,58.47,66.85,64.69,60.01,70.12,Artificial Intelligence & Data Science,2026-05-15,Social Media,Submitted,Not Eligible,Verified,2026-05-28,,Not Allocated,Not Paid,Not Confirmed,,
STU01024,APP01024,Aman,Yadav,Male,19,Bhiwandi,SC,81.46,80.58,84.13,76.46,77.87,Mechanical Engineering,2026-06-18,Advertisement,Withdrawn,Eligible,Not Submitted,,2010.0,Not Allocated,Not Paid,Not Confirmed,,
STU01953,APP01953,Yash,Singh,Male,18,Vasai,Open,75.83,90.05,80.19,58.01,62.75,Computer Engineering,2026-04-21,Education Portal,Submitted,Eligible,Pending,,2742.0,Not Allocated,Not Paid,Not Confirmed,,
STU01603,APP01603,Aarav,Joshi,Male,18,Thane,SC,77.62,81.07,83.25,79.95,83.27,Artificial Intelligence & Data Science,2026-02-18,Social Media,Submitted,Eligible,Verified,2026-02-20,1240.0,Allocated,Pending,Not Confirmed,,
STU01346,APP01346,Vikas,Singh,Male,18,Kalyan,SC,65.15,70.61,71.3,74.73,79.38,Information Technology,2026-03-03,Advertisement,Submitted,Not Eligible,Incomplete,,,Not Allocated,Not Paid,Not Confirmed,,
STU00176,APP00176,Dev,Deshmukh,Male,18,Vasai,Open,86.14,89.97,90.2,72.67,76.74,Electronics Engineering,2026-01-20,Google Search,Submitted,Eligible,Verified,2026-02-03,2123.0,Allocated,Paid,Confirmed,2026-02-10,21.0
STU00866,APP00866,Ishaan,Kumar,Male,18,Dombivli,SC,77.19,56.28,57.43,52.45,53.34,Computer Engineering,2026-04-04,College Visit,Submitted,Not Eligible,Pending,,,Not Allocated,Not Paid,Not Confirmed,,
STU01462,APP01462,Aryan,Mishra,Male,18,Goregaon,EWS,69.03,90.4,91.81,76.85,77.53,Artificial Intelligence & Data Science,2026-06-12,Advertisement,Withdrawn,Eligible,Not Submitted,,1840.0,Not Allocated,Not Paid,Not Confirmed,,
STU01625,APP01625,Aryan,Tiwari,Female,19,Thane,Open,68.06,81.36,76.58,62.17,71.47,Information Technology,2026-01-28,Google Search,Submitted,Eligible,Verified,2026-02-09,2378.0,Allocated,Paid,Confirmed,2026-02-10,13.0
STU00124,APP00124,Pooja,Patil,Male,19,Navi Mumbai,EWS,95.23,75.69,83.7,81.07,84.04,Artificial Intelligence & Data Science,2026-07-27,College Visit,Submitted,Eligible,Incomplete,,1603.0,Not Allocated,Not Paid,Not Confirmed,,
STU00368,APP00368,Tanmay,Deshmukh,Male,19,Dombivli,EWS,76.51,55.35,52.61,50.5,54.17,Mechanical Engineering,2026-02-06,Friend/Family,Submitted,Not Eligible,Verified,2026-02-16,,Not Allocated,Not Paid,Not Confirmed,,
STU01740,APP01740,Sakshi,Gupta,Female,18,Badlapur,Open,84.88,83.03,87.01,85.41,79.48,Information Technology,2026-05-13,Google Search,Under Review,Eligible,Verified,2026-05-21,1555.0,Allocated,Paid,Confirmed,2026-05-24,11.0
STU00568,APP00568,Mohit,Singh,Female,19,Andheri,OBC,67.85,62.98,55.57,58.22,61.22,Computer Engineering,2026-04-12,Education Portal,Under Review,Not Eligible,Verified,2026-04-21,,Not Allocated,Not Paid,Not Confirmed,,
STU00040,APP00040,Varun,Naik,Male,18,Mumbai,Open,84.94,72.57,74.4,73.18,72.89,Mechanical Engineering,2026-06-16,College Visit,Submitted,Not Eligible,Pending,,,Not Allocated,Not Paid,Not Confirmed,,
STU01339,APP01339,Yash,Naik,Male,18,Mumbai,EWS,72.09,62.44,59.85,49.6,62.19,Artificial Intelligence & Data Science,2026-03-12,Advertisement,Under Review,Not Eligible,Pending,,,Not Allocated,Not Paid,Not Confirmed,,
STU00989,APP00989,Rahul,Deshmukh,Female,19,Bhiwandi,Open,81.9,68.57,70.32,72.5,75.81,Electronics Engineering,2026-04-08,Education Portal,Submitted,Not Eligible,Incomplete,,,Not Allocated,Not Paid,Not Confirmed,,
STU00332,APP00332,Krishna,Deshmukh,Female,19,Thane,Open,71.64,83.15,74.95,75.18,80.55,Electronics Engineering,2026-06-24,Advertisement,Submitted,Not Eligible,Verified,2026-06-28,,Not Allocated,Not Paid,Not Confirmed,,
STU01801,APP01801,Neha,Chavan,Male,19,Mira Road,ews,80.03,62.48,57.69,68.31,74.52,Artificial Intelligence & Data Science,2026-01-13,Friend/Family,Submitted,Not Eligible,Verified,2026-01-18,,Not Allocated,Not Paid,Not Confirmed,,
STU00195,APP00195,Akash,Yadav,MALE,18,Panvel,Open,76.02,55.32,57.13,48.25,54.55,Artificial Intelligence & Data Science,2026-02-07,College Website,Submitted,Not Eligible,Verified,2026-02-11,,Not Allocated,Not Paid,Not Confirmed,,
STU01998,APP01998,Akash,Kulkarni,Male,18,Andheri,Open,89.75,68.37,69.93,67.71,73.31,Artificial Intelligence & Data Science,2026-01-04,Google Search,Submitted,Not Eligible,Pending,,,Not Allocated,Not Paid,Not Confirmed,,
STU00479,APP00479,Krishna,Kumar,Female,18,Thane,Open,56.66,96.42,97.6,76.57,79.94,Artificial Intelligence & Data Science,2026-02-28,Education Portal,Submitted,Eligible,Verified,2026-03-03,1779.0,Allocated,Paid,Confirmed,2026-03-05,5.0
STU01730,APP01730,Nikhil,Kadam,Male,17,Virar,Open,77.84,92.15,97.07,79.21,77.17,Electronics Engineering,2026-04-22,Education Portal,Submitted,Eligible,Verified,2026-04-28,2031.0,Allocated,Paid,Confirmed,2026-05-05,13.0
STU00323,APP00323,Varun,Pawar,Female,18,Kalyan,OBC,70.58,69.91,67.79,63.46,61.65,Computer Engineering,2026-03-05,Social Media,Submitted,Not Eligible,Pending,,,Not Allocated,Not Paid,Not Confirmed,,
STU01207,APP01207,Varun,Tiwari,Male,18,Vasai,Open,82.39,93.04,94.3,79.58,87.58,Information Technology,2026-05-17,Social Media,Submitted,Eligible,Verified,2026-05-30,1355.0,Allocated,Paid,Confirmed,2026-06-08,22.0
STU00267,APP00267,Sneha,Joshi,FEMALE,20,Bhiwandi,OBC,71.71,67.29,74.11,73.18,70.23,Computer Engineering,2026-07-10,Education Portal,Withdrawn,Not Eligible,Not Submitted,,,Not Allocated,Not Paid,Not Confirmed,,
STU01548,APP01548,Ananya,Kulkarni,Female,18,Mira Road,Open,70.47,68.35,70.93,79.97,78.56,Mechanical Engineering,2026-02-13,College Website,Under Review,Not Eligible,Incomplete,,,Not Allocated,Not Paid,Not Confirmed,,
STU01443,APP01443,Dev,Chavan,Female,19,Navi Mumbai,SC,69.26,69.12,74.04,76.61,80.35,Artificial Intelligence & Data Science,2026-06-04,College Visit,Submitted,Not Eligible,Pending,,,Not Allocated,Not Paid,Not Confirmed,,
STU00068,APP00068,Sneha,Shinde,Male,18,Mumbai,Open,69.7,65.42,63.37,67.48,67.51,Information Technology,2026-06-18,Google Search,Submitted,Not Eligible,Incomplete,,,Not Allocated,Not Paid,Not Confirmed,,
STU00963,APP00963,Aman,Jadhav,Female,18,Virar,Open,70.99,94.53,91.65,82.85,81.25,Mechanical Engineering,2026-03-23,Social Media,Submitted,Eligible,Verified,2026-03-27,1795.0,Allocated,Paid,Confirmed,2026-04-01,9.0
STU01145,APP01145,Aryan,Kumar,Male,20,Bhiwandi,Open,71.8,61.9,,54.22,52.82,Computer Engineering,2026-06-26,Advertisement,Under Review,Not Eligible,Incomplete,,,Not Allocated,Not Paid,Not Confirmed,,
STU01870,APP01870,Pranav,Naik,Male,18,Andheri,Open,59.95,59.03,53.26,39.32,42.92,Electronics Engineering,2026-01-18,Education Portal,Submitted,Not Eligible,Verified,2026-01-26,,Not Allocated,Not Paid,Not Confirmed,,
STU00818,APP00818,Rohan,Verma,Female,18,Dombivli,EWS,79.76,72.4,74.89,68.31,78.27,Electronics Engineering,2026-01-03,Advertisement,Under Review,Not Eligible,Pending,,,Not Allocated,Not Paid,Not Confirmed,,
STU01182,APP01182,Riya,Chavan,Female,19,Dombivli,SC,74.89,76.83,78.72,72.96,74.59,Electronics Engineering,2026-01-06,Friend/Family,Submitted,Eligible,Verified,2026-01-15,2080.0,Allocated,Paid,Confirmed,2026-01-21,15.0
STU00483,APP00483,Pranav,Mishra,Male,18,Thane,SC,74.64,94.48,94.06,78.11,78.95,Artificial Intelligence & Data Science,2026-01-26,Google Search,Submitted,Eligible,Verified,2026-02-09,1537.0,Allocated,Paid,Confirmed,2026-02-16,21.0
STU01424,APP01424,Nikhil,Yadav,Female,18,Kalyan,Open,73.55,66.55,65.06,62.45,66.88,Mechanical Engineering,2026-01-26,College Website,Under Review,Not Eligible,Pending,,,Not Allocated,Not Paid,Not Confirmed,,
STU00950,APP00950,Pooja,Deshmukh,Female,18,Thane,Open,81.68,87.08,89.35,81.33,84.99,Computer Engineering,2026-02-08,Social Media,Submitted,Eligible,Verified,2026-02-23,1066.0,Allocated,Paid,Confirmed,2026-03-02,22.0
STU00833,APP00833,Riya,Jadhav,Female,18,Bhiwandi,OBC,79.47,90.95,85.7,74.02,81.29,Computer Engineering,2026-06-24,Social Media,Submitted,Eligible,Verified,2026-07-01,1391.0,Allocated,Paid,Confirmed,2026-07-02,8.0
STU01259,APP01259,Sneha,Joshi,Male,18,Bhiwandi,Open,61.3,80.86,76.43,68.33,74.22,Artificial Intelligence & Data Science,2026-06-11,Education Portal,Submitted,Eligible,Verified,2026-06-14,1825.0,Allocated,Paid,Confirmed,2026-06-22,11.0
STU01199,APP01199,Ayush,Pawar,Male,19,Mira Road,Open,80.28,69.16,75.05,67.91,72.33,Artificial Intelligence & Data Science,2026-01-11,Friend/Family,Submitted,Eligible,Incomplete,,2185.0,Not Allocated,Not Paid,Not Confirmed,,
STU01743,APP01743,Rahul,Tiwari,Male,18,Mumbai,Open,66.31,67.51,70.25,67.16,71.23,Electronics Engineering,2026-06-08,Friend/Family,Submitted,Not Eligible,Verified,2026-06-18,,Not Allocated,Not Paid,Not Confirmed,,
STU01924,APP01924,Aman,Kadam,Male,19,Andheri,SC,65.96,65.4,62.47,71.44,78.2,Computer Engineering,2026-03-22,College Visit,Submitted,Not Eligible,Verified,2026-04-04,,Not Allocated,Not Paid,Not Confirmed,,
STU00693,APP00693,Aryan,Kadam,Female,18,Virar,EWS,69.67,74.86,74.29,67.81,71.25,Electronics Engineering,2026-07-30,Advertisement,Submitted,Not Eligible,Verified,2026-08-11,,Not Allocated,Not Paid,Not Confirmed,,
STU01852,APP01852,Aarav,Gupta,Female,20,Virar,Open,89.27,79.38,81.05,59.9,68.82,Computer Engineering,2026-05-09,Google Search,Submitted,Eligible,Verified,2026-05-16,2645.0,Allocated,Paid,Confirmed,2026-05-23,14.0
STU01552,APP01552,Mohit,More,Male,18,Mira Road,Open,71.73,59.54,60.06,56.79,63.43,Mechanical Engineering,2026-07-10,Education Portal,Submitted,Not Eligible,Incomplete,,,Not Allocated,Not Paid,Not Confirmed,,
STU00619,APP00619,Dhruv,Patil,Male,19,Vasai,SC,75.12,81.43,81.73,73.36,85.35,Artificial Intelligence & Data Science,2026-03-12,Google Search,Submitted,Eligible,Verified,2026-03-26,1422.0,Allocated,Paid,Confirmed,2026-03-29,17.0
STU01545,APP01545,Dhruv,Tiwari,Male,18,Goregaon,Open,84.2,79.4,85.48,74.85,76.74,Information Technology,2026-07-01,Social Media,Submitted,Eligible,Verified,2026-07-10,1964.0,Allocated,Paid,Confirmed,2026-07-13,12.0
STU01594,APP01594,Yash,Shinde,Male,18,Dombivli,EWS,71.04,84.1,84.34,71.78,81.03,Information Technology,2026-03-18,Education Portal,Submitted,Eligible,Verified,2026-03-24,1463.0,Allocated,Paid,Confirmed,2026-04-03,16.0
STU01674,APP01674,Varun,Kumar,Female,17,Vasai,ST,94.63,83.4,83.02,-10.0,90.28,Computer Engineering,2026-02-06,Advertisement,Submitted,Eligible,Verified,2026-02-21,963.0,Not Allocated,Not Paid,Not Confirmed,,
STU01933,APP01933,Atharva,Tiwari,Male,18,Virar,Open,78.26,79.34,74.35,70.04,78.58,Artificial Intelligence & Data Science,2026-03-04,Advertisement,Submitted,Not Eligible,Pending,,,Not Allocated,Not Paid,Not Confirmed,,
STU00737,APP00737,Mohit,Verma,Male,20,Virar,Open,68.6,93.84,98.0,76.05,79.43,Electronics Engineering,2026-02-05,Education Portal,Under Review,Eligible,Verified,2026-02-09,1557.0,Allocated,Pending,Not Confirmed,,
STU00539,APP00539,Ishaan,Tiwari,Male,19,Borivali,Open,66.38,74.57,78.96,63.27,60.14,Electronics Engineering,2026-06-29,Social Media,Submitted,Eligible,Verified,2026-07-10,3079.0,Allocated,Pending,Not Confirmed,,
STU00856,APP00856,Sakshi,Shinde,Female,21,Kalyan,SC,86.87,73.8,72.52,63.45,70.93,Artificial Intelligence & Data Science,2026-02-19,College Visit,Under Review,Not Eligible,Incomplete,,,Not Allocated,Not Paid,Not Confirmed,,
STU01331,APP01331,Aryan,Gupta,Female,18,Mumbai,Open,87.5,74.68,78.7,70.35,,Artificial Intelligence & Data Science,2026-02-01,College Visit,Submitted,Eligible,Verified,2026-02-08,1711.0,Allocated,Paid,Confirmed,2026-02-15,14.0
STU00924,APP00924,Dev,Mishra,Female,18,Mira Road,Open,89.64,68.95,71.84,56.51,53.46,Artificial Intelligence & Data Science,2026-02-16,College Website,Under Review,Not Eligible,Incomplete,,,Not Allocated,Not Paid,Not Confirmed,,
STU00262,APP00262,Sakshi,Singh,Female,18,Navi Mumbai,Open,81.56,92.73,98.0,76.12,76.63,Computer Engineering,2026-01-12,Social Media,Withdrawn,Eligible,Not Submitted,,1915.0,Not Allocated,Not Paid,Not Confirmed,,
STU01291,APP01291,Ishaan,Pawar,Female,18,Mira Road,Open,75.05,71.1,72.18,56.35,64.26,Artificial Intelligence & Data Science,2026-02-10,Google Search,Submitted,Not Eligible,Pending,,,Not Allocated,Not Paid,Not Confirmed,,
STU00980,APP00980,Arjun,More,Female,18,Thane,EWS,75.73,89.45,86.86,88.35,91.84,Computer Engineering,2026-06-03,College Website,Under Review,Eligible,Verified,2026-06-15,988.0,Allocated,Paid,Confirmed,2026-06-22,19.0
STU00241,APP00241,Arjun,Gupta,Male,18,Borivali,OBC,77.94,91.62,94.09,80.27,81.85,Computer Engineering,2026-04-23,College Website,Submitted,Eligible,Pending,,1481.0,Not Allocated,Not Paid,Not Confirmed,,
STU01223,APP01223,Aarav,Naik,Male,19,Thane,SC,78.0,74.1,70.87,67.39,73.72,Computer Engineering,2026-04-29,Google Search,Submitted,Not Eligible,Pending,,,Not Allocated,Not Paid,Not Confirmed,,
STU01074,APP01074,Ananya,Singh,Female,18,Vasai,OBC,82.03,88.52,92.18,74.9,79.75,Computer Engineering,2026-04-18,Google Search,Submitted,Eligible,Incomplete,,1807.0,Not Allocated,Not Paid,Not Confirmed,,
STU01956,APP01956,Rahul,Mehta,Male,18,Borivali,Open,86.51,93.4,95.3,74.29,73.03,Electronics Engineering,2026-06-26,Social Media,Submitted,Eligible,Verified,2026-06-28,2109.0,Allocated,Paid,Confirmed,2026-07-07,11.0
STU01620,APP01620,Aryan,More,Female,18,Dombivli,Open,75.44,89.68,93.74,64.16,68.09,Electronics Engineering,2026-06-05,College Website,Submitted,Eligible,Incomplete,,2454.0,Not Allocated,Not Paid,Not Confirmed,,
STU01270,APP01270,Karan,Singh,male,19,Navi Mumbai,SC,71.92,59.39,65.59,70.49,71.04,Electronics Engineering,2026-06-17,Education Portal,Submitted,Not Eligible,Pending,,,Not Allocated,Not Paid,Not Confirmed,,
STU00366,APP00366,Atharva,Naik,Male,18,Andheri,Open,94.17,83.66,87.7,78.9,88.0,Information Technology,2026-07-18,College Website,Submitted,Eligible,Verified,2026-07-22,1098.0,Not Allocated,Not Paid,Not Confirmed,,
STU01861,APP01861,Shreya,Chavan,Male,18,Mumbai,Open,73.31,89.99,98.0,82.76,86.01,Computer Engineering,2026-06-06,Social Media,Under Review,Eligible,Incomplete,,1038.0,Not Allocated,Not Paid,Not Confirmed,,
STU01828,APP01828,Vikas,Singh,Female,18,Dombivli,EWS,73.53,78.95,86.51,81.09,85.24,Information Technology,2026-06-02,Social Media,Submitted,Eligible,Verified,2026-06-06,1322.0,Allocated,Paid,Confirmed,2026-06-12,10.0
STU01786,APP01786,Atharva,Tiwari,Female,20,Mira Road,Open,61.03,60.92,64.55,68.39,67.66,Mechanical Engineering,2026-05-06,Social Media,Submitted,Not Eligible,Verified,2026-05-13,,Not Allocated,Not Paid,Not Confirmed,,
STU00744,APP00744,Pranav,Verma,Female,18,Navi Mumbai,OBC,73.91,87.68,89.17,63.81,69.47,Computer Engineering,2026-02-26,Advertisement,Submitted,Eligible,Verified,2026-03-06,2445.0,Allocated,Paid,Confirmed,2026-03-16,18.0
STU00953,APP00953,Vikas,Shinde,Female,18,Vasai,Open,81.8,77.37,75.93,61.05,59.46,Electronics Engineering,2026-03-19,Google Search,Submitted,Not Eligible,Incomplete,,,Not Allocated,Not Paid,Not Confirmed,,
STU00585,APP00585,Rahul,Verma,Female,18,Mumbai,EWS,68.95,66.24,65.05,65.63,65.25,Mechanical Engineering,2026-02-14,Social Media,Withdrawn,Not Eligible,Not Submitted,,,Not Allocated,Not Paid,Not Confirmed,,
STU00072,APP00072,Ishaan,Deshmukh,Female,18,Panvel,Open,70.63,49.03,48.81,56.74,56.79,Artificial Intelligence & Data Science,2026-05-11,College Website,Submitted,Not Eligible,Verified,2026-05-19,,Not Allocated,Not Paid,Not Confirmed,,
STU01960,APP01960,Rahul,Yadav,Male,18,Mumbai,SC,87.22,83.77,79.38,67.14,69.44,Artificial Intelligence & Data Science,2026-04-22,College Website,Under Review,Eligible,Incomplete,,2391.0,Not Allocated,Not Paid,Not Confirmed,,
STU00260,APP00260,Karan,Verma,Male,18,Mira Road,Open,80.34,73.7,70.0,76.35,76.01,Information Technology,2026-04-10,Social Media,Submitted,Not Eligible,Verified,2026-04-16,,Not Allocated,Not Paid,Not Confirmed,,
STU00052,APP00052,Ayush,Kumar,Female,18,Thane,Open,75.13,61.66,60.89,52.98,65.38,Artificial Intelligence & Data Science,2026-03-04,Social Media,Submitted,Not Eligible,Incomplete,,,Not Allocated,Not Paid,Not Confirmed,,
STU00199,APP00199,Dhruv,Mishra,Female,19,Bhiwandi,EWS,73.65,77.47,83.92,78.45,83.71,Information Technology,2026-07-06,College Website,Submitted,Eligible,Verified,2026-07-13,1359.0,Allocated,Paid,Confirmed,2026-07-18,12.0
STU00496,APP00496,Pooja,Yadav,Female,20,Borivali,OBC,91.2,81.01,77.5,72.63,79.14,Computer Engineering,2026-04-22,Friend/Family,Submitted,Eligible,Pending,,1949.0,Not Allocated,Not Paid,Not Confirmed,,
STU01477,APP01477,Karan,Jadhav,Male,21,Kalyan,SC,85.37,83.9,89.56,76.06,76.55,Computer Engineering,2026-07-05,College Visit,Submitted,Eligible,Verified,2026-07-14,2020.0,Not Allocated,Not Paid,Not Confirmed,,
STU00333,APP00333,Aarav,Naik,Male,18,Bhiwandi,Open,68.38,58.13,62.76,70.3,74.7,Computer Engineering,2026-06-17,Education Portal,Submitted,Not Eligible,Incomplete,,,Not Allocated,Not Paid,Not Confirmed,,
STU01927,APP01927,Nikhil,Singh,Male,19,Panvel,SC,72.88,66.76,58.44,59.55,58.27,Information Technology,2026-05-01,Friend/Family,Submitted,Not Eligible,Verified,2026-05-11,,Not Allocated,Not Paid,Not Confirmed,,
STU01722,APP01722,Aarav,Kumar,Female,20,Navi Mumbai,Open,92.13,64.9,60.88,56.97,58.61,Mechanical Engineering,2026-05-08,Advertisement,Under Review,Not Eligible,Pending,,,Not Allocated,Not Paid,Not Confirmed,,
STU01162,APP01162,Karan,Kulkarni,Male,19,Borivali,Open,79.5,68.63,68.73,66.7,77.25,Artificial Intelligence & Data Science,2026-02-13,College Website,Submitted,Not Eligible,Pending,,,Not Allocated,Not Paid,Not Confirmed,,
STU00480,APP00480,Dhruv,Joshi,Female,18,Navi Mumbai,Open,79.59,69.14,63.41,66.33,67.36,Electronics Engineering,2026-04-08,Advertisement,Submitted,Not Eligible,Verified,2026-04-23,,Not Allocated,Not Paid,Not Confirmed,,
STU00965,APP00965,Aarav,Verma,Male,20,Thane,Open,69.62,68.36,68.05,60.87,69.52,Electronics Engineering,2026-04-09,College Website,Submitted,Not Eligible,Verified,2026-04-12,,Not Allocated,Not Paid,Not Confirmed,,
STU00910,APP00910,Shreya,Sharma,Female,18,Bhiwandi,Open,76.97,77.49,76.8,70.55,74.33,Information Technology,2026-02-26,Friend/Family,Submitted,Eligible,Verified,2026-03-10,1900.0,Allocated,Paid,Confirmed,2026-03-12,14.0
STU01348,APP01348,Karan,Singh,Female,18,Mumbai,Open,67.87,79.09,78.24,74.98,76.09,Computer Engineering,2026-03-23,Education Portal,Withdrawn,Eligible,Not Submitted,,1957.0,Not Allocated,Not Paid,Not Confirmed,,
STU00707,APP00707,Sneha,More,Male,17,Dombivli,OBC,79.16,52.19,44.87,61.47,60.34,Electronics Engineering,2026-07-15,Education Portal,Submitted,Not Eligible,Verified,2026-07-23,,Not Allocated,Not Paid,Not Confirmed,,
STU00427,APP00427,Riya,Verma,Male,18,Mira Road,SC,79.44,81.71,,76.91,82.36,Computer Engineering,2026-03-19,Google Search,Submitted,Eligible,Verified,2026-03-25,1572.0,Allocated,Paid,Confirmed,2026-04-01,13.0
STU01526,APP01526,Riya,Naik,Male,18,Kalyan,ST,83.22,82.91,76.94,65.4,73.28,Artificial Intelligence & Data Science,2026-02-24,Google Search,Under Review,Eligible,Verified,2026-03-10,2354.0,Allocated,Paid,Confirmed,2026-03-12,16.0
STU00451,APP00451,Aditya,Joshi,Male,19,Vasai,Open,76.69,72.79,67.7,60.03,68.07,Computer Engineering,2026-02-04,Google Search,Submitted,Not Eligible,Incomplete,,,Not Allocated,Not Paid,Not Confirmed,,
STU01627,APP01627,Dev,Verma,Male,20,Virar,Open,70.04,74.46,73.89,68.58,71.92,Electronics Engineering,2026-04-07,Google Search,Submitted,Not Eligible,Verified,2026-07-06,,Not Allocated,Not Paid,Not Confirmed,,
STU01517,APP01517,Rohan,Kulkarni,Male,19,Mumbai,Open,81.84,69.45,69.89,69.8,77.42,Information Technology,2026-06-04,College Website,Submitted,Not Eligible,Verified,2026-06-19,,Not Allocated,Not Paid,Not Confirmed,,
STU01997,APP01997,Neha,Naik,Male,19,Thane,Open,97.55,72.46,72.83,71.21,70.29,Artificial Intelligence & Data Science,2026-04-19,Friend/Family,Submitted,Not Eligible,Pending,,,Not Allocated,Not Paid,Not Confirmed,,
STU01288,APP01288,Pranav,Jadhav,Female,18,Borivali,Open,56.3,55.74,52.69,64.43,67.88,Electronics Engineering,2026-07-11,College Website,Submitted,Not Eligible,Incomplete,,,Not Allocated,Not Paid,Not Confirmed,,
STU01739,APP01739,Aryan,Kadam,Female,19,Goregaon,Open,73.64,84.05,82.74,79.92,77.75,Information Technology,2026-01-14,Advertisement,Submitted,Eligible,Verified,2026-01-25,1777.0,Allocated,Paid,Confirmed,2026-02-01,18.0
STU00399,APP00399,Akash,Verma,Female,19,Mira Road,ST,85.05,71.69,73.32,73.54,75.54,Mechanical Engineering,2026-07-20,Social Media,Submitted,Not Eligible,Verified,2026-07-31,,Not Allocated,Not Paid,Not Confirmed,,
STU00974,APP00974,Mohit,Singh,Female,18,Vasai,ST,75.72,80.6,80.04,72.48,77.26,Information Technology,2026-04-29,Advertisement,Submitted,Eligible,Verified,2026-05-03,1736.0,Allocated,Paid,Confirmed,2026-05-13,14.0
STU00437,APP00437,Manav,Mishra,Female,20,Thane,EWS,59.41,76.28,67.97,69.96,66.72,Information Technology,2026-03-18,College Website,Submitted,Not Eligible,Incomplete,,,Not Allocated,Not Paid,Not Confirmed,,
STU00193,APP00193,Atharva,Kadam,Male,19,Borivali,OBC,76.76,85.53,91.98,92.97,90.96,Computer Engineering,2026-07-20,Advertisement,Submitted,Eligible,Verified,2026-08-01,899.0,Allocated,Paid,Confirmed,2026-08-02,13.0
STU01448,APP01448,Ishaan,More,Female,19,Panvel,OBC,72.82,83.57,83.04,66.98,73.65,Computer Engineering,2026-07-30,Advertisement,Submitted,Eligible,Verified,2026-08-14,1934.0,Allocated,Paid,Confirmed,2026-08-17,18.0
STU00620,APP00620,Mohit,Yadav,Male,19,Panvel,OBC,74.43,59.18,58.0,53.07,62.68,Mechanical Engineering,2026-04-22,Friend/Family,Submitted,Not Eligible,Incomplete,,,Not Allocated,Not Paid,Not Confirmed,,
STU00293,APP00293,Arjun,Kadam,Female,18,Goregaon,Open,68.85,73.56,73.4,68.75,70.96,Information Technology,2026-05-25,College Website,Submitted,Not Eligible,Verified,2026-06-09,,Not Allocated,Not Paid,Not Confirmed,,
STU01942,APP01942,Pooja,Joshi,Female,18,Bhiwandi,SC,70.11,71.35,65.07,66.93,66.59,Computer Engineering,2026-03-24,Education Portal,Submitted,Not Eligible,Pending,,,Not Allocated,Not Paid,Not Confirmed,,
STU01775,APP01775,Akash,Verma,Male,18,Goregaon,Open,79.91,79.36,85.38,59.03,61.64,Computer Engineering,2026-07-25,Education Portal,Submitted,Eligible,Verified,2026-08-07,2840.0,Allocated,Paid,Confirmed,2026-08-13,19.0
STU01290,APP01290,Mohit,Singh,Female,19,Vasai,Open,75.25,81.55,76.23,66.05,69.4,Information Technology,2026-03-19,Google Search,Submitted,Eligible,Verified,2026-03-24,2427.0,Allocated,Paid,Confirmed,2026-03-25,6.0
STU01779,APP01779,Ananya,Singh,Female,19,Goregaon,EWS,69.37,70.25,67.32,50.14,52.18,Information Technology,2026-06-26,Friend/Family,Submitted,Not Eligible,Pending,,,Not Allocated,Not Paid,Not Confirmed,,
STU01655,APP01655,Rahul,Naik,Male,18,Mumbai,Open,85.71,77.94,86.97,74.2,80.42,Electronics Engineering,2026-07-31,College Website,Submitted,Eligible,Pending,,1423.0,Not Allocated,Not Paid,Not Confirmed,,
STU00142,APP00142,Dhruv,Pawar,Female,19,Thane,OBC,81.54,68.14,62.82,53.01,53.66,Information Technology,2026-07-17,Education Portal,Submitted,Not Eligible,Pending,,,Not Allocated,Not Paid,Not Confirmed,,
STU01492,APP01492,Mohit,Jadhav,Male,18,Kalyan,EWS,77.51,50.76,48.78,56.04,50.34,Mechanical Engineering,2026-01-02,College Website,Submitted,Not Eligible,Pending,,,Not Allocated,Not Paid,Not Confirmed,,
STU00003,APP00003,Aarav,Yadav,Male,18,Kalyan,Open,71.67,54.6,52.08,71.21,64.18,Computer Engineering,2026-05-10,College Visit,Submitted,Not Eligible,Verified,2026-05-12,,Not Allocated,Not Paid,Not Confirmed,,
STU01681,APP01681,Aarav,More,Male,18,Navi Mumbai,obc,82.96,66.0,70.33,71.64,79.11,Mechanical Engineering,2026-01-16,Friend/Family,Submitted,Not Eligible,Pending,,,Not Allocated,Not Paid,Not Confirmed,,
STU01890,APP01890,Arjun,More,Male,20,Badlapur,EWS,68.5,71.04,67.61,64.72,66.52,Computer Engineering,2026-03-31,College Visit,Under Review,Not Eligible,Verified,2026-04-12,,Not Allocated,Not Paid,Not Confirmed,,
STU01320,APP01320,Aryan,Joshi,Female,18,Thane,Open,81.34,85.17,77.35,61.37,64.58,Information Technology,2026-02-07,Friend/Family,Under Review,Eligible,Verified,2026-02-15,2904.0,Allocated,Paid,Confirmed,2026-02-17,10.0
STU00340,APP00340,Ayush,Jadhav,Male,18,Badlapur,Open,74.95,86.49,,73.03,79.45,Computer Engineering,2026-02-11,Friend/Family,Under Review,Eligible,Incomplete,,1673.0,Not Allocated,Not Paid,Not Confirmed,,
STU00638,APP00638,Aarav,Sharma,Male,18,Thane,Open,80.34,94.34,96.73,75.19,,Mechanical Engineering,2026-05-27,Friend/Family,Submitted,Eligible,Verified,2026-06-05,1454.0,Not Allocated,Not Paid,Not Confirmed,,
STU01284,APP01284,Rahul,Joshi,Female,18,Borivali,Open,75.05,70.49,68.02,61.82,71.83,Information Technology,2026-04-22,College Website,Submitted,Not Eligible,Verified,2026-04-26,,Not Allocated,Not Paid,Not Confirmed,,
STU00582,APP00582,Neha,Chavan,Male,19,Bhiwandi,Open,76.47,73.28,78.21,66.38,69.08,Information Technology,2026-02-08,Google Search,Submitted,Eligible,Incomplete,,2455.0,Not Allocated,Not Paid,Not Confirmed,,
STU00266,APP00266,Aditya,Jadhav,Female,18,Badlapur,OBC,76.73,76.16,75.81,84.75,83.78,Computer Engineering,2026-07-19,College Website,Submitted,Eligible,Verified,2026-08-03,1471.0,Allocated,Paid,Confirmed,2026-08-05,17.0
STU00377,APP00377,Aryan,Tiwari,Male,18,Vasai,OBC,79.27,91.89,94.67,71.63,75.87,Computer Engineering,2026-02-23,Advertisement,Submitted,Eligible,Verified,2026-03-02,1845.0,Not Allocated,Not Paid,Not Confirmed,,
STU00695,APP00695,Riya,Deshmukh,Female,18,Andheri,OBC,86.17,81.06,83.56,57.22,67.84,Information Technology,2026-01-30,Education Portal,Submitted,Eligible,Verified,2026-02-05,2528.0,Allocated,Paid,Confirmed,2026-02-06,7.0
STU01179,APP01179,Ishaan,Chavan,Female,18,Mumbai,Open,77.89,72.72,72.52,77.96,81.32,Electronics Engineering,2026-06-19,Google Search,Submitted,Not Eligible,Pending,,,Not Allocated,Not Paid,Not Confirmed,,
STU00440,APP00440,Atharva,Kulkarni,Male,18,Navi Mumbai,Open,84.27,69.21,67.94,59.37,63.59,Electronics Engineering,2026-06-13,Friend/Family,Withdrawn,Not Eligible,Not Submitted,,,Not Allocated,Not Paid,Not Confirmed,,
STU00272,APP00272,Yash,Joshi,Female,19,Dombivli,OBC,75.48,72.69,70.24,56.37,62.81,Artificial Intelligence & Data Science,2026-06-13,Advertisement,Submitted,Not Eligible,Verified,2026-06-15,,Not Allocated,Not Paid,Not Confirmed,,
STU00185,APP00185,Ishaan,Naik,Female,19,Mumbai,Open,78.34,77.36,78.85,70.83,69.53,Computer Engineering,2026-04-12,Social Media,Submitted,Eligible,Pending,,2230.0,Not Allocated,Not Paid,Not Confirmed,,
STU00951,APP00951,Rahul,Naik,Male,20,Panvel,SC,76.75,72.23,84.86,81.73,84.29,Information Technology,2026-06-05,Education Portal,Submitted,Eligible,Verified,2026-06-09,1404.0,Allocated,Paid,Confirmed,2026-06-14,9.0
STU00245,APP00245,Manav,More,Female,18,Virar,ST,64.14,95.83,,91.77,99.99,Information Technology,2026-05-16,Education Portal,Under Review,Eligible,Incomplete,,495.0,Not Allocated,Not Paid,Not Confirmed,,
STU01660,APP01660,Yash,Yadav,Male,19,Panvel,Open,87.03,89.49,91.29,78.15,77.14,Information Technology,2026-02-08,Google Search,Submitted,Eligible,Verified,2026-02-16,1872.0,Allocated,Paid,Confirmed,2026-02-19,11.0
STU00527,APP00527,Manav,Kumar,Male,20,Goregaon,Open,77.74,62.71,65.43,56.0,66.14,Artificial Intelligence & Data Science,2026-07-27,Social Media,Submitted,Not Eligible,Incomplete,,,Not Allocated,Not Paid,Not Confirmed,,
STU00446,APP00446,Riya,More,Male,18,Mira Road,EWS,66.08,72.12,70.9,68.24,74.77,Information Technology,2026-02-04,Social Media,Submitted,Not Eligible,Verified,2026-02-07,,Not Allocated,Not Paid,Not Confirmed,,
STU00917,APP00917,Rohan,Mehta,Male,18,Vasai,EWS,90.17,52.35,60.56,48.12,53.29,Mechanical Engineering,2026-06-15,Education Portal,Submitted,Not Eligible,Pending,,,Not Allocated,Not Paid,Not Confirmed,,
STU01341,APP01341,Dhruv,Kulkarni,Male,18,Vasai,OBC,75.73,81.84,84.8,79.71,82.66,Computer Engineering,2026-01-06,Social Media,Submitted,Eligible,Verified,2026-01-14,1306.0,Allocated,Paid,Confirmed,2026-01-23,17.0
STU00597,APP00597,Pooja,Naik,Female,18,Badlapur,Open,84.19,69.87,69.64,75.27,77.79,Computer Engineering,2026-02-11,Advertisement,Submitted,Not Eligible,Verified,2026-02-17,,Not Allocated,Not Paid,Not Confirmed,,
STU00922,APP00922,Neha,Kulkarni,M,17,Bhiwandi,Open,69.02,83.79,79.3,65.4,75.47,Mechanical Engineering,2026-05-21,Education Portal,Submitted,Eligible,Verified,2026-05-23,2111.0,Allocated,Paid,Confirmed,2026-05-29,8.0
STU01537,APP01537,Atharva,Verma,Female,19,Navi Mumbai,OBC,82.79,75.61,76.91,81.15,79.57,Artificial Intelligence & Data Science,2026-06-03,Social Media,Submitted,Eligible,Verified,2026-06-07,1813.0,Allocated,Paid,Confirmed,2026-06-08,5.0
STU01971,APP01971,Atharva,Deshmukh,Male,18,Dombivli,Open,89.58,84.36,82.85,66.9,72.78,Electronics Engineering,2026-04-25,Education Portal,Submitted,Eligible,Verified,2026-04-30,2199.0,Not Allocated,Not Paid,Not Confirmed,,
STU00416,APP00416,Pooja,Mehta,F,19,Mira Road,EWS,79.98,74.36,75.21,58.79,66.16,Information Technology,2026-04-08,Google Search,Submitted,Eligible,Verified,2026-04-12,2506.0,Allocated,Paid,Confirmed,2026-04-20,12.0
STU00274,APP00274,Ananya,Kadam,Female,18,,Open,78.08,79.67,78.42,78.74,80.85,Electronics Engineering,2026-02-02,College Website,Submitted,Eligible,Verified,2026-02-07,1739.0,Allocated,Paid,Confirmed,2026-02-13,11.0
STU01308,APP01308,Nikhil,More,Female,18,Badlapur,Open,80.16,91.44,86.7,73.48,80.37,Mechanical Engineering,2026-01-03,Advertisement,Under Review,Eligible,Verified,2026-01-09,1835.0,Allocated,Pending,Not Confirmed,,
STU01977,APP01977,Aarav,Patil,Male,18,Andheri,Open,88.54,72.93,79.94,72.23,76.15,Mechanical Engineering,2026-05-15,College Website,Submitted,Eligible,Verified,2026-05-25,1873.0,Allocated,Paid,Confirmed,2026-05-26,11.0
STU01468,APP01468,Dhruv,Gupta,Male,18,Bhiwandi,Open,86.14,69.56,,75.58,74.83,Artificial Intelligence & Data Science,2026-06-17,Social Media,Submitted,Not Eligible,Pending,,,Not Allocated,Not Paid,Not Confirmed,,
STU00251,APP00251,Tanmay,Deshmukh,Male,19,Navi Mumbai,Open,81.77,90.02,92.62,72.89,72.3,Electronics Engineering,2026-01-10,Social Media,Submitted,Eligible,Verified,2026-01-25,2181.0,Allocated,Paid,Confirmed,2026-01-28,18.0
STU00414,APP00414,Nikhil,Yadav,Female,18,Goregaon,Open,77.23,65.57,60.88,62.51,68.12,Computer Engineering,2026-04-09,College Website,Submitted,Not Eligible,Verified,2026-04-15,,Not Allocated,Not Paid,Not Confirmed,,
STU01209,APP01209,Mohit,Joshi,Female,21,Mumbai,Open,67.51,90.71,85.41,87.92,87.56,Artificial Intelligence & Data Science,2026-06-15,College Visit,Submitted,Eligible,Verified,2026-06-17,1301.0,Allocated,Paid,Confirmed,2026-06-18,3.0
STU01319,APP01319,Sakshi,Shinde,Male,18,Badlapur,OBC,71.79,75.14,74.84,79.64,73.2,Information Technology,2026-05-13,College Visit,Submitted,Not Eligible,Pending,,,Not Allocated,Not Paid,Not Confirmed,,
STU00594,APP00594,Aditya,Mishra,Male,18,Badlapur,Open,80.8,60.68,65.28,67.19,66.02,Computer Engineering,2026-06-30,Google Search,Submitted,Not Eligible,Incomplete,,,Not Allocated,Not Paid,Not Confirmed,,
STU00311,APP00311,Ananya,Deshmukh,Female,18,Virar,Open,88.62,77.94,75.82,68.24,76.47,Computer Engineering,2026-04-27,Google Search,Under Review,Eligible,Verified,2026-05-08,2105.0,Allocated,Paid,Confirmed,2026-05-14,17.0
STU01943,APP01943,Arjun,Mehta,Female,19,Andheri,EWS,81.3,78.8,80.58,76.73,77.7,Computer Engineering,2026-01-25,Google Search,Submitted,Eligible,Verified,2026-01-31,1813.0,Allocated,Pending,Not Confirmed,,
STU00382,APP00382,Aman,Verma,Female,18,Kalyan,OBC,77.42,66.75,60.36,58.51,62.49,Computer Engineering,2026-04-05,Social Media,Submitted,Not Eligible,Pending,,,Not Allocated,Not Paid,Not Confirmed,,
STU01622,APP01622,Aman,Singh,Male,20,Mira Road,Open,93.44,66.43,69.28,74.99,74.98,Mechanical Engineering,2026-05-22,Advertisement,Submitted,Not Eligible,Pending,,,Not Allocated,Not Paid,Not Confirmed,,
STU00426,APP00426,Aryan,Mishra,Female,18,Goregaon,Open,85.08,82.98,81.97,84.05,86.8,Electronics Engineering,2026-06-27,College Website,Submitted,Eligible,Verified,2026-07-12,1359.0,Allocated,Paid,Confirmed,2026-07-19,22.0
STU01895,APP01895,Aditya,Joshi,M,19,Borivali,SC,77.2,74.61,74.61,76.99,76.32,Computer Engineering,2026-06-09,Education Portal,Submitted,Not Eligible,Verified,2026-06-15,,Not Allocated,Not Paid,Not Confirmed,,
STU00536,APP00536,Aman,Shinde,Male,18,Dombivli,Open,72.05,82.45,86.16,67.15,75.54,Computer Engineering,2026-05-17,Advertisement,Submitted,Eligible,Verified,2026-05-31,2182.0,Allocated,Pending,Not Confirmed,,
STU00760,APP00760,Sakshi,Kumar,Male,18,Borivali,Open,82.33,71.71,75.57,81.59,81.84,Artificial Intelligence & Data Science,2026-02-28,Education Portal,Submitted,Eligible,Verified,2026-03-14,1630.0,Not Allocated,Not Paid,Not Confirmed,,
STU01510,APP01510,Yash,Kadam,Male,19,Goregaon,Open,73.73,97.0,94.65,58.16,70.06,Computer Engineering,2026-06-12,Google Search,Submitted,Eligible,Verified,2026-06-15,2246.0,Allocated,Paid,Confirmed,2026-06-17,5.0
STU01886,APP01886,Yash,Patil,Male,18,Kalyan,SC,90.45,70.31,69.16,90.64,87.52,Electronics Engineering,2026-01-24,College Visit,Withdrawn,Not Eligible,Not Submitted,,,Not Allocated,Not Paid,Not Confirmed,,
STU00409,APP00409,Karan,Yadav,Female,19,Andheri,OBC,79.34,73.12,72.64,72.76,76.45,Information Technology,2026-03-05,Friend/Family,Submitted,Not Eligible,Pending,,,Not Allocated,Not Paid,Not Confirmed,,
STU01629,APP01629,Nikhil,Joshi,Female,18,Vasai,Open,85.38,85.46,82.71,67.91,75.65,Computer Engineering,2026-06-11,Friend/Family,Under Review,Eligible,Verified,2026-06-14,2171.0,Allocated,Pending,Not Confirmed,,
STU01829,APP01829,Sneha,Tiwari,Male,18,Mira Road,OBC,78.44,69.33,71.32,68.42,62.91,Information Technology,2026-07-16,Google Search,Submitted,Not Eligible,Incomplete,,,Not Allocated,Not Paid,Not Confirmed,,
STU01788,APP01788,Dev,Yadav,Female,20,Virar,SC,84.22,77.76,71.73,59.32,65.99,Artificial Intelligence & Data Science,2026-03-04,Friend/Family,Submitted,Not Eligible,Incomplete,,,Not Allocated,Not Paid,Not Confirmed,,
STU00553,APP00553,Rohan,Yadav,Female,19,Dombivli,ST,81.07,73.29,68.42,61.32,61.56,Computer Engineering,2026-07-21,College Website,Submitted,Not Eligible,Incomplete,,,Not Allocated,Not Paid,Not Confirmed,,
STU01014,APP01014,Atharva,Kulkarni,Female,19,Vasai,Open,81.26,81.73,83.82,62.41,71.04,Mechanical Engineering,2026-03-09,Google Search,Submitted,Eligible,Verified,2026-03-19,2473.0,Allocated,Paid,Confirmed,2026-03-24,15.0
STU01747,APP01747,Rahul,Tiwari,Male,20,Thane,Open,69.05,74.34,79.0,74.99,73.02,Information Technology,2026-04-28,College Visit,Under Review,Eligible,Verified,2026-05-01,1943.0,Allocated,Paid,Confirmed,2026-05-06,8.0
STU01489,APP01489,Mohit,Sharma,Female,19,Bhiwandi,ST,80.54,79.76,,77.88,75.62,Computer Engineering,2026-01-22,Advertisement,Withdrawn,Eligible,Not Submitted,,2171.0,Not Allocated,Not Paid,Not Confirmed,,
STU00652,APP00652,Atharva,Verma,Female,19,Mira Road,Open,73.25,67.87,76.29,64.5,73.69,Artificial Intelligence & Data Science,2026-06-23,Friend/Family,Under Review,Eligible,Verified,2026-07-01,1918.0,Allocated,Paid,Confirmed,2026-07-10,17.0
STU00183,APP00183,Tanmay,Verma,Female,18,Dombivli,Open,76.51,89.06,88.7,59.91,65.16,Computer Engineering,2026-01-09,Friend/Family,Submitted,Eligible,Pending,,2628.0,Not Allocated,Not Paid,Not Confirmed,,
STU00171,APP00171,Atharva,Jadhav,Female,18,Mira Road,EWS,70.44,66.77,65.55,72.13,78.14,Computer Engineering,2026-07-13,Friend/Family,Under Review,Not Eligible,Verified,2026-07-27,,Not Allocated,Not Paid,Not Confirmed,,
STU01573,APP01573,Rohan,Joshi,Male,17,Bhiwandi,OBC,70.88,73.18,69.41,62.3,66.27,Information Technology,2026-07-30,Google Search,Under Review,Not Eligible,Pending,,,Not Allocated,Not Paid,Not Confirmed,,
STU00592,APP00592,Tanmay,Patil,Male,20,Thane,Open,76.64,89.51,83.46,56.29,68.42,Artificial Intelligence & Data Science,2026-03-21,Friend/Family,Submitted,Eligible,Verified,2026-03-31,2417.0,Allocated,Pending,Not Confirmed,,
STU01897,APP01897,Sakshi,Naik,Male,19,Thane,EWS,66.12,66.47,71.95,79.35,74.48,Artificial Intelligence & Data Science,2026-04-06,Friend/Family,Withdrawn,Not Eligible,Not Submitted,,,Not Allocated,Not Paid,Not Confirmed,,
STU01667,APP01667,Shreya,Kulkarni,Female,18,Badlapur,ST,63.81,59.97,56.56,53.05,61.25,Computer Engineering,2026-05-07,Education Portal,Submitted,Not Eligible,Verified,2026-05-16,,Not Allocated,Not Paid,Not Confirmed,,
STU00860,APP00860,Nikhil,Kadam,Female,21,Badlapur,OBC,71.8,87.71,81.09,74.97,80.05,Electronics Engineering,2026-03-22,College Visit,Submitted,Eligible,Verified,2026-03-29,1829.0,Allocated,Paid,Confirmed,2026-04-05,14.0
STU00273,APP00273,Akash,Kulkarni,male,18,Virar,SC,71.99,86.06,81.48,66.59,67.11,Electronics Engineering,2026-07-25,Friend/Family,Submitted,Eligible,Verified,2026-08-06,2384.0,Not Allocated,Not Paid,Not Confirmed,,
STU01564,APP01564,Krishna,Sharma,Male,18,Dombivli,SC,74.9,86.47,83.42,61.83,72.09,Information Technology,2026-01-12,College Visit,Submitted,Eligible,Incomplete,,2417.0,Not Allocated,Not Paid,Not Confirmed,,
STU01246,APP01246,Sakshi,Mehta,Female,18,Panvel,SC,76.73,64.37,63.72,65.94,63.41,Computer Engineering,2026-06-19,College Visit,Under Review,Not Eligible,Pending,,,Not Allocated,Not Paid,Not Confirmed,,
STU01324,APP01324,Krishna,Mishra,Female,18,Borivali,Open,80.79,54.39,59.31,67.01,72.36,Information Technology,2026-04-17,Advertisement,Submitted,Not Eligible,Verified,2026-04-21,,Not Allocated,Not Paid,Not Confirmed,,
STU00372,APP00372,Shreya,Naik,Female,20,Kalyan,SC,77.32,88.02,89.29,72.96,80.3,Artificial Intelligence & Data Science,2026-02-27,Social Media,Under Review,Eligible,Pending,,1819.0,Not Allocated,Not Paid,Not Confirmed,,
STU00223,APP00223,Atharva,Singh,Male,18,Dombivli,Open,81.02,66.53,64.03,67.3,66.82,Computer Engineering,2026-02-20,Google Search,Under Review,Not Eligible,Verified,2026-03-03,,Not Allocated,Not Paid,Not Confirmed,,
STU00728,APP00728,Akash,Kulkarni,Female,18,Virar,ST,67.77,78.57,77.19,66.81,68.9,Artificial Intelligence & Data Science,2026-01-03,Friend/Family,Submitted,Eligible,Incomplete,,2299.0,Not Allocated,Not Paid,Not Confirmed,,
STU01948,APP01948,Ayush,Verma,Female,20,Kalyan,Open,71.7,59.5,55.57,60.13,62.94,Electronics Engineering,2026-02-13,Social Media,Submitted,Not Eligible,Incomplete,,,Not Allocated,Not Paid,Not Confirmed,,
STU00786,APP00786,Ananya,Patil,Female,18,Vasai,Open,83.73,97.0,94.7,91.09,97.68,Mechanical Engineering,2026-05-19,College Website,Submitted,Eligible,Incomplete,,420.0,Not Allocated,Not Paid,Not Confirmed,,
STU00519,APP00519,Manav,Deshmukh,Female,18,Thane,Open,73.01,79.82,87.82,88.16,93.49,Electronics Engineering,2026-05-18,Social Media,Under Review,Eligible,Verified,2026-06-01,562.0,Allocated,Paid,Confirmed,2026-06-09,22.0
STU00335,APP00335,Aditya,Yadav,FEMALE,20,Virar,EWS,90.33,90.29,96.15,84.52,80.59,Information Technology,2026-07-09,Friend/Family,Submitted,Eligible,Pending,,1794.0,Not Allocated,Not Paid,Not Confirmed,,
STU00702,APP00702,Manav,Deshmukh,Male,21,Thane,Open,70.25,69.71,59.24,46.02,54.08,Computer Engineering,2026-01-19,College Website,Submitted,Not Eligible,Pending,,,Not Allocated,Not Paid,Not Confirmed,,
STU01177,APP01177,Aditya,Sharma,Male,19,Navi Mumbai,OBC,74.78,79.49,77.93,75.64,78.64,Artificial Intelligence & Data Science,2026-04-04,Social Media,Submitted,Eligible,Verified,2026-04-18,1875.0,Allocated,Pending,Not Confirmed,,
STU01593,APP01593,Krishna,Verma,Female,19,Navi Mumbai,EWS,68.36,85.66,87.9,64.23,66.44,Information Technology,2026-04-06,College Website,Submitted,Eligible,Pending,,2523.0,Not Allocated,Not Paid,Not Confirmed,,
STU00906,APP00906,Pranav,Pawar,Male,19,Panvel,ST,76.95,56.59,50.56,65.15,62.4,Computer Engineering,2026-01-03,Google Search,Under Review,Not Eligible,Verified,2026-03-13,,Not Allocated,Not Paid,Not Confirmed,,
STU00016,APP00016,Vikas,Deshmukh,Male,18,Mira Road,EWS,78.62,72.12,68.58,65.69,66.81,Artificial Intelligence & Data Science,2026-05-08,Education Portal,Under Review,Not Eligible,Pending,,,Not Allocated,Not Paid,Not Confirmed,,
STU01774,APP01774,Karan,Patil,Male,19,Badlapur,EWS,73.37,66.5,72.5,68.77,77.64,Mechanical Engineering,2026-06-15,College Website,Submitted,Not Eligible,Incomplete,,,Not Allocated,Not Paid,Not Confirmed,,
STU00850,APP00850,Aditya,Kumar,Male,18,Goregaon,OBC,68.83,97.0,97.23,88.48,92.22,Information Technology,2026-01-09,Google Search,Submitted,Eligible,Verified,2026-01-12,793.0,Allocated,Paid,Confirmed,2026-01-13,4.0
STU01554,APP01554,Ishaan,Sharma,Male,18,Thane,OBC,75.68,79.29,78.39,58.34,65.92,Artificial Intelligence & Data Science,2026-01-22,College Website,Submitted,Eligible,Verified,2026-01-31,2714.0,Allocated,Paid,Confirmed,2026-02-09,18.0
STU01702,APP01702,Mohit,Singh,Female,18,Badlapur,Open,90.2,59.87,58.09,57.9,61.85,Information Technology,2026-02-13,Social Media,Submitted,Not Eligible,Verified,2026-02-17,,Not Allocated,Not Paid,Not Confirmed,,
STU00611,APP00611,Arjun,Naik,Male,20,Dombivli,Open,87.79,82.92,84.01,67.41,70.97,Computer Engineering,2026-01-25,Education Portal,Submitted,Eligible,Verified,2026-01-29,2412.0,Allocated,Paid,Confirmed,2026-02-07,13.0
STU01651,APP01651,Aarav,Patil,Male,18,Kalyan,OBC,86.64,83.58,78.42,76.66,79.11,Electronics Engineering,2026-07-17,College Website,Withdrawn,Eligible,Not Submitted,,1600.0,Not Allocated,Not Paid,Not Confirmed,,
STU00466,APP00466,Dhruv,Shinde,Female,18,Vasai,EWS,78.29,86.75,87.59,72.67,81.09,Electronics Engineering,2026-02-06,College Visit,Submitted,Eligible,Verified,2026-02-18,1461.0,Allocated,Paid,Confirmed,2026-02-25,19.0
STU00778,APP00778,Nikhil,Sharma,FEMALE,18,Kalyan,Open,75.32,86.97,105.0,55.5,62.28,Artificial Intelligence & Data Science,2026-03-15,College Website,Submitted,Eligible,Pending,,2845.0,Not Allocated,Not Paid,Not Confirmed,,
STU00200,APP00200,Ishaan,Kumar,Female,19,Thane,Open,69.98,73.75,71.15,69.95,71.77,Artificial Intelligence & Data Science,2026-01-24,Advertisement,Submitted,Not Eligible,Pending,,,Not Allocated,Not Paid,Not Confirmed,,
STU01217,APP01217,Ishaan,Chavan,female,19,Vasai,Open,75.43,85.58,83.68,77.07,73.12,Mechanical Engineering,2026-06-27,College Website,Submitted,Eligible,Verified,2026-07-11,1908.0,Allocated,Paid,Confirmed,2026-07-14,17.0
STU01064,APP01064,Yash,Patil,Male,18,Mira Road,Open,81.34,95.74,94.24,83.19,82.28,Artificial Intelligence & Data Science,2026-04-04,Social Media,Submitted,Eligible,Verified,2026-04-09,1463.0,Allocated,Pending,Not Confirmed,,
STU01781,APP01781,Ishaan,Naik,Male,20,Borivali,SC,69.56,79.57,75.99,68.42,75.12,Artificial Intelligence & Data Science,2026-01-14,Social Media,Under Review,Eligible,Pending,,2194.0,Not Allocated,Not Paid,Not Confirmed,,
STU01568,APP01568,Varun,Jadhav,Male,18,Panvel,OBC,86.89,64.65,66.63,65.14,69.1,Information Technology,2026-05-22,Google Search,Submitted,Not Eligible,Pending,,,Not Allocated,Not Paid,Not Confirmed,,
STU01983,APP01983,Karan,Jadhav,Female,18,Andheri,OBC,78.22,87.87,79.41,73.83,73.47,Artificial Intelligence & Data Science,2026-03-24,Education Portal,Submitted,Eligible,Incomplete,,2120.0,Not Allocated,Not Paid,Not Confirmed,,
STU00734,APP00734,Rahul,Deshmukh,Male,20,Borivali,Open,88.15,74.37,79.11,62.8,67.18,Information Technology,2026-05-14,Friend/Family,Submitted,Eligible,Verified,2026-05-29,2438.0,Not Allocated,Not Paid,Not Confirmed,,
STU01413,APP01413,Mohit,Kadam,Male,19,Navi Mumbai,Open,82.59,70.27,70.94,83.2,78.86,Information Technology,2026-05-11,Education Portal,Submitted,Not Eligible,Verified,2026-05-25,,Not Allocated,Not Paid,Not Confirmed,,
STU01426,APP01426,Sakshi,Pawar,Male,18,Borivali,Open,73.88,63.35,70.89,61.67,60.06,Computer Engineering,2026-06-04,Google Search,Submitted,Not Eligible,Incomplete,,,Not Allocated,Not Paid,Not Confirmed,,
STU00675,APP00675,Rohan,Gupta,Female,19,Borivali,Open,79.75,86.53,83.62,78.22,76.8,Artificial Intelligence & Data Science,2026-01-30,Advertisement,Under Review,Eligible,Verified,2026-02-06,1912.0,Allocated,Paid,Confirmed,2026-02-16,17.0
STU00937,APP00937,Neha,Yadav,Female,19,Borivali,Open,74.07,86.48,82.21,73.56,79.05,Artificial Intelligence & Data Science,2026-06-26,College Visit,Submitted,Eligible,Pending,,1945.0,Not Allocated,Not Paid,Not Confirmed,,
STU00044,APP00044,Dev,Chavan,Female,19,Navi Mumbai,OBC,82.43,83.0,82.47,71.41,76.36,Electronics Engineering,2026-02-18,Social Media,Withdrawn,Eligible,Not Submitted,,1766.0,Not Allocated,Not Paid,Not Confirmed,,
STU00275,APP00275,Karan,Tiwari,Male,18,Panvel,OBC,83.0,66.81,65.14,65.98,,Artificial Intelligence & Data Science,2026-02-09,Friend/Family,Submitted,Not Eligible,Verified,2026-02-18,,Not Allocated,Not Paid,Not Confirmed,,
STU01107,APP01107,Aryan,Naik,Male,20,Mira Road,ST,91.09,94.81,97.0,84.97,88.89,Mechanical Engineering,2026-03-23,Social Media,Withdrawn,Eligible,Not Submitted,,853.0,Not Allocated,Not Paid,Not Confirmed,,
STU00102,APP00102,Arjun,Kadam,Male,18,Andheri,OBC,79.75,70.41,71.92,77.28,81.62,Artificial Intelligence & Data Science,2026-07-29,Google Search,Submitted,Not Eligible,Verified,2026-08-04,,Not Allocated,Not Paid,Not Confirmed,,
STU01614,APP01614,Aryan,Kumar,Female,20,Mumbai,OBC,76.83,84.89,86.3,83.95,83.01,Mechanical Engineering,2026-06-07,Google Search,Submitted,Eligible,Incomplete,,1236.0,Not Allocated,Not Paid,Not Confirmed,,
STU01342,APP01342,Dhruv,Kulkarni,Female,18,Thane,Open,76.24,80.55,83.64,82.63,76.98,Information Technology,2026-01-30,College Website,Submitted,Eligible,Verified,2026-02-09,1698.0,Allocated,Paid,Confirmed,2026-02-12,13.0
STU01266,APP01266,Karan,Patil,Male,19,Bhiwandi,EWS,73.96,58.41,60.35,68.6,68.13,Mechanical Engineering,2026-06-30,Social Media,Submitted,Not Eligible,Pending,,,Not Allocated,Not Paid,Not Confirmed,,
STU00108,APP00108,Aman,Chavan,Female,19,Mira Road,Open,75.16,73.23,,64.27,70.55,Information Technology,2026-04-28,Friend/Family,Submitted,Not Eligible,Verified,2026-05-02,,Not Allocated,Not Paid,Not Confirmed,,
STU00694,APP00694,Aarav,Singh,Female,18,Vasai,Open,78.68,96.91,98.0,79.67,85.31,Information Technology,2026-03-03,Friend/Family,Submitted,Eligible,Verified,2026-03-14,1499.0,Allocated,Paid,Confirmed,2026-03-15,12.0
STU00498,APP00498,Manav,Kadam,Male,18,Dombivli,EWS,76.97,89.93,93.29,80.4,88.7,Computer Engineering,2026-06-20,Friend/Family,Submitted,Eligible,Verified,2026-07-02,1170.0,Allocated,Paid,Confirmed,2026-07-03,13.0
DUP16840,APP00060,Vikas,Kumar,Male,18,Goregaon,Open,83.14,60.76,63.95,57.1,58.98,Information Technology,2026-04-05,College Visit,Submitted,Not Eligible,Verified,2026-04-15,,Not Allocated,Not Paid,Not Confirmed,,
STU01834,APP01834,Krishna,Chavan,Female,19,Mumbai,SC,78.96,79.84,75.75,78.17,74.83,Electronics Engineering,2026-05-24,College Website,Submitted,Eligible,Verified,2026-06-07,1977.0,Allocated,Paid,Confirmed,2026-06-10,17.0
STU01336,APP01336,Ayush,Yadav,Male,19,Borivali,SC,81.76,73.26,80.14,71.73,82.24,Electronics Engineering,2026-01-07,College Visit,Under Review,Eligible,Verified,2026-01-19,1651.0,Allocated,Paid,Confirmed,2026-01-24,17.0
STU01882,APP01882,Krishna,Verma,Female,18,Andheri,Open,80.73,93.89,87.54,68.75,69.08,Mechanical Engineering,2026-02-28,College Website,Under Review,Eligible,Verified,2026-03-02,2178.0,Allocated,Paid,Confirmed,2026-03-06,6.0
STU01117,APP01117,Neha,Kulkarni,Male,19,Vasai,Open,73.08,70.8,67.4,54.08,61.35,Computer Engineering,2026-03-23,College Visit,Submitted,Not Eligible,Pending,,,Not Allocated,Not Paid,Not Confirmed,,
STU01461,APP01461,Riya,Pawar,Male,18,Vasai,OBC,64.02,86.05,80.03,72.91,78.23,Electronics Engineering,2026-04-02,Google Search,Under Review,Eligible,Verified,2026-04-07,1889.0,Allocated,Paid,Confirmed,2026-04-16,14.0
STU00621,APP00621,Krishna,Kulkarni,Female,18,Vasai,Open,78.07,61.21,59.26,54.46,54.4,Computer Engineering,2026-04-09,College Website,Under Review,Not Eligible,Pending,,,Not Allocated,Not Paid,Not Confirmed,,
STU01772,APP01772,Dhruv,Tiwari,Female,18,Kalyan,Open,87.29,74.29,74.97,62.04,66.65,Information Technology,2026-05-28,College Website,Submitted,Not Eligible,Verified,2026-06-03,,Not Allocated,Not Paid,Not Confirmed,,
STU00073,APP00073,Vikas,Tiwari,Male,19,Dombivli,Open,70.81,74.35,74.35,67.08,73.46,Electronics Engineering,2026-01-12,Friend/Family,Submitted,Not Eligible,Incomplete,,,Not Allocated,Not Paid,Not Confirmed,,
STU01512,APP01512,Mohit,Singh,Male,19,Mumbai,Open,70.94,75.81,79.28,73.97,78.07,Mechanical Engineering,2026-03-10,Advertisement,Submitted,Eligible,Verified,2026-03-12,1876.0,Allocated,Paid,Confirmed,2026-03-13,3.0
STU01236,APP01236,Yash,Deshmukh,Female,21,Navi Mumbai,Open,75.87,64.16,62.17,62.41,67.9,Electronics Engineering,2026-01-23,Social Media,Withdrawn,Not Eligible,Not Submitted,,,Not Allocated,Not Paid,Not Confirmed,,
STU01178,APP01178,Shreya,Deshmukh,Female,19,Thane,OBC,72.39,66.57,63.22,56.14,61.61,Artificial Intelligence & Data Science,2026-04-20,Social Media,Submitted,Not Eligible,Incomplete,,,Not Allocated,Not Paid,Not Confirmed,,
STU00905,APP00905,Yash,Pawar,Male,18,Andheri,open,60.78,82.2,90.2,81.57,75.83,Artificial Intelligence & Data Science,2026-02-18,College Website,Submitted,Eligible,Verified,2026-02-22,1786.0,Allocated,Paid,Confirmed,2026-03-04,14.0
STU00482,APP00482,Pranav,Gupta,Female,18,Badlapur,SC,82.6,89.3,94.58,78.12,85.9,Mechanical Engineering,2026-07-04,Google Search,Under Review,Eligible,Verified,2026-07-16,1370.0,Allocated,Paid,Confirmed,2026-07-23,19.0
STU01515,APP01515,Dhruv,Deshmukh,Male,18,Badlapur,ST,86.96,83.36,79.43,63.93,68.37,Computer Engineering,2026-06-20,Education Portal,Submitted,Eligible,Verified,2026-06-28,2527.0,Allocated,Paid,Confirmed,2026-07-04,14.0
STU00507,APP00507,Tanmay,Yadav,Female,18,Thane,Open,81.48,84.38,81.66,56.0,56.74,Information Technology,2026-05-09,Friend/Family,Withdrawn,Not Eligible,Not Submitted,,,Not Allocated,Not Paid,Not Confirmed,,
STU01112,APP01112,Sakshi,Verma,Male,21,Navi Mumbai,ST,87.45,71.21,73.27,76.53,82.75,Artificial Intelligence & Data Science,2026-06-23,College Visit,Submitted,Not Eligible,Pending,,,Not Allocated,Not Paid,Not Confirmed,,
STU01643,APP01643,Karan,Pawar,F,19,Goregaon,Open,80.75,88.96,91.26,64.25,74.89,Artificial Intelligence & Data Science,2026-04-24,Google Search,Withdrawn,Eligible,Not Submitted,,1924.0,Not Allocated,Not Paid,Not Confirmed,,
DUP75585,APP01840,Aditya,Singh,Male,19,Borivali,OBC,86.33,85.16,,85.67,83.94,Computer Engineering,2026-02-22,College Visit,Under Review,Eligible,Verified,2026-02-26,1412.0,Allocated,Paid,Confirmed,2026-03-06,12.0
STU01197,APP01197,Ananya,Jadhav,Male,19,Kalyan,Open,62.99,85.91,82.4,66.21,70.17,Computer Engineering,2026-07-24,Advertisement,Submitted,Eligible,Verified,2026-07-30,2326.0,Allocated,Paid,Confirmed,2026-08-06,13.0
STU01252,APP01252,Sneha,More,Female,19,Andheri,OBC,66.5,70.14,66.88,72.45,79.44,Artificial Intelligence & Data Science,2026-01-15,Friend/Family,Submitted,Not Eligible,Incomplete,,,Not Allocated,Not Paid,Not Confirmed,,
STU01840,APP01840,Aditya,Singh,Male,19,Borivali,OBC,86.33,85.16,,85.67,83.94,Computer Engineering,2026-02-22,College Visit,Under Review,Eligible,Verified,2026-02-26,1412.0,Allocated,Paid,Confirmed,2026-03-06,12.0
STU00312,APP00312,Yash,Kadam,Female,17,Navi Mumbai,ST,84.13,81.35,86.27,72.75,74.65,Information Technology,2026-04-11,College Visit,Submitted,Eligible,Verified,2026-04-24,2206.0,Allocated,Paid,Confirmed,2026-04-30,19.0
STU00837,APP00837,Atharva,Sharma,Male,18,Panvel,SC,77.43,80.83,85.16,78.37,76.09,Computer Engineering,2026-07-20,Friend/Family,Submitted,Eligible,Verified,2026-07-29,2026.0,Allocated,Paid,Confirmed,2026-08-04,15.0
STU00406,APP00406,Shreya,Kadam,Female,18,Andheri,Open,66.16,74.19,73.76,81.66,78.79,Information Technology,2026-03-25,College Website,Submitted,Not Eligible,Incomplete,,,Not Allocated,Not Paid,Not Confirmed,,
STU00705,APP00705,Aarav,Kadam,Male,18,Andheri,Open,64.44,65.96,61.23,65.51,71.9,Computer Engineering,2026-07-10,College Visit,Submitted,Not Eligible,Incomplete,,,Not Allocated,Not Paid,Not Confirmed,,
STU01742,APP01742,Aryan,Yadav,Male,18,Mumbai,EWS,89.3,68.97,68.59,71.11,70.5,Information Technology,2026-04-22,College Website,Submitted,Not Eligible,Incomplete,,,Not Allocated,Not Paid,Not Confirmed,,
STU00310,APP00310,Aryan,Kadam,Female,18,Virar,SC,68.12,79.8,79.04,73.44,75.43,Computer Engineering,2026-01-11,College Website,Submitted,Eligible,Pending,,1739.0,Not Allocated,Not Paid,Not Confirmed,,
STU00227,APP00227,Sneha,Pawar,Male,21,Badlapur,Open,65.01,53.04,50.84,46.63,51.22,Electronics Engineering,2026-05-10,College Website,Submitted,Not Eligible,Incomplete,,,Not Allocated,Not Paid,Not Confirmed,,
STU01832,APP01832,Aman,Kumar,Female,18,Borivali,obc,73.06,77.06,73.87,63.13,64.01,Electronics Engineering,2026-03-22,College Visit,Submitted,Not Eligible,Incomplete,,,Not Allocated,Not Paid,Not Confirmed,,
STU01835,APP01835,Pranav,More,Male,21,,ST,79.95,77.16,80.08,74.68,73.66,Electronics Engineering,2026-05-12,Social Media,Submitted,Eligible,Verified,2026-05-16,2161.0,Allocated,Paid,Confirmed,2026-05-26,14.0
STU01543,APP01543,Krishna,Verma,Female,19,Andheri,OBC,71.71,51.73,54.33,57.21,63.91,Mechanical Engineering,2026-04-11,Education Portal,Submitted,Not Eligible,Verified,2026-04-14,,Not Allocated,Not Paid,Not Confirmed,,
STU00835,APP00835,Varun,Jadhav,Male,17,Kalyan,Open,86.69,83.04,90.45,70.12,,Information Technology,2026-06-12,Education Portal,Submitted,Eligible,Incomplete,,1676.0,Not Allocated,Not Paid,Not Confirmed,,
STU01605,APP01605,Mohit,Pawar,Male,18,Bhiwandi,EWS,78.67,51.56,56.34,47.04,54.02,Electronics Engineering,2026-05-06,College Visit,Submitted,Not Eligible,Pending,,,Not Allocated,Not Paid,Not Confirmed,,
STU00149,APP00149,Mohit,Shinde,Female,19,Virar,Open,68.6,73.91,73.4,72.59,78.55,Information Technology,2026-02-07,Education Portal,Under Review,Not Eligible,Incomplete,,,Not Allocated,Not Paid,Not Confirmed,,
STU00631,APP00631,Rohan,Singh,Female,18,Vasai,Open,66.8,75.74,66.66,59.8,66.75,Information Technology,2026-04-08,College Website,Submitted,Not Eligible,Incomplete,,,Not Allocated,Not Paid,Not Confirmed,,
STU00721,APP00721,Rohan,Chavan,Female,19,Goregaon,OBC,59.69,63.58,65.64,69.6,78.07,Computer Engineering,2026-04-03,Google Search,Submitted,Not Eligible,Pending,,,Not Allocated,Not Paid,Not Confirmed,,
STU01958,APP01958,Ananya,Tiwari,Female,18,Goregaon,OBC,80.49,87.91,92.19,88.74,87.97,Computer Engineering,2026-02-26,Friend/Family,Submitted,Eligible,Verified,2026-03-03,978.0,Allocated,Pending,Not Confirmed,,
STU01396,APP01396,Mohit,Mishra,Female,21,Goregaon,OBC ,85.29,74.09,75.26,71.96,75.1,Computer Engineering,2026-05-29,College Visit,Submitted,Eligible,Verified,2026-06-05,2059.0,Allocated,Pending,Not Confirmed,,
STU00846,APP00846,Karan,Gupta,Male,19,Panvel,Open,82.68,79.86,76.62,80.23,83.22,Electronics Engineering,2026-04-04,Advertisement,Submitted,Eligible,Incomplete,,1492.0,Not Allocated,Not Paid,Not Confirmed,,
STU00576,APP00576,Pooja,Mehta,Male,18,Thane,Open,83.95,71.33,65.4,54.32,61.95,Computer Engineering,2026-07-13,Education Portal,Submitted,Not Eligible,Pending,,,Not Allocated,Not Paid,Not Confirmed,,
STU00558,APP00558,Varun,Patil,Female,20,Mumbai,Open,79.64,62.08,68.9,63.81,68.62,Computer Engineering,2026-03-23,Social Media,Submitted,Not Eligible,Incomplete,,,Not Allocated,Not Paid,Not Confirmed,,
STU01473,APP01473,Dhruv,Gupta,Female,19,Goregaon,SC,81.11,65.92,66.86,57.74,64.86,Electronics Engineering,2026-06-20,Education Portal,Submitted,Not Eligible,Verified,2026-06-23,,Not Allocated,Not Paid,Not Confirmed,,
STU01166,APP01166,Pranav,Kulkarni,Female,18,Virar,ST,68.77,67.74,66.17,74.97,79.22,Computer Engineering,2026-03-13,Google Search,Submitted,Not Eligible,Verified,2026-03-27,,Not Allocated,Not Paid,Not Confirmed,,
STU01359,APP01359,Ayush,Shinde,Female,18,Badlapur,Open,88.56,76.01,69.63,76.87,74.04,Mechanical Engineering,2026-02-23,Education Portal,Submitted,Not Eligible,Verified,2026-03-06,,Not Allocated,Not Paid,Not Confirmed,,
STU01704,APP01704,Mohit,Pawar,Female,18,Mira Road,OBC,80.19,83.84,78.25,71.47,72.89,Computer Engineering,2026-02-05,College Website,Submitted,Eligible,Verified,2026-02-16,2147.0,Allocated,Paid,Confirmed,2026-02-21,16.0
STU00629,APP00629,Aditya,Kulkarni,Female,21,Andheri,OBC,77.5,72.17,70.65,72.28,75.19,Artificial Intelligence & Data Science,2026-05-17,College Visit,Submitted,Not Eligible,Verified,2026-05-19,,Not Allocated,Not Paid,Not Confirmed,,
STU00969,APP00969,Pooja,Kumar,Male,19,Goregaon,Open,71.36,56.5,59.29,73.69,75.22,Electronics Engineering,2026-07-25,Friend/Family,Submitted,Not Eligible,Verified,2026-08-03,,Not Allocated,Not Paid,Not Confirmed,,
STU00287,APP00287,Rahul,Yadav,Female,18,Vasai,OBC,70.37,69.48,65.12,-5.0,62.02,Mechanical Engineering,2026-06-24,College Visit,Submitted,Not Eligible,Verified,2026-07-01,,Not Allocated,Not Paid,Not Confirmed,,
STU01619,APP01619,Aditya,Sharma,Male,18,Mira Road,Open,76.75,53.73,53.58,63.04,66.51,Electronics Engineering,2026-07-10,Social Media,Submitted,Not Eligible,Pending,,,Not Allocated,Not Paid,Not Confirmed,,
STU00746,APP00746,Yash,Mishra,Male,18,Kalyan,ST,88.69,56.35,50.43,54.08,59.22,Artificial Intelligence & Data Science,2026-04-07,Education Portal,Submitted,Not Eligible,Incomplete,,,Not Allocated,Not Paid,Not Confirmed,,
STU00599,APP00599,Varun,Shinde,Male,17,Mira Road,Open,90.04,86.08,80.44,78.3,83.07,Computer Engineering,2026-02-22,Social Media,Under Review,Eligible,Verified,2026-03-06,1395.0,Allocated,Paid,Confirmed,2026-03-07,13.0
STU00943,APP00943,Sneha,Jadhav,Male,18,Mira Road,Open,80.22,64.75,60.4,67.34,68.51,Computer Engineering,2026-02-21,Friend/Family,Submitted,Not Eligible,Incomplete,,,Not Allocated,Not Paid,Not Confirmed,,
STU00808,APP00808,Shreya,Yadav,Male,18,Dombivli,ST,80.83,78.12,85.99,77.79,76.8,Computer Engineering,2026-06-08,Google Search,Submitted,Eligible,Verified,2026-06-11,1960.0,Not Allocated,Not Paid,Not Confirmed,,
STU01652,APP01652,Ananya,Kadam,Male,19,Andheri,SC,83.46,97.0,96.7,84.58,91.01,Electronics Engineering,2026-01-03,Advertisement,Submitted,Eligible,Incomplete,,684.0,Not Allocated,Not Paid,Not Confirmed,,
STU01602,APP01602,Manav,Mishra,Male,18,Navi Mumbai,Open,95.87,68.41,73.67,69.16,68.99,Artificial Intelligence & Data Science,2026-04-01,Friend/Family,Submitted,Not Eligible,Verified,2026-04-09,,Not Allocated,Not Paid,Not Confirmed,,
STU01714,APP01714,Shreya,Kulkarni,Male,18,Andheri,Open,76.84,64.69,59.53,64.55,66.07,Mechanical Engineering,2026-04-03,Advertisement,Submitted,Not Eligible,Verified,2026-04-11,,Not Allocated,Not Paid,Not Confirmed,,
STU01241,APP01241,Riya,Mishra,Male,19,Kalyan,EWS,74.42,78.58,76.41,60.93,64.22,Information Technology,2026-02-08,College Website,Withdrawn,Eligible,Not Submitted,,2622.0,Not Allocated,Not Paid,Not Confirmed,,
STU01609,APP01609,Krishna,Kadam,Male,18,Bhiwandi,OBC,80.83,84.06,83.94,80.75,79.18,Electronics Engineering,2026-05-03,Social Media,Withdrawn,Eligible,Not Submitted,,1602.0,Not Allocated,Not Paid,Not Confirmed,,
STU00915,APP00915,Sakshi,Patil,Female,18,Virar,Open,98.0,87.89,84.58,73.05,82.86,Mechanical Engineering,2026-07-15,Friend/Family,Submitted,Eligible,Verified,2026-07-17,1297.0,Allocated,Paid,Confirmed,2026-07-24,9.0
STU00890,APP00890,Pranav,Pawar,Male,19,Vasai,OPEN,77.77,69.11,72.27,52.05,59.02,Electronics Engineering,2026-06-17,College Website,Submitted,Not Eligible,Pending,,,Not Allocated,Not Paid,Not Confirmed,,
STU01784,APP01784,Ananya,Deshmukh,Male,17,Andheri,Open,83.37,62.92,63.54,67.61,68.18,Information Technology,2026-05-30,Advertisement,Under Review,Not Eligible,Pending,,,Not Allocated,Not Paid,Not Confirmed,,
STU01404,APP01404,Arjun,Jadhav,Male,18,Navi Mumbai,OBC,89.9,67.4,64.13,71.9,68.0,Artificial Intelligence & Data Science,2026-03-09,College Website,Submitted,Not Eligible,Pending,,,Not Allocated,Not Paid,Not Confirmed,,
STU00610,APP00610,Sneha,Verma,Female,18,Virar,EWS,71.35,57.61,45.13,53.8,57.74,Computer Engineering,2026-03-18,Advertisement,Under Review,Not Eligible,Incomplete,,,Not Allocated,Not Paid,Not Confirmed,,
STU01053,APP01053,Shreya,Patil,Male,21,Badlapur,Open,82.36,72.98,-5.0,70.96,75.67,Mechanical Engineering,2026-01-17,College Website,Submitted,Eligible,Verified,2026-01-23,1776.0,Allocated,Paid,Confirmed,2026-01-26,9.0
STU01469,APP01469,Aarav,Kulkarni,Male,19,Vasai,OBC,78.1,76.32,74.25,56.01,61.32,Information Technology,2026-02-26,College Website,Submitted,Not Eligible,Incomplete,,,Not Allocated,Not Paid,Not Confirmed,,
STU01780,APP01780,Krishna,Shinde,Male,18,Thane,OBC,86.41,58.1,63.16,59.06,65.81,Electronics Engineering,2026-02-18,Friend/Family,Submitted,Not Eligible,Verified,2026-03-04,,Not Allocated,Not Paid,Not Confirmed,,
STU01790,APP01790,Aarav,Jadhav,Female,18,Goregaon,Open,62.5,76.32,80.67,84.64,81.01,Computer Engineering,2026-04-09,Google Search,Submitted,Eligible,Verified,2026-04-18,1383.0,Allocated,Paid,Confirmed,2026-04-28,19.0
STU00494,APP00494,Nikhil,Naik,Male,18,Dombivli,Open,81.42,74.22,70.57,65.5,67.5,Computer Engineering,2026-01-22,Social Media,Submitted,Not Eligible,Verified,2026-01-25,,Not Allocated,Not Paid,Not Confirmed,,
STU01332,APP01332,Mohit,Tiwari,Female,19,Panvel,EWS,74.1,62.97,61.16,56.13,58.55,Information Technology,2026-04-26,Social Media,Submitted,Not Eligible,Verified,2026-05-10,,Not Allocated,Not Paid,Not Confirmed,,
STU00278,APP00278,Ayush,Shinde,Male,18,Mumbai,Open,61.08,86.15,85.19,86.83,82.06,Computer Engineering,2026-07-08,Google Search,Submitted,Eligible,Verified,2026-07-17,1521.0,Allocated,Paid,Confirmed,2026-07-26,18.0
STU01866,APP01866,Neha,Jadhav,Male,17,Panvel,Open,75.23,96.86,98.0,94.22,97.73,Information Technology,2026-01-07,Friend/Family,Submitted,Eligible,Verified,2026-01-19,208.0,Allocated,Paid,Confirmed,2026-01-22,15.0
STU00359,APP00359,Varun,Kulkarni,Female,18,Thane,Sc,78.22,73.0,75.43,87.47,91.66,Information Technology,2026-06-24,Friend/Family,Submitted,Eligible,Verified,2026-07-09,860.0,Allocated,Paid,Confirmed,2026-07-15,21.0
STU01121,APP01121,Sakshi,Chavan,Female,20,Dombivli,OBC,87.33,73.25,,60.71,63.32,Electronics Engineering,2026-02-11,Advertisement,Submitted,Not Eligible,Incomplete,,,Not Allocated,Not Paid,Not Confirmed,,
STU00237,APP00237,Riya,Mehta,Male,18,Mira Road,EWS,63.53,77.85,85.94,74.11,78.81,Electronics Engineering,2026-06-21,Education Portal,Submitted,Eligible,Verified,2026-07-01,1669.0,Allocated,Paid,Confirmed,2026-07-06,15.0
STU00552,APP00552,Tanmay,Deshmukh,Female,18,Mumbai,Open,63.48,91.08,89.0,69.13,80.35,Information Technology,2026-03-09,Google Search,Submitted,Eligible,Pending,,1503.0,Not Allocated,Not Paid,Not Confirmed,,
STU01916,APP01916,Rahul,Gupta,Male,18,Goregaon,Open,95.97,75.79,79.13,73.21,78.55,Mechanical Engineering,2026-06-08,Friend/Family,Submitted,Eligible,Verified,2026-06-10,1621.0,Allocated,Paid,Confirmed,2026-06-11,3.0
STU00908,APP00908,Rohan,Joshi,Male,20,Goregaon,Open,98.0,67.75,65.78,46.11,54.11,Artificial Intelligence & Data Science,2026-04-10,Education Portal,Submitted,Not Eligible,Incomplete,,,Not Allocated,Not Paid,Not Confirmed,,
STU00209,APP00209,Ishaan,Sharma,Male,18,Goregaon,OBC,92.16,78.5,77.62,74.1,82.48,Computer Engineering,2026-02-06,College Visit,Submitted,Eligible,Verified,2026-02-18,1432.0,Allocated,Paid,Confirmed,2026-02-19,13.0
STU01628,APP01628,Ananya,Jadhav,Female,18,Virar,Open,86.52,71.37,76.31,69.79,74.22,Information Technology,2026-07-02,Social Media,Submitted,Eligible,Verified,2026-07-16,2241.0,Not Allocated,Not Paid,Not Confirmed,,
STU01575,APP01575,Ayush,Singh,Male,18,Mira Road,Open,79.34,91.95,88.98,75.71,83.92,Artificial Intelligence & Data Science,2026-05-21,Education Portal,Submitted,Eligible,Verified,2026-05-24,1294.0,Allocated,Paid,Confirmed,2026-05-30,9.0
STU00059,APP00059,Manav,Naik,Female,18,Virar,OBC,78.89,83.51,76.83,70.9,77.42,Information Technology,2026-01-03,College Website,Submitted,Eligible,Verified,2026-01-06,2064.0,Not Allocated,Not Paid,Not Confirmed,,
STU00632,APP00632,Nikhil,Pawar,Female,17,Borivali,EWS,81.05,70.81,74.22,70.96,72.52,Information Technology,2026-02-09,Google Search,Submitted,Not Eligible,Verified,2026-02-22,,Not Allocated,Not Paid,Not Confirmed,,
STU01831,APP01831,Akash,More,Female,19,Virar,Open,60.71,82.56,77.39,56.16,67.58,Artificial Intelligence & Data Science,2026-02-16,Education Portal,Submitted,Eligible,Verified,2026-03-02,2718.0,Not Allocated,Not Paid,Not Confirmed,,
STU01879,APP01879,Rohan,Patil,Female,18,Thane,SC,71.92,87.97,88.32,86.95,85.09,Artificial Intelligence & Data Science,2026-04-17,College Visit,Under Review,Eligible,Verified,2026-04-30,1357.0,Not Allocated,Not Paid,Not Confirmed,,
STU01592,APP01592,Yash,Mehta,Male,19,Navi Mumbai,Open,67.5,85.38,90.26,74.68,76.1,Computer Engineering,2026-01-20,Social Media,Submitted,Eligible,Verified,2026-02-04,1742.0,Allocated,Paid,Confirmed,2026-02-05,16.0
STU00364,APP00364,Atharva,Jadhav,Male,18,Thane,OBC,78.77,95.71,95.63,70.2,78.44,Artificial Intelligence & Data Science,2026-06-02,College Website,Under Review,Eligible,Pending,,1738.0,Not Allocated,Not Paid,Not Confirmed,,
STU00506,APP00506,Atharva,Deshmukh,Male,18,Bhiwandi,OBC,98.0,82.72,80.43,64.91,66.58,Computer Engineering,2026-07-04,Social Media,Submitted,Eligible,Pending,,2478.0,Not Allocated,Not Paid,Not Confirmed,,
STU00680,APP00680,Sakshi,Naik,Male,18,Borivali,ST,52.04,61.74,63.32,65.8,71.92,Computer Engineering,2026-06-15,College Visit,Withdrawn,Not Eligible,Not Submitted,,,Not Allocated,Not Paid,Not Confirmed,,
STU01132,APP01132,Akash,Kadam,Female,19,Panvel,Open,84.38,75.6,73.59,70.47,79.44,Electronics Engineering,2026-05-04,College Visit,Submitted,Not Eligible,Pending,,,Not Allocated,Not Paid,Not Confirmed,,
STU01618,APP01618,Rohan,Chavan,Male,18,Badlapur,Open,85.14,74.23,61.32,51.64,52.71,Artificial Intelligence & Data Science,2026-01-13,Google Search,Submitted,Not Eligible,Pending,,,Not Allocated,Not Paid,Not Confirmed,,
STU01227,APP01227,Mohit,Singh,Male,18,Borivali,Open,66.43,72.87,69.23,57.08,67.32,Information Technology,2026-02-22,Google Search,Submitted,Not Eligible,Pending,,,Not Allocated,Not Paid,Not Confirmed,,
STU01423,APP01423,Ishaan,Yadav,Female,18,Goregaon,OBC,69.7,75.75,77.15,58.61,57.26,Artificial Intelligence & Data Science,2026-05-09,College Visit,Submitted,Not Eligible,Incomplete,,,Not Allocated,Not Paid,Not Confirmed,,
STU00995,APP00995,Tanmay,Mishra,Female,19,Badlapur,Sc,69.67,93.67,92.46,89.86,95.81,Information Technology,2026-02-27,Google Search,Under Review,Eligible,Pending,,511.0,Not Allocated,Not Paid,Not Confirmed,,
STU00825,APP00825,Aryan,Deshmukh,Male,19,Navi Mumbai,OBC,87.52,80.71,80.76,68.79,69.3,Electronics Engineering,2026-01-13,College Visit,Submitted,Eligible,Verified,2026-01-15,2245.0,Not Allocated,Not Paid,Not Confirmed,,
STU00119,APP00119,Neha,Kadam,Female,18,Thane,Open,59.14,78.54,77.5,80.92,82.45,Artificial Intelligence & Data Science,2026-02-19,Social Media,Submitted,Eligible,Verified,2026-02-24,1413.0,Allocated,Paid,Confirmed,2026-02-25,6.0
STU01260,APP01260,Riya,Shinde,Male,20,Vasai,ST,68.3,82.63,93.04,77.94,85.9,Artificial Intelligence & Data Science,2026-05-15,Friend/Family,Submitted,Eligible,Verified,2026-05-27,1255.0,Allocated,Pending,Not Confirmed,,
STU00775,APP00775,Shreya,Deshmukh,Female,19,Mira Road,OBC,70.99,69.48,68.24,52.64,54.83,Computer Engineering,2026-04-28,College Visit,Withdrawn,Not Eligible,Not Submitted,,,Not Allocated,Not Paid,Not Confirmed,,
STU00523,APP00523,Atharva,Singh,Female,19,Thane,Open,77.09,55.07,49.05,57.97,61.3,Information Technology,2026-07-25,Advertisement,Submitted,Not Eligible,Verified,2026-07-29,,Not Allocated,Not Paid,Not Confirmed,,
STU00514,APP00514,Yash,Shinde,Female,18,Borivali,Open,76.22,82.66,84.97,77.51,82.13,Information Technology,2026-04-06,Education Portal,Submitted,Eligible,Verified,2026-04-19,1294.0,Allocated,Pending,Not Confirmed,,
STU00082,APP00082,Pranav,Yadav,Female,18,Bhiwandi,Open,69.19,78.56,82.49,87.76,88.11,Computer Engineering,2026-06-11,College Visit,Under Review,Eligible,Verified,2026-06-16,1200.0,Allocated,Paid,Confirmed,2026-06-24,13.0
STU00731,APP00731,Ishaan,Patil,Male,18,Andheri,OBC,81.32,77.24,80.98,77.34,81.28,Computer Engineering,2026-05-05,Google Search,Submitted,Eligible,Pending,,1343.0,Not Allocated,Not Paid,Not Confirmed,,
STU01028,APP01028,Karan,Kulkarni,Female,18,,Open,84.66,77.61,83.76,75.87,76.73,Electronics Engineering,2026-03-08,Advertisement,Submitted,Eligible,Incomplete,,1764.0,Not Allocated,Not Paid,Not Confirmed,,
STU00381,APP00381,Manav,Naik,Female,18,Dombivli,Open,88.38,89.86,88.65,58.11,62.69,Information Technology,2026-03-08,Social Media,Submitted,Eligible,Verified,2026-03-18,3063.0,Allocated,Pending,Not Confirmed,,
STU01038,APP01038,Aditya,Yadav,Female,19,Virar,EWS,75.29,75.48,72.24,73.87,75.18,Electronics Engineering,2026-03-29,College Website,Submitted,Not Eligible,Pending,,,Not Allocated,Not Paid,Not Confirmed,,
STU01705,APP01705,Karan,Chavan,Male,18,Vasai,Open,88.57,65.82,67.09,63.84,71.19,Artificial Intelligence & Data Science,2026-04-04,College Visit,Submitted,Not Eligible,Verified,2026-04-19,,Not Allocated,Not Paid,Not Confirmed,,
STU00085,APP00085,Atharva,Singh,Female,18,Navi Mumbai,Open,62.79,85.87,84.46,76.33,79.59,Information Technology,2026-07-25,Education Portal,Submitted,Eligible,Verified,2026-08-06,1700.0,Not Allocated,Not Paid,Not Confirmed,,
STU01694,APP01694,Ishaan,More,Female,17,Virar,EWS,74.8,77.8,85.2,67.39,81.09,Information Technology,2026-02-19,Social Media,Submitted,Eligible,Verified,2026-03-05,1524.0,Allocated,Paid,Confirmed,2026-03-08,17.0
STU00979,APP00979,Riya,Yadav,Female,18,Thane,SC,66.5,79.74,80.53,85.46,93.94,Information Technology,2026-06-01,College Visit,Submitted,Eligible,Verified,2026-06-10,591.0,Allocated,Paid,Confirmed,2026-06-18,17.0
STU00330,APP00330,Sakshi,Tiwari,Male,19,Kalyan,Open,77.42,57.3,,62.07,63.45,Artificial Intelligence & Data Science,2026-01-13,Friend/Family,Submitted,Not Eligible,Pending,,,Not Allocated,Not Paid,Not Confirmed,,
STU00007,APP00007,Pranav,Pawar,Male,18,Borivali,EWS,71.91,82.12,86.24,77.6,85.22,Electronics Engineering,2026-04-28,College Visit,Submitted,Eligible,Verified,2026-05-01,1533.0,Not Allocated,Not Paid,Not Confirmed,,
STU00753,APP00753,Mohit,Shinde,Male,18,Dombivli,EWS,71.44,74.11,74.83,57.9,67.16,Information Technology,2026-06-03,College Visit,Submitted,Not Eligible,Pending,,,Not Allocated,Not Paid,Not Confirmed,,
STU00766,APP00766,Rahul,Verma,Female,19,Mumbai,OBC,77.45,69.69,68.5,68.54,74.37,Mechanical Engineering,2026-02-21,Advertisement,Submitted,Not Eligible,Verified,2026-03-05,,Not Allocated,Not Paid,Not Confirmed,,
STU01231,APP01231,Ishaan,Tiwari,Female,17,Thane,SC,80.07,68.76,82.27,75.91,80.23,Computer Engineering,2026-01-03,Education Portal,Submitted,Eligible,Verified,2026-01-07,1830.0,Allocated,Paid,Confirmed,2026-01-14,11.0
STU01507,APP01507,Krishna,Gupta,Male,19,Badlapur,Open,70.51,79.5,77.94,67.89,74.41,Information Technology,2026-02-17,Friend/Family,Submitted,Eligible,Verified,2026-02-21,1893.0,Allocated,Paid,Confirmed,2026-03-02,13.0
STU00452,APP00452,Tanmay,Kulkarni,Female,18,Bhiwandi,OBC,62.87,67.19,74.38,70.7,67.45,Information Technology,2026-06-25,Education Portal,Submitted,Not Eligible,Pending,,,Not Allocated,Not Paid,Not Confirmed,,
STU00491,APP00491,Akash,Sharma,Female,18,Kalyan,EWS,73.85,72.27,72.29,73.15,82.21,Computer Engineering,2026-01-11,College Website,Submitted,Not Eligible,Pending,,,Not Allocated,Not Paid,Not Confirmed,,
STU01495,APP01495,Yash,Singh,Female,18,Panvel,Open,66.02,94.65,98.0,76.13,81.36,Information Technology,2026-02-11,Google Search,Submitted,Eligible,Verified,2026-02-25,1528.0,Not Allocated,Not Paid,Not Confirmed,,
STU00288,APP00288,Ananya,Naik,Male,18,Andheri,OBC,65.35,87.56,85.88,84.3,86.22,Computer Engineering,2026-02-03,Education Portal,Submitted,Eligible,Verified,2026-02-13,1431.0,Allocated,Pending,Not Confirmed,,
STU01553,APP01553,Shreya,Yadav,Female,20,Goregaon,EWS,83.14,89.88,85.4,78.57,75.28,Information Technology,2026-07-29,Friend/Family,Submitted,Eligible,Verified,2026-08-06,1871.0,Allocated,Paid,Confirmed,2026-08-14,16.0
DUP97142,APP01092,Neha,Chavan,Female,18,Mumbai,EWS,64.74,84.0,88.77,84.42,77.72,Computer Engineering,2026-01-17,Social Media,Under Review,Eligible,Verified,2026-01-24,1791.0,Allocated,Paid,Confirmed,2026-02-02,16.0
STU01381,APP01381,Pooja,Singh,Male,21,Mumbai,OBC,62.18,81.71,75.88,81.04,87.01,Computer Engineering,2026-09-01,Education Portal,Submitted,Eligible,Verified,2026-01-16,1365.0,Allocated,Paid,Confirmed,2026-01-18,9.0
STU00772,APP00772,Yash,Kulkarni,Male,20,Dombivli,OBC,77.16,71.51,74.2,55.23,53.51,Computer Engineering,2026-02-14,Education Portal,Submitted,Not Eligible,Pending,,,Not Allocated,Not Paid,Not Confirmed,,
STU01353,APP01353,Manav,Patil,Male,20,Goregaon,SC,70.75,77.44,73.68,55.19,64.91,Computer Engineering,2026-04-29,Advertisement,Submitted,Not Eligible,Verified,2026-05-10,,Not Allocated,Not Paid,Not Confirmed,,
STU00810,APP00810,Rahul,Kumar,Male,18,Virar,Open,76.34,82.72,75.86,64.64,77.48,Electronics Engineering,2026-02-13,College Website,Under Review,Eligible,Verified,2026-02-15,1916.0,Allocated,Paid,Confirmed,2026-02-21,8.0
STU01718,APP01718,Riya,Pawar,Male,18,Goregaon,Open,91.41,78.56,81.06,78.21,89.32,Electronics Engineering,2026-01-14,College Website,Submitted,Eligible,Pending,,1206.0,Not Allocated,Not Paid,Not Confirmed,,
STU00807,APP00807,Akash,Verma,Male,19,Mumbai,ST,86.38,79.95,78.7,64.94,69.41,Computer Engineering,2026-07-17,Education Portal,Submitted,Eligible,Pending,,2410.0,Not Allocated,Not Paid,Not Confirmed,,
STU00889,APP00889,Ayush,Gupta,Male,21,Dombivli,Open,72.33,68.66,62.87,64.13,62.94,Artificial Intelligence & Data Science,2026-02-21,Advertisement,Submitted,Not Eligible,Verified,2026-03-06,,Not Allocated,Not Paid,Not Confirmed,,
STU00931,APP00931,Aditya,Singh,Female,21,Navi Mumbai,Open,78.55,95.26,95.59,85.69,92.03,Information Technology,2026-02-11,Friend/Family,Submitted,Eligible,Verified,2026-02-17,870.0,Allocated,Pending,Not Confirmed,,
STU01103,APP01103,Vikas,More,Male,19,Andheri,OBC ,64.56,74.31,75.44,58.78,72.3,Artificial Intelligence & Data Science,2026-03-08,Google Search,Submitted,Eligible,Verified,2026-03-17,2130.0,Not Allocated,Not Paid,Not Confirmed,,
STU01666,APP01666,Ayush,Kumar,Male,18,Badlapur,Open,65.0,72.39,71.51,71.91,78.61,Artificial Intelligence & Data Science,2026-02-02,Google Search,Submitted,Not Eligible,Incomplete,,,Not Allocated,Not Paid,Not Confirmed,,
STU00328,APP00328,Rahul,Pawar,Female,18,Kalyan,OBC,76.69,80.86,74.67,74.0,79.88,Electronics Engineering,2026-02-21,Advertisement,Submitted,Not Eligible,Verified,2026-03-03,,Not Allocated,Not Paid,Not Confirmed,,
STU00443,APP00443,Sneha,Naik,Male,18,Badlapur,Open,77.06,79.93,76.98,73.15,75.06,Artificial Intelligence & Data Science,2026-03-25,Google Search,Submitted,Eligible,Verified,2026-04-03,1804.0,Allocated,Paid,Confirmed,2026-04-11,17.0
STU00783,APP00783,Ishaan,Kumar,Male,18,Thane,Open,88.51,68.25,64.83,62.31,64.44,Computer Engineering,2026-01-21,Friend/Family,Submitted,Not Eligible,Pending,,,Not Allocated,Not Paid,Not Confirmed,,
STU01088,APP01088,Vikas,Patil,Male,19,Bhiwandi,Open,82.12,81.92,85.26,69.1,71.28,Electronics Engineering,2026-04-04,Education Portal,Under Review,Eligible,Verified,2026-04-15,2031.0,Allocated,Paid,Confirmed,2026-04-18,14.0
STU01340,APP01340,Aryan,Shinde,Female,17,Thane,OBC,76.22,77.47,75.22,65.26,66.12,Electronics Engineering,2026-07-26,College Visit,Under Review,Eligible,Pending,,2682.0,Not Allocated,Not Paid,Not Confirmed,,
STU00888,APP00888,Rohan,Sharma,Female,18,Panvel,OBC,83.27,57.88,68.4,66.42,74.04,Computer Engineering,2026-06-19,College Visit,Submitted,Not Eligible,Verified,2026-06-21,,Not Allocated,Not Paid,Not Confirmed,,
STU00178,APP00178,Ishaan,Pawar,Female,20,Goregaon,Open,77.71,66.27,66.25,73.22,74.95,Information Technology,2026-06-13,Social Media,Submitted,Not Eligible,Incomplete,,,Not Allocated,Not Paid,Not Confirmed,,
STU00745,APP00745,Tanmay,Gupta,Female,18,Navi Mumbai,OBC,72.42,70.14,64.44,53.39,63.86,Information Technology,2026-07-05,Friend/Family,Submitted,Not Eligible,Verified,2026-07-12,,Not Allocated,Not Paid,Not Confirmed,,
STU00711,APP00711,Aman,Patil,Male,17,Panvel,OBC,87.59,73.42,78.49,69.2,77.99,Artificial Intelligence & Data Science,2026-06-02,Education Portal,Submitted,Eligible,Verified,2026-06-12,1821.0,Not Allocated,Not Paid,Not Confirmed,,
STU00087,APP00087,Neha,Chavan,Female,18,Navi Mumbai,EWS,66.13,73.74,78.0,74.72,75.21,Artificial Intelligence & Data Science,2026-07-10,Advertisement,Submitted,Eligible,Pending,,1979.0,Not Allocated,Not Paid,Not Confirmed,,
STU01421,APP01421,Krishna,Mishra,Female,18,Bhiwandi,Open,81.23,54.71,47.3,57.7,63.04,Computer Engineering,2026-04-15,Social Media,Withdrawn,Not Eligible,Not Submitted,,,Not Allocated,Not Paid,Not Confirmed,,
STU01920,APP01920,Neha,Yadav,Male,18,Kalyan,OBC,78.13,75.93,85.66,69.05,80.73,Artificial Intelligence & Data Science,2026-03-25,College Visit,Submitted,Eligible,Verified,2026-04-01,1773.0,Allocated,Paid,Confirmed,2026-04-08,14.0
STU00458,APP00458,Varun,Patil,Female,19,Dombivli,Open,73.42,97.0,94.14,76.18,80.46,Electronics Engineering,2026-03-31,Advertisement,Submitted,Eligible,Verified,2026-04-15,1412.0,Allocated,Pending,Not Confirmed,,
STU01847,APP01847,Sakshi,Shinde,Male,18,Virar,EWS,82.28,83.9,84.63,85.21,86.95,Information Technology,2026-07-09,Friend/Family,Submitted,Eligible,Verified,2026-07-19,1016.0,Allocated,Paid,Confirmed,2026-07-24,15.0
STU00055,APP00055,Ayush,Singh,Male,18,Borivali,Open,76.32,75.52,71.27,59.87,66.28,Mechanical Engineering,2026-05-22,Google Search,Submitted,Not Eligible,Pending,,,Not Allocated,Not Paid,Not Confirmed,,
STU01996,APP01996,Dhruv,Shinde,Female,20,Vasai,Open,83.38,67.44,63.62,59.49,64.69,Information Technology,2026-07-01,Education Portal,Withdrawn,Not Eligible,Not Submitted,,,Not Allocated,Not Paid,Not Confirmed,,
STU00644,APP00644,Vikas,Yadav,Female,18,Goregaon,Open,81.43,85.82,86.92,64.49,,Computer Engineering,2026-03-29,Google Search,Submitted,Eligible,Verified,2026-04-01,2311.0,Allocated,Pending,Not Confirmed,,
STU00678,APP00678,Riya,Pawar,Male,19,Goregaon,Open,86.77,75.37,72.73,74.74,78.14,Computer Engineering,2026-01-16,Friend/Family,Under Review,Not Eligible,Verified,2026-01-30,,Not Allocated,Not Paid,Not Confirmed,,
STU00222,APP00222,Neha,Mehta,Male,19,Andheri,Open,87.03,84.43,86.67,82.21,80.77,Artificial Intelligence & Data Science,2026-03-31,Social Media,Submitted,Eligible,Verified,2026-04-13,1837.0,Allocated,Paid,Confirmed,2026-04-16,16.0
STU00114,APP00114,Atharva,Chavan,Female,21,Virar,OPEN,81.93,82.14,78.05,62.38,72.69,Electronics Engineering,2026-07-14,Google Search,Submitted,Eligible,Verified,2026-07-27,2155.0,Allocated,Paid,Confirmed,2026-08-04,21.0
STU00994,APP00994,Yash,Chavan,Male,19,Vasai,Open,74.48,82.59,83.52,82.25,84.16,Computer Engineering,2026-05-11,Education Portal,Submitted,Eligible,Pending,,1391.0,Not Allocated,Not Paid,Not Confirmed,,
STU01334,APP01334,Ananya,Deshmukh,Male,18,Andheri,EWS,72.27,88.95,90.57,69.14,75.65,Electronics Engineering,2026-06-09,Friend/Family,Submitted,Eligible,Verified,2026-06-20,1914.0,Allocated,Paid,Confirmed,2026-06-27,18.0
STU01011,APP01011,Sakshi,Gupta,Male,18,Panvel,OBC,86.96,85.37,88.69,79.54,82.8,Information Technology,2026-07-07,Advertisement,Submitted,Eligible,Pending,,1381.0,Not Allocated,Not Paid,Not Confirmed,,
STU00175,APP00175,Tanmay,Gupta,Female,18,Goregaon,OBC,70.55,76.86,72.57,50.85,51.69,Information Technology,2026-05-04,Advertisement,Submitted,Not Eligible,Pending,,,Not Allocated,Not Paid,Not Confirmed,,
STU01470,APP01470,Riya,Pawar,Female,21,Mumbai,OBC,92.93,57.14,55.65,52.0,57.51,Information Technology,2026-01-18,Google Search,Withdrawn,Not Eligible,Not Submitted,,,Not Allocated,Not Paid,Not Confirmed,,
STU00590,APP00590,Ayush,Chavan,Male,18,Kalyan,Open,66.35,65.04,64.77,69.5,70.04,Information Technology,2026-04-24,Google Search,Submitted,Not Eligible,Incomplete,,,Not Allocated,Not Paid,Not Confirmed,,
STU01574,APP01574,Dhruv,Chavan,Female,19,Mumbai,OBC,81.62,93.48,97.31,78.23,81.63,Computer Engineering,2026-06-04,Google Search,Withdrawn,Eligible,Not Submitted,,1325.0,Not Allocated,Not Paid,Not Confirmed,,
STU00019,APP00019,Varun,Singh,Male,18,Mira Road,OBC,86.67,80.13,83.42,84.69,90.18,Computer Engineering,2026-02-10,Advertisement,Submitted,Eligible,Incomplete,,1036.0,Not Allocated,Not Paid,Not Confirmed,,
STU00424,APP00424,Sneha,Kulkarni,Female,18,Thane,Open,92.88,73.54,75.92,75.49,82.21,Information Technology,2026-05-25,Google Search,Withdrawn,Eligible,Not Submitted,,1549.0,Not Allocated,Not Paid,Not Confirmed,,
STU01799,APP01799,Rahul,Kulkarni,Female,18,Kalyan,Open,69.08,67.2,68.78,63.24,65.78,Artificial Intelligence & Data Science,2026-03-17,Google Search,Submitted,Not Eligible,Pending,,,Not Allocated,Not Paid,Not Confirmed,,
STU00286,APP00286,Karan,Verma,Female,20,Andheri,OBC,70.25,77.97,79.22,86.51,86.55,Mechanical Engineering,2026-04-15,Advertisement,Submitted,Eligible,Verified,2026-04-26,979.0,Allocated,Paid,Confirmed,2026-05-02,17.0
STU01974,APP01974,Karan,Yadav,Female,19,Badlapur,Open,59.84,93.1,96.2,74.03,81.9,Mechanical Engineering,2026-07-16,Advertisement,Submitted,Eligible,Verified,2026-07-26,1299.0,Allocated,Paid,Confirmed,2026-08-04,19.0
STU00429,APP00429,Pooja,Kulkarni,Female,18,Virar,Open,77.21,81.48,85.28,81.52,78.0,Computer Engineering,2026-01-10,Advertisement,Submitted,Eligible,Verified,2026-01-17,1900.0,Allocated,Paid,Confirmed,2026-01-26,16.0
STU01524,APP01524,Varun,Mehta,Male,19,Navi Mumbai,Open,77.58,81.29,80.11,53.96,59.8,Artificial Intelligence & Data Science,2026-05-08,Advertisement,Under Review,Not Eligible,Verified,2026-05-11,,Not Allocated,Not Paid,Not Confirmed,,
STU00758,APP00758,Pooja,Joshi,Female,18,Mira Road,OBC,85.26,78.57,76.05,69.57,76.25,Information Technology,2026-04-12,Advertisement,Submitted,Eligible,Verified,2026-04-17,1874.0,Allocated,Paid,Confirmed,2026-04-26,14.0
STU00670,APP00670,Shreya,Gupta,Male,18,Borivali,Open,71.0,76.32,83.59,70.5,70.7,Information Technology,2026-07-28,Google Search,Submitted,Eligible,Verified,2026-07-31,2250.0,Allocated,Paid,Confirmed,2026-08-10,13.0
STU00032,APP00032,Akash,Patil,Female,20,Thane,Open,60.43,71.14,71.97,71.35,77.06,Computer Engineering,2026-05-12,Google Search,Under Review,Not Eligible,Verified,2026-05-18,,Not Allocated,Not Paid,Not Confirmed,,
STU01755,APP01755,Aryan,Sharma,Female,18,Navi Mumbai,ST,89.27,75.39,70.89,61.95,61.91,Computer Engineering,2026-02-26,College Website,Withdrawn,Not Eligible,Not Submitted,,,Not Allocated,Not Paid,Not Confirmed,,
STU00723,APP00723,Arjun,Kadam,Male,19,Goregaon,Open,84.14,85.63,80.73,89.26,90.73,Artificial Intelligence & Data Science,2026-03-13,Advertisement,Submitted,Eligible,Verified,2026-03-28,720.0,Allocated,Paid,Confirmed,2026-04-01,19.0
STU01006,APP01006,Ayush,Pawar,Male,18,Borivali,OBC,73.72,56.74,62.71,63.55,70.12,Computer Engineering,2026-01-29,College Visit,Submitted,Not Eligible,Incomplete,,,Not Allocated,Not Paid,Not Confirmed,,
STU00215,APP00215,Dev,Jadhav,Male,18,Andheri,Open,76.25,87.34,89.71,60.56,60.99,Computer Engineering,2026-03-07,Social Media,Submitted,Eligible,Verified,2026-03-14,2792.0,Allocated,Paid,Confirmed,2026-03-21,14.0
STU01034,APP01034,Aarav,Patil,Female,20,Dombivli,Open,79.79,52.09,48.01,60.3,64.52,Computer Engineering,2026-02-08,Friend/Family,Submitted,Not Eligible,Verified,2026-02-15,,Not Allocated,Not Paid,Not Confirmed,,
STU01263,APP01263,Neha,Singh,Female,17,Bhiwandi,OBC,84.47,74.4,72.04,53.78,56.96,Artificial Intelligence & Data Science,2026-01-25,Education Portal,Under Review,Not Eligible,Incomplete,,,Not Allocated,Not Paid,Not Confirmed,,
STU00327,APP00327,Shreya,Kumar,Female,18,Mumbai,Open,62.3,81.82,81.56,73.71,79.4,Computer Engineering,2026-03-15,Friend/Family,Submitted,Eligible,Verified,2026-03-18,1619.0,Not Allocated,Not Paid,Not Confirmed,,
STU00561,APP00561,Rohan,Sharma,Female,18,Mira Road,EWS,66.9,57.01,60.01,68.27,74.96,Computer Engineering,2026-02-12,College Visit,Withdrawn,Not Eligible,Not Submitted,,,Not Allocated,Not Paid,Not Confirmed,,
STU01303,APP01303,Krishna,Shinde,Male,18,Andheri,Open,63.91,97.0,98.0,81.03,81.9,Computer Engineering,2026-04-20,Education Portal,Submitted,Eligible,Verified,2026-04-28,1726.0,Allocated,Paid,Confirmed,2026-05-07,17.0
STU00701,APP00701,Sakshi,Chavan,Male,17,Borivali,Open,75.9,81.48,82.39,64.69,65.68,Information Technology,2026-06-25,Google Search,Submitted,Eligible,Pending,,2415.0,Not Allocated,Not Paid,Not Confirmed,,
STU00757,APP00757,Ananya,Chavan,Female,18,Dombivli,EWS,84.6,68.76,65.15,59.64,64.59,Artificial Intelligence & Data Science,2026-05-18,Education Portal,Submitted,Not Eligible,Pending,,,Not Allocated,Not Paid,Not Confirmed,,
STU01558,APP01558,Karan,Naik,Female,17,Thane,Open,67.57,69.87,68.51,70.53,78.97,Computer Engineering,2026-05-13,Advertisement,Submitted,Not Eligible,Pending,,,Not Allocated,Not Paid,Not Confirmed,,
STU00342,APP00342,Dev,Tiwari,Male,18,Navi Mumbai,Open,77.27,58.69,64.67,65.75,67.35,Computer Engineering,2026-06-06,Advertisement,Submitted,Not Eligible,Verified,2026-06-18,,Not Allocated,Not Paid,Not Confirmed,,
STU00630,APP00630,Pranav,Patil,Male,18,Mira Road,OBC,74.99,76.2,70.34,56.8,58.25,Mechanical Engineering,2026-01-06,College Website,Under Review,Not Eligible,Incomplete,,,Not Allocated,Not Paid,Not Confirmed,,
STU00148,APP00148,Rahul,Kumar,Female,18,Borivali,Open,74.97,79.02,76.51,67.09,73.69,Mechanical Engineering,2026-03-16,College Visit,Under Review,Eligible,Verified,2026-03-29,1981.0,Allocated,Paid,Confirmed,2026-04-06,21.0
STU01731,APP01731,Rahul,More,Male,21,Thane,Open,75.47,51.5,55.21,58.07,,Computer Engineering,2026-07-26,Advertisement,Submitted,Not Eligible,Verified,2026-07-29,,Not Allocated,Not Paid,Not Confirmed,,
STU00361,APP00361,Tanmay,Sharma,Male,18,Dombivli,Open,93.09,66.54,61.93,70.93,73.24,Computer Engineering,2026-04-29,Friend/Family,Submitted,Not Eligible,Pending,,,Not Allocated,Not Paid,Not Confirmed,,
STU00084,APP00084,Vikas,Singh,M,18,Kalyan,OBC,65.34,96.81,95.59,81.2,84.72,Computer Engineering,2026-02-15,Advertisement,Submitted,Eligible,Verified,2026-02-28,1335.0,Allocated,Paid,Confirmed,2026-03-09,22.0
STU00049,APP00049,Pooja,Mehta,Female,18,Dombivli,OBC,67.35,55.61,54.53,69.02,66.33,Information Technology,2026-02-22,Friend/Family,Submitted,Not Eligible,Incomplete,,,Not Allocated,Not Paid,Not Confirmed,,
STU00469,APP00469,Shreya,Yadav,Female,21,Mira Road,Open,96.84,60.88,65.52,67.28,74.1,Artificial Intelligence & Data Science,2026-06-20,Friend/Family,Submitted,Not Eligible,Pending,,,Not Allocated,Not Paid,Not Confirmed,,
STU00156,APP00156,Rohan,Kulkarni,Female,19,Mira Road,Open,82.83,82.07,87.31,65.51,71.07,Computer Engineering,2026-07-22,Advertisement,Submitted,Eligible,Verified,2026-08-03,2103.0,Allocated,Paid,Confirmed,2026-08-04,13.0
STU00781,APP00781,Mohit,Jadhav,Male,18,Borivali,Open,73.25,89.53,76.65,72.65,76.33,Computer Engineering,2026-03-03,Advertisement,Submitted,Eligible,Pending,,1792.0,Not Allocated,Not Paid,Not Confirmed,,
STU01430,APP01430,Sneha,Naik,Female,20,Borivali,Open,59.41,68.38,64.35,49.34,54.4,Information Technology,2026-07-28,Education Portal,Submitted,Not Eligible,Incomplete,,,Not Allocated,Not Paid,Not Confirmed,,
STU01211,APP01211,Rahul,Joshi,Male,18,Virar,Open,81.01,94.4,98.0,66.93,64.49,Information Technology,2026-03-02,Advertisement,Submitted,Eligible,Verified,2026-03-11,2684.0,Allocated,Paid,Confirmed,2026-03-18,16.0
STU01415,APP01415,Dhruv,Joshi,Female,19,Borivali,SC,77.59,71.61,72.74,79.02,82.17,Mechanical Engineering,2026-05-07,Education Portal,Submitted,Not Eligible,Pending,,,Not Allocated,Not Paid,Not Confirmed,,
STU01474,APP01474,Dhruv,Sharma,Female,17,Bhiwandi,Open,75.2,77.67,80.6,82.06,85.06,Artificial Intelligence & Data Science,2026-05-11,Friend/Family,Submitted,Eligible,Verified,2026-05-24,1165.0,Allocated,Paid,Confirmed,2026-05-25,14.0
STU01645,APP01645,Sakshi,Chavan,Female,18,Navi Mumbai,EWS,66.4,83.35,78.97,69.96,75.08,Artificial Intelligence & Data Science,2026-05-03,College Website,Submitted,Eligible,Verified,2026-05-12,1837.0,Allocated,Pending,Not Confirmed,,
STU00501,APP00501,Dhruv,Chavan,Female,18,Virar,EWS,67.41,94.21,91.94,84.13,87.68,Mechanical Engineering,2026-01-17,Social Media,Submitted,Eligible,Pending,,1227.0,Not Allocated,Not Paid,Not Confirmed,,
STU01782,APP01782,Sneha,Patil,Male,18,Mumbai,Open,58.89,84.04,88.38,71.69,80.15,Electronics Engineering,2026-03-19,College Website,Submitted,Eligible,Pending,,1525.0,Not Allocated,Not Paid,Not Confirmed,,
STU00180,APP00180,Rahul,Mishra,Female,19,Mira Road,Open,89.53,72.65,,62.61,64.12,Information Technology,2026-04-15,College Website,Submitted,Not Eligible,Verified,2026-04-19,,Not Allocated,Not Paid,Not Confirmed,,
STU01056,APP01056,Aarav,Gupta,Male,18,Borivali,EWS,68.41,80.55,75.64,70.08,72.28,Computer Engineering,2026-06-16,College Visit,Submitted,Eligible,Verified,2026-06-22,2154.0,Allocated,Paid,Confirmed,2026-06-30,14.0
STU01904,APP01904,Nikhil,Joshi,Male,18,Panvel,OBC,86.44,88.19,85.48,76.12,76.14,Artificial Intelligence & Data Science,2026-07-13,Social Media,Submitted,Eligible,Verified,2026-07-28,2135.0,Allocated,Paid,Confirmed,2026-08-07,25.0
STU00793,APP00793,Aman,Pawar,Male,19,Virar,EWS,81.93,80.01,80.99,69.9,73.23,Artificial Intelligence & Data Science,2026-04-21,Advertisement,Under Review,Eligible,Verified,2026-04-29,1974.0,Allocated,Paid,Confirmed,2026-05-02,11.0
STU00887,APP00887,Ayush,Naik,Female,18,Panvel,EWS,85.91,66.54,65.81,65.02,69.59,Mechanical Engineering,2026-07-06,Google Search,Submitted,Not Eligible,Incomplete,,,Not Allocated,Not Paid,Not Confirmed,,
STU01262,APP01262,Dev,Shinde,Female,18,Dombivli,Open,69.26,97.0,98.0,89.38,95.48,Artificial Intelligence & Data Science,2026-05-26,College Website,Submitted,Eligible,Verified,2026-06-05,356.0,Not Allocated,Not Paid,Not Confirmed,,
STU01724,APP01724,Varun,Kumar,Female,19,Mira Road,EWS,86.16,76.63,78.72,64.92,66.61,Artificial Intelligence & Data Science,2026-05-29,College Website,Submitted,Eligible,Verified,2026-05-31,2449.0,Allocated,Paid,Confirmed,2026-06-04,6.0
STU00529,APP00529,Aarav,Kulkarni,Female,18,Navi Mumbai,Open,84.17,74.58,79.25,66.02,78.67,Computer Engineering,2026-04-01,Google Search,Under Review,Eligible,Pending,,1959.0,Not Allocated,Not Paid,Not Confirmed,,
STU00347,APP00347,Manav,More,Male,18,Bhiwandi,OBC,82.65,85.73,84.23,83.45,85.81,Information Technology,2026-06-25,College Visit,Submitted,Eligible,Verified,2026-07-08,1388.0,Allocated,Paid,Confirmed,2026-07-10,15.0
STU01400,APP01400,Tanmay,Sharma,Female,18,Mumbai,Open,72.39,75.36,70.51,71.1,74.66,Computer Engineering,2026-01-19,Social Media,Submitted,Not Eligible,Pending,,,Not Allocated,Not Paid,Not Confirmed,,
STU01981,APP01981,Sakshi,Chavan,Male,18,Mumbai,Open,66.17,78.05,76.68,76.02,81.18,Information Technology,2026-07-10,Advertisement,Submitted,Eligible,Pending,,1595.0,Not Allocated,Not Paid,Not Confirmed,,
STU01289,APP01289,Riya,Verma,Male,18,Navi Mumbai,OBC,81.68,67.39,65.96,53.83,57.48,Computer Engineering,2026-02-21,Google Search,Submitted,Not Eligible,Verified,2026-03-04,,Not Allocated,Not Paid,Not Confirmed,,
STU01993,APP01993,Ayush,Chavan,Female,21,Borivali,Open,66.13,74.43,72.33,67.0,73.55,Artificial Intelligence & Data Science,2026-03-28,Advertisement,Under Review,Not Eligible,Pending,,,Not Allocated,Not Paid,Not Confirmed,,
STU01023,APP01023,Aditya,Kadam,Male,18,Panvel,Open,83.03,71.95,67.05,66.17,62.35,Mechanical Engineering,2026-06-13,College Website,Submitted,Not Eligible,Verified,2026-06-26,,Not Allocated,Not Paid,Not Confirmed,,
STU00602,APP00602,Aryan,Mishra,Female,21,Mira Road,OBC,87.33,68.89,67.35,66.57,65.77,Artificial Intelligence & Data Science,2026-05-14,Advertisement,Submitted,Not Eligible,Verified,2026-05-25,,Not Allocated,Not Paid,Not Confirmed,,
STU01058,APP01058,Manav,Chavan,Male,19,Navi Mumbai,ST,81.28,67.86,63.2,54.33,56.4,Electronics Engineering,2026-06-06,Friend/Family,Submitted,Not Eligible,Verified,2026-06-08,,Not Allocated,Not Paid,Not Confirmed,,
STU00244,APP00244,Sneha,Verma,Male,18,Badlapur,Open,83.29,63.89,66.81,61.11,68.34,Computer Engineering,2026-06-23,College Visit,Submitted,Not Eligible,Verified,2026-07-02,,Not Allocated,Not Paid,Not Confirmed,,
STU00901,APP00901,Rohan,Mehta,Male,21,Bhiwandi,EWS,74.32,65.44,57.92,54.08,56.44,Artificial Intelligence & Data Science,2026-07-17,Google Search,Under Review,Not Eligible,Incomplete,,,Not Allocated,Not Paid,Not Confirmed,,
STU01076,APP01076,Sneha,Kadam,Male,19,Panvel,Open,88.25,86.62,92.28,83.42,83.73,Electronics Engineering,2026-05-22,Advertisement,Submitted,Eligible,Verified,2026-05-27,1183.0,Allocated,Pending,Not Confirmed,,
STU01490,APP01490,Yash,More,Male,19,Virar,SC,66.19,82.98,87.45,67.55,78.97,Computer Engineering,2026-07-06,Google Search,Submitted,Eligible,Verified,2026-07-12,1667.0,Allocated,Paid,Confirmed,2026-07-20,14.0
STU00313,APP00313,Neha,Mehta,Female,20,Borivali,Open,69.57,69.32,70.49,56.61,,Electronics Engineering,2026-05-25,Social Media,Submitted,Not Eligible,Pending,,,Not Allocated,Not Paid,Not Confirmed,,
STU00436,APP00436,Ishaan,More,Female,18,Vasai,Open,91.57,81.53,79.34,80.62,88.12,Information Technology,2026-07-20,Google Search,Submitted,Eligible,Verified,2026-07-30,1079.0,Allocated,Paid,Confirmed,2026-08-01,12.0
STU01919,APP01919,Riya,Joshi,Male,18,Panvel,SC,83.29,77.02,,82.74,88.94,Mechanical Engineering,2026-03-02,Social Media,Submitted,Eligible,Verified,2026-03-05,814.0,Allocated,Paid,Confirmed,2026-03-07,5.0
STU00945,APP00945,Riya,Deshmukh,Female,18,Bhiwandi,Open,88.32,88.74,92.96,85.08,84.96,Information Technology,2026-07-05,College Visit,Under Review,Eligible,Verified,2026-07-16,1544.0,Allocated,Paid,Confirmed,2026-07-19,14.0
STU00309,APP00309,Karan,Joshi,Female,18,Virar,OBC,80.66,60.83,66.74,58.17,60.32,Computer Engineering,2026-04-04,Advertisement,Submitted,Not Eligible,Verified,2026-04-08,,Not Allocated,Not Paid,Not Confirmed,,
STU00431,APP00431,Aditya,Tiwari,Female,21,Andheri,OBC,89.25,62.67,61.27,58.5,59.98,Information Technology,2026-03-26,Advertisement,Submitted,Not Eligible,Incomplete,,,Not Allocated,Not Paid,Not Confirmed,,
STU00661,APP00661,Varun,Mishra,Female,19,Virar,SC,57.83,76.06,79.51,65.85,66.16,Information Technology,2026-07-16,College Visit,Submitted,Eligible,Verified,2026-07-27,2611.0,Allocated,Pending,Not Confirmed,,
STU00371,APP00371,Rohan,Chavan,Female,18,Navi Mumbai,Open,85.75,77.39,71.08,61.62,65.17,Information Technology,2026-03-18,Education Portal,Submitted,Not Eligible,Verified,2026-03-22,,Not Allocated,Not Paid,Not Confirmed,,
STU00567,APP00567,Dev,Kadam,Female,18,Kalyan,Open,85.15,85.74,83.73,69.64,76.53,Computer Engineering,2026-01-25,College Website,Submitted,Eligible,Verified,2026-01-30,1730.0,Allocated,Paid,Confirmed,2026-02-01,7.0
STU00991,APP00991,Karan,Joshi,Female,18,Navi Mumbai,SC,52.77,65.37,66.69,47.62,49.83,Mechanical Engineering,2026-03-15,Advertisement,Submitted,Not Eligible,Incomplete,,,Not Allocated,Not Paid,Not Confirmed,,
STU00182,APP00182,Manav,Joshi,Female,17,Panvel,OBC,90.89,93.93,94.83,76.69,78.22,Electronics Engineering,2026-07-10,Friend/Family,Under Review,Eligible,Verified,2026-07-14,1978.0,Allocated,Paid,Confirmed,2026-07-16,6.0
STU01041,APP01041,Rahul,Joshi,Female,18,Thane,OBC,74.62,70.39,68.43,49.7,50.61,Artificial Intelligence & Data Science,2026-06-11,Education Portal,Submitted,Not Eligible,Verified,2026-06-24,,Not Allocated,Not Paid,Not Confirmed,,
STU00622,APP00622,Aditya,Naik,Male,18,Borivali,Open,84.45,87.8,,74.2,93.01,Computer Engineering,2026-04-06,College Website,Under Review,Eligible,Verified,2026-04-13,877.0,Allocated,Paid,Confirmed,2026-04-17,11.0
STU01235,APP01235,Riya,Joshi,Male,18,Virar,Open,73.79,86.25,89.78,87.82,79.37,Mechanical Engineering,2026-01-11,College Visit,Under Review,Eligible,Verified,2026-01-15,1578.0,Allocated,Paid,Confirmed,2026-01-23,12.0
STU01203,APP01203,Neha,Singh,Female,18,Vasai,Open,81.4,65.68,63.31,67.78,64.79,Artificial Intelligence & Data Science,2026-01-24,Google Search,Submitted,Not Eligible,Incomplete,,,Not Allocated,Not Paid,Not Confirmed,,
STU00964,APP00964,Pooja,Shinde,Male,20,Thane,Open,73.26,89.92,88.79,71.63,74.35,Artificial Intelligence & Data Science,2026-03-21,College Visit,Submitted,Eligible,Verified,2026-03-28,2072.0,Allocated,Paid,Confirmed,2026-03-31,10.0
STU01434,APP01434,Krishna,Kulkarni,Female,20,Badlapur,Open,95.24,90.01,90.53,72.19,82.26,Computer Engineering,2026-05-31,College Website,Submitted,Eligible,Verified,2026-06-11,1644.0,Allocated,Pending,Not Confirmed,,
STU01859,APP01859,Riya,Singh,Female,21,Mira Road,Open,75.37,83.53,88.53,73.76,75.99,Information Technology,2026-05-02,Social Media,Submitted,Eligible,Pending,,2070.0,Not Allocated,Not Paid,Not Confirmed,,
STU00933,APP00933,Shreya,More,Female,18,Badlapur,ST,56.81,76.18,81.1,77.47,79.67,Artificial Intelligence & Data Science,2026-04-08,Advertisement,Submitted,Eligible,Pending,,1458.0,Not Allocated,Not Paid,Not Confirmed,,
STU01293,APP01293,Krishna,Singh,Male,20,Thane,Open,93.59,59.12,60.81,59.74,,Computer Engineering,2026-05-24,Google Search,Submitted,Not Eligible,Incomplete,,,Not Allocated,Not Paid,Not Confirmed,,
STU00297,APP00297,Rohan,Patil,Male,20,Vasai,Open,95.66,76.04,80.09,77.4,84.6,Artificial Intelligence & Data Science,2026-04-17,Education Portal,Submitted,Eligible,Verified,2026-04-26,1183.0,Allocated,Paid,Confirmed,2026-04-29,12.0
STU01451,APP01451,Vikas,Gupta,Female,18,Mira Road,Open,79.99,74.31,75.12,77.25,78.06,Artificial Intelligence & Data Science,2026-05-18,Social Media,Under Review,Eligible,Verified,2026-05-30,2005.0,Allocated,Paid,Confirmed,2026-06-03,16.0
STU00462,APP00462,Ishaan,Naik,Female,18,Panvel,Open,79.32,76.45,78.68,81.02,87.31,Electronics Engineering,2026-05-18,Google Search,Withdrawn,Eligible,Not Submitted,,1054.0,Not Allocated,Not Paid,Not Confirmed,,
STU01314,APP01314,Krishna,Mehta,Male,19,Borivali,SC,96.16,78.15,77.49,65.52,66.05,Computer Engineering,2026-01-16,Advertisement,Submitted,Eligible,Pending,,2567.0,Not Allocated,Not Paid,Not Confirmed,,
STU01335,APP01335,Dhruv,Naik,Male,18,Mira Road,OBC,70.45,62.9,61.35,74.12,70.33,Mechanical Engineering,2026-04-24,Friend/Family,Submitted,Not Eligible,Pending,,,Not Allocated,Not Paid,Not Confirmed,,
STU00378,APP00378,Aarav,Jadhav,Male,18,Borivali,Open,70.76,78.86,68.87,49.32,53.34,Electronics Engineering,2026-01-31,Friend/Family,Submitted,Not Eligible,Pending,,,Not Allocated,Not Paid,Not Confirmed,,
STU00799,APP00799,Arjun,More,Female,18,Badlapur,OBC,88.35,80.93,80.76,68.62,75.29,Information Technology,2026-06-22,College Visit,Submitted,Eligible,Verified,2026-07-01,2126.0,Allocated,Paid,Confirmed,2026-07-03,11.0
STU01113,APP01113,Aman,More,Male,20,Bhiwandi,SC,75.14,77.52,74.28,68.85,76.29,Mechanical Engineering,2026-06-08,Advertisement,Submitted,Not Eligible,Incomplete,,,Not Allocated,Not Paid,Not Confirmed,,
STU00106,APP00106,Varun,Kadam,Male,18,Andheri,ST,74.91,83.08,85.97,80.23,81.89,Artificial Intelligence & Data Science,2026-05-25,Advertisement,Submitted,Eligible,Verified,2026-05-27,1445.0,Allocated,Pending,Not Confirmed,,
STU00127,APP00127,Krishna,More,Male,19,Panvel,SC,89.61,73.39,73.87,56.81,65.18,Artificial Intelligence & Data Science,2026-07-09,College Website,Submitted,Not Eligible,Pending,,,Not Allocated,Not Paid,Not Confirmed,,
STU00986,APP00986,Aditya,Joshi,Male,18,Mumbai,Open,73.31,65.34,58.61,66.28,63.01,Mechanical Engineering,2026-06-30,College Visit,Submitted,Not Eligible,Pending,,,Not Allocated,Not Paid,Not Confirmed,,
STU01279,APP01279,Krishna,Chavan,Female,21,Borivali,Open,62.4,54.7,57.2,50.24,,Information Technology,2026-05-29,College Visit,Submitted,Not Eligible,Incomplete,,,Not Allocated,Not Paid,Not Confirmed,,
STU01406,APP01406,Dhruv,Jadhav,Female,18,Vasai,Open,66.56,69.29,67.37,62.48,64.6,Mechanical Engineering,2026-03-03,Social Media,Under Review,Not Eligible,Incomplete,,,Not Allocated,Not Paid,Not Confirmed,,
STU00356,APP00356,Sakshi,Jadhav,Male,18,,OBC,75.84,77.11,77.72,82.76,82.23,Mechanical Engineering,2026-04-19,Social Media,Submitted,Eligible,Verified,2026-05-02,1276.0,Allocated,Paid,Confirmed,2026-05-03,14.0
STU01631,APP01631,Pooja,Patil,Male,19,Borivali,OBC,69.04,88.22,88.39,63.02,71.1,Computer Engineering,2026-07-28,Education Portal,Submitted,Eligible,Verified,2026-08-06,2374.0,Allocated,Paid,Confirmed,2026-08-15,18.0
STU00683,APP00683,Aarav,Pawar,Male,20,Panvel,SC,81.54,71.95,73.97,72.69,81.68,Computer Engineering,2026-07-19,Advertisement,Submitted,Not Eligible,Pending,,,Not Allocated,Not Paid,Not Confirmed,,
STU01648,APP01648,Aryan,Yadav,Male,21,Thane,ST,82.37,88.46,90.33,62.81,69.78,Information Technology,2026-04-20,Google Search,Submitted,Eligible,Verified,2026-04-29,2581.0,Allocated,Pending,Not Confirmed,,
STU00882,APP00882,Sneha,Mishra,Male,18,Vasai,EWS,62.46,80.4,78.32,67.5,67.49,Computer Engineering,2026-01-12,Advertisement,Submitted,Eligible,Incomplete,,2395.0,Not Allocated,Not Paid,Not Confirmed,,
STU00210,APP00210,Akash,Mehta,Male,21,Bhiwandi,OBC,70.14,85.61,78.31,65.31,73.41,Artificial Intelligence & Data Science,2026-04-18,Education Portal,Submitted,Eligible,Verified,2026-04-25,1942.0,Allocated,Pending,Not Confirmed,,
STU00985,APP00985,Krishna,Joshi,Male,18,Panvel,ST,69.93,81.73,87.7,84.09,84.63,Artificial Intelligence & Data Science,2026-01-03,College Visit,Submitted,Eligible,Verified,2026-01-13,1282.0,Allocated,Paid,Confirmed,2026-01-18,15.0
STU00141,APP00141,Rohan,Verma,Female,19,Mira Road,SC,68.17,72.84,77.69,80.71,75.19,Computer Engineering,2026-04-13,Advertisement,Submitted,Eligible,Verified,2026-04-27,2018.0,Allocated,Paid,Confirmed,2026-04-29,16.0
STU01450,APP01450,Rohan,Tiwari,Male,18,Bhiwandi,Open,87.61,79.58,79.11,70.06,76.57,Mechanical Engineering,2026-06-28,College Website,Withdrawn,Eligible,Not Submitted,,1763.0,Not Allocated,Not Paid,Not Confirmed,,
STU01351,APP01351,Dev,Tiwari,Female,18,Vasai,Open,64.17,97.0,93.14,78.58,81.63,Mechanical Engineering,2026-01-22,Advertisement,Submitted,Eligible,Verified,2026-02-03,1542.0,Allocated,Paid,Confirmed,2026-02-06,15.0
STU01068,APP01068,Vikas,Deshmukh,Male,18,Andheri,Open,72.12,77.56,73.15,81.38,82.29,Artificial Intelligence & Data Science,2026-01-29,Social Media,Submitted,Not Eligible,Verified,2026-02-03,,Not Allocated,Not Paid,Not Confirmed,,
STU01589,APP01589,Sakshi,Kumar,Female,18,Vasai,ST,78.19,87.84,78.8,76.88,73.76,Mechanical Engineering,2026-05-12,Friend/Family,Submitted,Eligible,Verified,2026-05-24,2291.0,Allocated,Paid,Confirmed,2026-05-26,14.0
STU01106,APP01106,Arjun,Shinde,Male,18,Mumbai,EWS,90.33,82.43,86.99,67.48,70.75,Mechanical Engineering,2026-03-23,College Visit,Submitted,Eligible,Verified,2026-03-27,2273.0,Allocated,Paid,Confirmed,2026-03-30,7.0
STU01152,APP01152,Tanmay,Tiwari,Male,19,Virar,Open,88.1,73.44,76.98,79.02,82.01,Computer Engineering,2026-02-25,Friend/Family,Submitted,Eligible,Verified,2026-03-02,1753.0,Allocated,Pending,Not Confirmed,,
STU01783,APP01783,Dhruv,Kadam,Female,18,Dombivli,SC,64.11,85.67,-5.0,80.41,85.41,Artificial Intelligence & Data Science,2026-06-28,Google Search,Submitted,Eligible,Verified,2026-07-02,1320.0,Allocated,Pending,Not Confirmed,,
STU00712,APP00712,Dev,Jadhav,Female,18,Kalyan,Open,90.82,81.9,92.06,85.26,82.59,Information Technology,2026-04-16,Friend/Family,Submitted,Eligible,Verified,2026-05-01,1481.0,Allocated,Paid,Confirmed,2026-05-04,18.0
STU01661,APP01661,Riya,Chavan,Male,19,Mira Road,SC,71.72,71.48,71.75,58.71,58.34,Computer Engineering,2026-06-25,Social Media,Submitted,Not Eligible,Verified,2026-07-06,,Not Allocated,Not Paid,Not Confirmed,,
STU00875,APP00875,Sneha,Kulkarni,Male,18,Navi Mumbai,Open,77.77,54.38,59.4,43.07,45.16,Computer Engineering,2026-03-28,College Website,Submitted,Not Eligible,Verified,2026-04-06,,Not Allocated,Not Paid,Not Confirmed,,
STU00870,APP00870,Karan,Yadav,Male,18,Andheri,Open,78.4,66.71,105.0,70.82,66.59,Computer Engineering,2026-03-27,Social Media,Submitted,Not Eligible,Verified,2026-04-11,,Not Allocated,Not Paid,Not Confirmed,,
STU00011,APP00011,Ishaan,Joshi,Male,18,Mira Road,SC,75.22,82.73,81.7,75.35,73.95,Electronics Engineering,2026-03-10,Friend/Family,Submitted,Eligible,Verified,2026-03-22,2155.0,Allocated,Paid,Confirmed,2026-03-25,15.0
STU01711,APP01711,Aman,Kulkarni,M,18,Kalyan,ST,82.6,79.65,79.16,65.44,69.23,Electronics Engineering,2026-04-13,Social Media,Submitted,Eligible,Verified,2026-04-16,2316.0,Allocated,Pending,Not Confirmed,,
STU01134,APP01134,Varun,Pawar,Male,17,Panvel,OBC,80.94,86.55,90.33,74.58,73.24,Computer Engineering,2026-01-15,Google Search,Submitted,Eligible,Verified,2026-01-22,2110.0,Not Allocated,Not Paid,Not Confirmed,,
STU00283,APP00283,Varun,Gupta,Male,21,Andheri,OBC,68.3,69.11,64.09,53.23,56.82,Information Technology,2026-04-03,College Visit,Submitted,Not Eligible,Pending,,,Not Allocated,Not Paid,Not Confirmed,,
STU00811,APP00811,Varun,Verma,Female,18,Goregaon,EWS,71.06,90.34,86.75,57.87,58.75,Information Technology,2026-05-19,Social Media,Submitted,Not Eligible,Pending,,,Not Allocated,Not Paid,Not Confirmed,,
STU01101,APP01101,Rahul,Deshmukh,Female,20,Panvel,Open,72.47,67.75,68.65,68.28,76.8,Information Technology,2026-06-20,Friend/Family,Submitted,Not Eligible,Incomplete,,,Not Allocated,Not Paid,Not Confirmed,,
STU00292,APP00292,Akash,Mehta,Male,19,Panvel,SC,84.59,80.69,74.55,76.18,77.61,Electronics Engineering,2026-05-29,Google Search,Withdrawn,Not Eligible,Not Submitted,,,Not Allocated,Not Paid,Not Confirmed,,
STU00755,APP00755,Sneha,Sharma,Male,20,Virar,Open,68.3,69.59,67.99,66.51,68.85,Mechanical Engineering,2026-01-02,Education Portal,Submitted,Not Eligible,Incomplete,,,Not Allocated,Not Paid,Not Confirmed,,
STU00627,APP00627,Arjun,Kulkarni,Male,18,Kalyan,Open,85.71,79.98,81.56,71.61,73.48,Information Technology,2026-02-27,Friend/Family,Submitted,Eligible,Verified,2026-03-03,1965.0,Allocated,Paid,Confirmed,2026-03-13,14.0
STU01630,APP01630,Mohit,Chavan,Male,18,Navi Mumbai,OBC,76.11,81.0,76.01,73.2,73.94,Mechanical Engineering,2026-06-03,Social Media,Submitted,Eligible,Verified,2026-06-16,2320.0,Allocated,Paid,Confirmed,2026-06-17,14.0
STU01697,APP01697,Varun,Patil,Female,18,Navi Mumbai,Open,83.46,88.97,89.16,69.49,79.08,Mechanical Engineering,2026-02-08,Friend/Family,Under Review,Eligible,Verified,2026-02-17,1505.0,Allocated,Paid,Confirmed,2026-02-19,11.0
STU00130,APP00130,Mohit,More,Male,17,Kalyan,Open,83.08,73.47,,70.14,71.5,Computer Engineering,2026-03-15,Friend/Family,Submitted,Eligible,Verified,2026-03-21,2355.0,Not Allocated,Not Paid,Not Confirmed,,
STU01186,APP01186,Akash,Naik,Male,18,Dombivli,Open,81.43,71.93,79.33,64.31,67.26,Computer Engineering,2026-03-09,College Website,Submitted,Eligible,Incomplete,,2444.0,Not Allocated,Not Paid,Not Confirmed,,
STU00844,APP00844,Varun,Kadam,Male,18,Thane,open,72.06,60.54,65.84,70.98,78.35,Mechanical Engineering,2026-05-16,Google Search,Submitted,Not Eligible,Incomplete,,,Not Allocated,Not Paid,Not Confirmed,,
STU00324,APP00324,Nikhil,More,Male,18,Dombivli,Open,75.67,83.8,77.3,61.6,65.85,Computer Engineering,2026-07-17,Social Media,Submitted,Eligible,Pending,,2751.0,Not Allocated,Not Paid,Not Confirmed,,
STU01395,APP01395,Rahul,Jadhav,Male,18,Badlapur,OBC,71.46,69.92,58.72,57.54,64.41,Artificial Intelligence & Data Science,2026-02-18,Friend/Family,Under Review,Not Eligible,Incomplete,,,Not Allocated,Not Paid,Not Confirmed,,
STU01533,APP01533,Sakshi,Singh,Female,19,Navi Mumbai,Open,81.14,77.54,73.47,67.9,74.36,Electronics Engineering,2026-03-22,Education Portal,Submitted,Not Eligible,Verified,2026-04-02,,Not Allocated,Not Paid,Not Confirmed,,
STU00975,APP00975,Pooja,Kumar,Male,19,Bhiwandi,Open,82.8,90.93,89.37,83.47,90.64,Computer Engineering,2026-07-29,Friend/Family,Submitted,Eligible,Verified,2026-08-12,710.0,Allocated,Pending,Not Confirmed,,
STU01884,APP01884,Nikhil,Verma,Male,19,Bhiwandi,Open,74.13,90.49,90.04,83.12,77.98,Artificial Intelligence & Data Science,2026-07-16,Education Portal,Under Review,Eligible,Verified,2026-07-29,1606.0,Allocated,Paid,Confirmed,2026-08-05,20.0
STU01304,APP01304,Sneha,Joshi,Male,19,Vasai,ews,72.2,80.98,78.86,84.67,,Electronics Engineering,2026-02-07,Advertisement,Submitted,Eligible,Verified,2026-02-09,1471.0,Allocated,Paid,Confirmed,2026-02-11,4.0
STU01802,APP01802,Aman,Shinde,Male,20,Mumbai,Open,69.51,78.08,85.39,76.27,82.11,Electronics Engineering,2026-01-10,College Visit,Submitted,Eligible,Verified,2026-01-16,1375.0,Allocated,Paid,Confirmed,2026-01-18,8.0
STU00696,APP00696,Yash,Mehta,Female,18,Virar,OBC,88.64,79.96,80.52,79.91,89.95,Mechanical Engineering,2026-07-25,College Visit,Submitted,Eligible,Pending,,932.0,Not Allocated,Not Paid,Not Confirmed,,
STU00216,APP00216,Arjun,Kumar,Female,19,Virar,Open,79.75,66.28,60.76,61.11,60.69,Computer Engineering,2026-06-30,Google Search,Withdrawn,Not Eligible,Not Submitted,,,Not Allocated,Not Paid,Not Confirmed,,
STU01051,APP01051,Aman,Verma,Male,18,Thane,OBC,68.98,88.19,94.0,81.42,78.75,Information Technology,2026-07-25,Google Search,Submitted,Eligible,Incomplete,,1706.0,Not Allocated,Not Paid,Not Confirmed,,
STU01273,APP01273,Aryan,Singh,Male,17,Borivali,EWS,73.5,81.32,77.2,89.69,90.47,Information Technology,2026-02-18,Advertisement,Submitted,Eligible,Incomplete,,681.0,Not Allocated,Not Paid,Not Confirmed,,
STU00159,APP00159,Dhruv,Kadam,Female,19,Mira Road,ST,85.54,67.86,72.71,70.58,70.55,Artificial Intelligence & Data Science,2026-01-21,Advertisement,Submitted,Not Eligible,Pending,,,Not Allocated,Not Paid,Not Confirmed,,
STU01638,APP01638,Rahul,Shinde,Male,18,Virar,Open,75.46,79.44,84.16,76.3,77.14,Mechanical Engineering,2026-01-30,College Website,Submitted,Eligible,Verified,2026-02-11,1778.0,Allocated,Paid,Confirmed,2026-02-17,18.0
STU01000,APP01000,Mohit,Yadav,Female,17,Panvel,SC,73.72,86.53,79.16,76.42,76.71,Mechanical Engineering,2026-01-14,Social Media,Withdrawn,Eligible,Not Submitted,,1904.0,Not Allocated,Not Paid,Not Confirmed,,
STU00842,APP00842,Karan,Joshi,Male,18,Dombivli,Open,85.66,74.05,76.24,65.72,73.3,Electronics Engineering,2026-01-11,Education Portal,Submitted,Eligible,Verified,2026-01-24,2094.0,Allocated,Paid,Confirmed,2026-02-02,22.0
STU00635,APP00635,Pranav,Singh,Female,19,Thane,Open,62.28,76.95,70.45,51.85,53.33,Information Technology,2026-07-20,College Website,Submitted,Not Eligible,Pending,,,Not Allocated,Not Paid,Not Confirmed,,
STU00517,APP00517,Dhruv,Mishra,Female,18,Kalyan,OBC,92.33,76.19,71.43,62.74,70.45,Electronics Engineering,2026-01-20,Google Search,Submitted,Not Eligible,Verified,2026-01-24,,Not Allocated,Not Paid,Not Confirmed,,
STU01441,APP01441,Arjun,Deshmukh,Female,17,Bhiwandi,ST,82.93,83.26,89.02,85.6,87.72,Information Technology,2026-02-10,College Website,Submitted,Eligible,Pending,,926.0,Not Allocated,Not Paid,Not Confirmed,,
STU01978,APP01978,Arjun,More,Female,19,Mumbai,Open,74.59,95.98,94.1,81.23,88.99,Computer Engineering,2026-02-28,Friend/Family,Submitted,Eligible,Verified,2026-03-14,1123.0,Allocated,Paid,Confirmed,2026-03-19,19.0
STU00598,APP00598,Sakshi,Yadav,Female,18,Mumbai,Open,77.46,78.15,81.22,76.17,80.76,Computer Engineering,2026-04-09,College Website,Submitted,Eligible,Verified,2026-04-13,1784.0,Allocated,Paid,Confirmed,2026-04-17,8.0
STU00196,APP00196,Ayush,Kadam,Female,18,Bhiwandi,Open,71.98,72.91,69.9,73.86,72.1,Artificial Intelligence & Data Science,2026-06-02,College Visit,Submitted,Not Eligible,Incomplete,,,Not Allocated,Not Paid,Not Confirmed,,
STU01658,APP01658,Yash,Kulkarni,Male,18,Vasai,Open,75.65,68.73,72.91,72.11,79.8,Artificial Intelligence & Data Science,2026-02-13,College Website,Submitted,Not Eligible,Incomplete,,,Not Allocated,Not Paid,Not Confirmed,,
STU00880,APP00880,Krishna,Deshmukh,Male,19,Thane,EWS,86.96,94.1,95.7,78.36,80.1,Computer Engineering,2026-06-21,Education Portal,Submitted,Eligible,Verified,2026-06-29,1581.0,Allocated,Pending,Not Confirmed,,
STU00411,APP00411,Rahul,Kumar,Female,20,Badlapur,Open,76.09,91.04,91.0,80.37,83.55,Mechanical Engineering,2026-04-03,College Website,Under Review,Eligible,Verified,2026-04-06,1154.0,Not Allocated,Not Paid,Not Confirmed,,
STU00097,APP00097,Ananya,Mishra,Male,18,Mumbai,Open,77.7,93.95,91.88,79.3,83.54,Information Technology,2026-03-08,Education Portal,Submitted,Eligible,Pending,,1320.0,Not Allocated,Not Paid,Not Confirmed,,
STU01454,APP01454,Dhruv,Chavan,Female,18,Navi Mumbai,Open,69.2,67.15,67.57,51.54,58.5,Artificial Intelligence & Data Science,2026-03-06,Google Search,Submitted,Not Eligible,Incomplete,,,Not Allocated,Not Paid,Not Confirmed,,
STU01455,APP01455,Neha,Patil,Female,18,Mumbai,SC,84.45,79.29,83.1,71.84,76.38,Information Technology,2026-01-19,Friend/Family,Under Review,Eligible,Verified,2026-02-01,1999.0,Allocated,Pending,Not Confirmed,,
STU00157,APP00157,Ananya,Mehta,Female,18,Goregaon,Open,91.1,93.99,96.97,80.98,88.84,Information Technology,2026-01-26,Advertisement,Under Review,Eligible,Verified,2026-02-10,1007.0,Allocated,Paid,Confirmed,2026-02-18,23.0
STU00420,APP00420,Dhruv,Kadam,Female,18,Andheri,OBC,85.76,66.3,64.71,73.19,75.44,Information Technology,2026-03-26,Education Portal,Submitted,Not Eligible,Verified,2026-04-02,,Not Allocated,Not Paid,Not Confirmed,,
STU01821,APP01821,Neha,More,Male,18,Dombivli,Open,77.86,53.91,52.05,55.9,56.95,Computer Engineering,2026-05-05,Social Media,Submitted,Not Eligible,Pending,,,Not Allocated,Not Paid,Not Confirmed,,
STU00478,APP00478,Aarav,Sharma,Female,17,Goregaon,OBC,82.01,74.75,71.53,62.61,73.52,Computer Engineering,2026-01-31,Advertisement,Submitted,Not Eligible,Incomplete,,,Not Allocated,Not Paid,Not Confirmed,,
STU01875,APP01875,Yash,Kadam,Female,20,Bhiwandi,Open,89.17,84.46,78.61,71.89,76.38,Artificial Intelligence & Data Science,2026-06-08,College Website,Submitted,Eligible,Verified,2026-06-18,2011.0,Not Allocated,Not Paid,Not Confirmed,,
STU00669,APP00669,Sakshi,Patil,Female,18,Goregaon,ST,76.97,77.48,74.43,76.29,73.86,Artificial Intelligence & Data Science,2026-05-30,Education Portal,Submitted,Not Eligible,Verified,2026-06-09,,Not Allocated,Not Paid,Not Confirmed,,
STU01048,APP01048,Mohit,Sharma,Female,19,Panvel,Open,76.0,69.89,68.93,56.53,57.93,Artificial Intelligence & Data Science,2026-01-12,Google Search,Withdrawn,Not Eligible,Not Submitted,,,Not Allocated,Not Paid,Not Confirmed,,
STU01892,APP01892,Akash,Yadav,Female,18,Virar,Open,80.84,89.69,88.11,63.48,69.04,Electronics Engineering,2026-02-22,Education Portal,Submitted,Eligible,Verified,2026-03-07,2544.0,Not Allocated,Not Paid,Not Confirmed,,
STU01311,APP01311,Vikas,More,Male,19,Mumbai,Open,85.11,81.21,86.15,64.34,65.25,Computer Engineering,2026-05-18,Social Media,Submitted,Eligible,Verified,2026-05-26,2804.0,Allocated,Pending,Not Confirmed,,
STU00448,APP00448,Neha,Kulkarni,Female,19,Panvel,EWS,84.84,65.01,70.69,67.02,,Information Technology,2026-02-05,College Visit,Submitted,Not Eligible,Incomplete,,,Not Allocated,Not Paid,Not Confirmed,,
STU00554,APP00554,Sakshi,Sharma,Male,18,Bhiwandi,Open,78.18,56.98,51.98,58.9,61.05,Information Technology,2026-04-23,Friend/Family,Withdrawn,Not Eligible,Not Submitted,,,Not Allocated,Not Paid,Not Confirmed,,
STU00179,APP00179,Aman,Shinde,Female,18,Mumbai,Open,86.27,69.32,76.81,75.2,81.04,Mechanical Engineering,2026-06-08,College Visit,Submitted,Eligible,Verified,2026-06-15,1796.0,Allocated,Paid,Confirmed,2026-06-17,9.0
STU00391,APP00391,Yash,Verma,Female,20,Mumbai,OBC,72.85,68.1,65.58,61.47,62.51,Artificial Intelligence & Data Science,2026-01-02,College Visit,Submitted,Not Eligible,Pending,,,Not Allocated,Not Paid,Not Confirmed,,
STU00579,APP00579,Ananya,Kadam,Female,18,Badlapur,OBC,83.49,55.2,57.91,54.36,56.06,Electronics Engineering,2026-07-06,Advertisement,Submitted,Not Eligible,Verified,2026-07-09,,Not Allocated,Not Paid,Not Confirmed,,
STU01746,APP01746,Atharva,Kulkarni,Female,18,Mira Road,OBC,73.05,76.7,76.52,75.5,78.88,Computer Engineering,2026-01-14,Social Media,Submitted,Eligible,Verified,2026-01-17,1957.0,Allocated,Paid,Confirmed,2026-01-18,4.0
STU01813,APP01813,Mohit,Singh,Female,21,Mira Road,Open,81.75,77.97,82.48,81.24,84.7,Artificial Intelligence & Data Science,2026-05-13,Friend/Family,Submitted,Eligible,Incomplete,,1398.0,Not Allocated,Not Paid,Not Confirmed,,
STU01299,APP01299,Arjun,More,Female,18,Andheri,Open,78.7,91.44,92.98,62.19,64.36,Mechanical Engineering,2026-05-10,Education Portal,Submitted,Eligible,Verified,2026-05-23,2940.0,Allocated,Paid,Confirmed,2026-05-29,19.0
STU01659,APP01659,Atharva,Singh,Female,18,Badlapur,Open,83.32,91.54,95.87,80.3,85.13,Information Technology,2026-01-20,College Visit,Submitted,Eligible,Verified,2026-01-27,1101.0,Allocated,Pending,Not Confirmed,,
STU01230,APP01230,Krishna,Kumar,Male,18,Dombivli,Open,80.9,78.67,77.53,74.62,76.78,Artificial Intelligence & Data Science,2026-03-09,Google Search,Submitted,Eligible,Verified,2026-03-20,1856.0,Not Allocated,Not Paid,Not Confirmed,,
STU00821,APP00821,Atharva,Gupta,Female,18,Goregaon,OBC,70.8,71.01,77.99,86.97,90.63,Artificial Intelligence & Data Science,2026-04-07,Google Search,Submitted,Eligible,Verified,2026-04-13,696.0,Allocated,Paid,Confirmed,2026-04-17,10.0
STU01961,APP01961,Nikhil,Kadam,Male,18,Borivali,SC,84.75,73.26,66.38,56.59,61.38,Artificial Intelligence & Data Science,2026-02-15,College Website,Submitted,Not Eligible,Incomplete,,,Not Allocated,Not Paid,Not Confirmed,,
STU01918,APP01918,Rohan,Shinde,Male,21,Borivali,OBC,66.68,60.36,61.26,-5.0,58.16,Artificial Intelligence & Data Science,2026-03-08,Social Media,Submitted,Not Eligible,Verified,2026-03-10,,Not Allocated,Not Paid,Not Confirmed,,
STU01633,APP01633,Ayush,Jadhav,Male,20,Mumbai,Open,69.36,73.75,72.95,58.43,63.27,Information Technology,2026-02-10,College Visit,Submitted,Not Eligible,Incomplete,,,Not Allocated,Not Paid,Not Confirmed,,
STU00665,APP00665,Aryan,Singh,Female,17,Kalyan,Open,75.21,60.52,61.58,64.83,65.1,Computer Engineering,2026-04-28,Advertisement,Submitted,Not Eligible,Incomplete,,,Not Allocated,Not Paid,Not Confirmed,,
STU00143,APP00143,Varun,Mehta,Male,18,Mira Road,EWS,80.26,75.98,74.44,70.04,75.57,Electronics Engineering,2026-05-19,Education Portal,Under Review,Not Eligible,Incomplete,,,Not Allocated,Not Paid,Not Confirmed,,
STU01531,APP01531,Rahul,Naik,Female,19,Andheri,Open,75.88,71.1,60.9,66.39,67.6,Computer Engineering,2026-03-01,Google Search,Submitted,Not Eligible,Pending,,,Not Allocated,Not Paid,Not Confirmed,,
STU01442,APP01442,Nikhil,Chavan,Female,17,Borivali,OBC,87.62,76.3,76.56,60.13,70.65,Information Technology,2026-01-18,Education Portal,Submitted,Eligible,Verified,2026-02-02,2160.0,Allocated,Paid,Confirmed,2026-02-06,19.0
STU00865,APP00865,Shreya,Pawar,Male,18,Thane,Open,91.78,79.37,74.03,76.06,76.23,Information Technology,2026-01-10,Education Portal,Submitted,Not Eligible,Pending,,,Not Allocated,Not Paid,Not Confirmed,,
STU00422,APP00422,Karan,Deshmukh,Female,20,Borivali,Open,82.8,64.9,69.49,64.83,70.68,Computer Engineering,2026-06-27,Friend/Family,Submitted,Not Eligible,Verified,2026-07-06,,Not Allocated,Not Paid,Not Confirmed,,
STU00637,APP00637,Dev,Gupta,Male,18,Virar,Open,80.63,82.73,79.61,69.4,77.04,Computer Engineering,2026-05-08,Google Search,Submitted,Eligible,Verified,2026-05-21,2085.0,Allocated,Paid,Confirmed,2026-05-25,17.0
STU01419,APP01419,Ayush,Naik,Male,19,Navi Mumbai,Open,65.97,60.91,63.12,77.77,73.67,Computer Engineering,2026-07-12,College Website,Submitted,Not Eligible,Pending,,,Not Allocated,Not Paid,Not Confirmed,,
STU00800,APP00800,Karan,Kadam,Female,18,Vasai,OBC,73.95,63.48,59.57,58.49,61.41,Computer Engineering,2026-06-11,Google Search,Submitted,Not Eligible,Incomplete,,,Not Allocated,Not Paid,Not Confirmed,,
STU01115,APP01115,Rahul,Jadhav,Male,20,Andheri,OBC,74.95,85.32,86.38,72.17,70.34,Computer Engineering,2026-07-16,Social Media,Withdrawn,Eligible,Not Submitted,,2177.0,Not Allocated,Not Paid,Not Confirmed,,
STU00616,APP00616,Varun,Kulkarni,Female,18,Bhiwandi,EWS,78.34,76.95,72.76,70.35,69.97,Information Technology,2026-01-14,Advertisement,Submitted,Not Eligible,Verified,2026-01-29,,Not Allocated,Not Paid,Not Confirmed,,
STU00295,APP00295,Krishna,Kadam,Male,21,Vasai,SC,93.92,71.08,65.66,63.5,63.88,Mechanical Engineering,2026-06-10,College Visit,Submitted,Not Eligible,Pending,,,Not Allocated,Not Paid,Not Confirmed,,
STU01577,APP01577,Aarav,Singh,Female,18,Kalyan,OBC,82.68,75.88,78.14,64.38,71.21,Artificial Intelligence & Data Science,2026-04-07,College Website,Submitted,Eligible,Verified,2026-04-21,2489.0,Allocated,Paid,Confirmed,2026-04-30,23.0
STU00940,APP00940,Mohit,Mehta,Female,18,Vasai,SC,92.26,93.06,86.0,64.8,70.5,Electronics Engineering,2026-07-26,Google Search,Submitted,Eligible,Verified,2026-08-06,2185.0,Allocated,Pending,Not Confirmed,,
STU01923,APP01923,Arjun,Joshi,Male,19,Dombivli,EWS,89.22,79.11,76.93,81.76,80.88,Artificial Intelligence & Data Science,2026-02-08,College Visit,Submitted,Eligible,Pending,,1352.0,Not Allocated,Not Paid,Not Confirmed,,
STU00089,APP00089,Ayush,Mishra,Male,20,Borivali,EWS,77.64,82.82,82.93,77.2,77.31,Computer Engineering,2026-03-15,Google Search,Submitted,Eligible,Verified,2026-03-21,1760.0,Allocated,Paid,Confirmed,2026-03-30,15.0
STU00042,APP00042,Mohit,Verma,Male,20,Goregaon,Open,79.65,61.47,64.61,57.25,65.97,Information Technology,2026-04-13,College Website,Submitted,Not Eligible,Verified,2026-04-17,,Not Allocated,Not Paid,Not Confirmed,,
STU01820,APP01820,Pooja,Joshi,Female,18,Thane,OBC,76.72,82.46,85.89,74.89,83.02,Computer Engineering,2026-01-03,Education Portal,Submitted,Eligible,Verified,2026-01-15,1264.0,Allocated,Paid,Confirmed,2026-01-18,15.0
STU01954,APP01954,Akash,Kumar,Female,18,Borivali,OBC,97.08,90.88,93.13,86.76,,Computer Engineering,2026-06-21,College Website,Submitted,Eligible,Pending,,1210.0,Not Allocated,Not Paid,Not Confirmed,,
STU00132,APP00132,Aryan,Chavan,Male,19,Virar,Open,86.47,94.47,95.36,77.03,85.03,Computer Engineering,2026-02-27,Friend/Family,Withdrawn,Eligible,Not Submitted,,1124.0,Not Allocated,Not Paid,Not Confirmed,,
STU01848,APP01848,Dev,Singh,Female,18,Badlapur,Open,94.95,84.69,82.93,79.52,86.52,Computer Engineering,2026-06-20,Social Media,Submitted,Eligible,Verified,2026-06-28,1141.0,Allocated,Paid,Confirmed,2026-06-30,10.0
STU01001,APP01001,Shreya,Sharma,Female,18,Vasai,Open,88.92,81.33,78.86,83.67,82.99,Artificial Intelligence & Data Science,2026-05-12,Education Portal,Submitted,Eligible,Verified,2026-05-23,1566.0,Allocated,Paid,Confirmed,2026-05-29,17.0
STU01171,APP01171,Dhruv,Naik,Male,19,Andheri,OBC,87.52,75.19,68.22,61.62,65.95,Mechanical Engineering,2026-01-09,Education Portal,Submitted,Not Eligible,Verified,2026-01-12,,Not Allocated,Not Paid,Not Confirmed,,
STU01874,APP01874,Rohan,Joshi,Male,21,Goregaon,Open,77.35,97.0,98.0,85.15,86.78,Computer Engineering,2026-02-10,Social Media,Submitted,Eligible,Verified,2026-02-13,1199.0,Allocated,Paid,Confirmed,2026-02-22,12.0
STU01356,APP01356,Arjun,Naik,Male,20,Dombivli,Open,67.58,83.74,81.9,69.85,73.68,Information Technology,2026-01-23,Education Portal,Submitted,Eligible,Incomplete,,2200.0,Not Allocated,Not Paid,Not Confirmed,,
STU01513,APP01513,Aman,Jadhav,Male,18,Bhiwandi,Open,75.03,76.48,80.54,79.19,82.61,Artificial Intelligence & Data Science,2026-06-04,College Visit,Submitted,Eligible,Verified,2026-06-18,1354.0,Not Allocated,Not Paid,Not Confirmed,,
STU00165,APP00165,Pranav,Kulkarni,Male,18,Vasai,OBC,92.68,85.56,83.06,78.6,82.77,Computer Engineering,2026-05-30,Google Search,Submitted,Eligible,Verified,2026-06-04,1443.0,Allocated,Paid,Confirmed,2026-06-12,13.0
STU00725,APP00725,Tanmay,Tiwari,Female,17,Andheri,SC,91.63,80.11,81.04,61.69,68.41,Computer Engineering,2026-06-01,Google Search,Submitted,Eligible,Verified,2026-06-03,2494.0,Allocated,Paid,Confirmed,2026-06-12,11.0
STU00291,APP00291,Nikhil,Pawar,Male,18,Mira Road,OBC,78.86,73.37,76.09,66.43,71.31,Mechanical Engineering,2026-03-19,College Visit,Withdrawn,Eligible,Not Submitted,,2282.0,Not Allocated,Not Paid,Not Confirmed,,
STU01885,APP01885,Nikhil,Kumar,Male,21,Vasai,OBC,73.45,76.8,80.95,58.3,62.58,Mechanical Engineering,2026-01-31,College Visit,Submitted,Eligible,Verified,2026-02-07,2800.0,Allocated,Paid,Confirmed,2026-02-14,14.0
STU01550,APP01550,Rahul,Deshmukh,Female,18,Navi Mumbai,Open,59.86,69.5,64.2,57.69,59.86,Information Technology,2026-06-10,Friend/Family,Submitted,Not Eligible,Pending,,,Not Allocated,Not Paid,Not Confirmed,,
STU01917,APP01917,Arjun,Mehta,Female,21,Panvel,Open,82.99,65.33,51.17,65.86,69.41,Information Technology,2026-03-23,College Website,Under Review,Not Eligible,Verified,2026-04-02,,Not Allocated,Not Paid,Not Confirmed,,
STU01114,APP01114,Atharva,Mishra,Female,20,Thane,Open,78.23,71.64,71.51,71.12,71.1,Computer Engineering,2026-03-25,College Website,Submitted,Not Eligible,Verified,2026-04-05,,Not Allocated,Not Paid,Not Confirmed,,
STU01506,APP01506,Rohan,Chavan,Female,18,Mira Road,SC,66.5,70.18,68.33,73.99,73.85,Computer Engineering,2026-03-15,Friend/Family,Submitted,Not Eligible,Incomplete,,,Not Allocated,Not Paid,Not Confirmed,,
STU00779,APP00779,Riya,Deshmukh,Male,18,Virar,OBC,70.44,82.87,81.13,65.01,70.44,Information Technology,2026-02-15,Education Portal,Submitted,Eligible,Incomplete,,2230.0,Not Allocated,Not Paid,Not Confirmed,,
STU00840,APP00840,Aman,Kumar,Female,18,Kalyan,OBC,70.12,69.59,71.26,61.45,66.91,Computer Engineering,2026-03-23,College Visit,Submitted,Not Eligible,Incomplete,,,Not Allocated,Not Paid,Not Confirmed,,
STU00349,APP00349,Ishaan,Chavan,Female,18,Andheri,Open,88.3,78.1,81.81,82.03,80.16,Computer Engineering,2026-05-18,Advertisement,Under Review,Eligible,Verified,2026-05-30,1811.0,Allocated,Pending,Not Confirmed,,
STU01965,APP01965,Vikas,More,Female,18,Vasai,Open,71.71,66.77,66.11,62.81,65.36,Artificial Intelligence & Data Science,2026-03-25,Google Search,Submitted,Not Eligible,Verified,2026-04-06,,Not Allocated,Not Paid,Not Confirmed,,
STU00572,APP00572,Riya,Singh,Male,18,Mira Road,ST,90.49,68.26,,64.44,65.13,Information Technology,2026-03-30,Advertisement,Submitted,Not Eligible,Incomplete,,,Not Allocated,Not Paid,Not Confirmed,,
STU00918,APP00918,Akash,Mehta,Male,18,Navi Mumbai,Open,77.63,84.17,80.1,65.21,,Computer Engineering,2026-07-19,College Visit,Submitted,Eligible,Verified,2026-08-01,2293.0,Allocated,Pending,Not Confirmed,,
STU00988,APP00988,Aarav,Shinde,Female,20,Borivali,Open,84.69,63.37,58.45,59.15,64.37,Electronics Engineering,2026-06-01,Education Portal,Submitted,Not Eligible,Incomplete,,,Not Allocated,Not Paid,Not Confirmed,,
STU01907,APP01907,Varun,Naik,Female,18,Bhiwandi,Open,83.28,80.41,75.78,79.56,75.19,Electronics Engineering,2026-05-27,Friend/Family,Submitted,Eligible,Verified,2026-06-07,2130.0,Allocated,Pending,Not Confirmed,,
DUP71825,APP00148,Rahul,Kumar,Female,18,Borivali,Open,74.97,79.02,76.51,67.09,73.69,Mechanical Engineering,2026-03-16,College Visit,Under Review,Eligible,Verified,2026-03-29,1981.0,Allocated,Paid,Confirmed,2026-04-06,21.0
STU01606,APP01606,Mohit,Kumar,Female,18,Andheri,Open,74.06,68.89,71.62,59.02,65.93,Artificial Intelligence & Data Science,2026-07-15,Advertisement,Submitted,Not Eligible,Verified,2026-07-23,,Not Allocated,Not Paid,Not Confirmed,,
STU01329,APP01329,Dev,More,Female,19,Mumbai,OBC,88.41,89.75,89.59,83.12,90.14,Computer Engineering,2026-07-22,Google Search,Submitted,Eligible,Pending,,763.0,Not Allocated,Not Paid,Not Confirmed,,
STU01888,APP01888,Sneha,Naik,Male,18,Andheri,OBC,61.81,74.11,73.31,60.77,70.57,Mechanical Engineering,2026-01-04,Advertisement,Submitted,Not Eligible,Verified,2026-01-17,,Not Allocated,Not Paid,Not Confirmed,,
STU00137,APP00137,Akash,Shinde,Male,18,Andheri,Open,86.79,87.04,88.25,66.12,76.43,Computer Engineering,2026-06-22,Advertisement,Submitted,Eligible,Pending,,1787.0,Not Allocated,Not Paid,Not Confirmed,,
STU00459,APP00459,Aman,Shinde,Male,18,Andheri,Open,56.52,71.04,75.43,47.27,62.42,Computer Engineering,2026-07-08,College Visit,Withdrawn,Eligible,Not Submitted,,2983.0,Not Allocated,Not Paid,Not Confirmed,,
STU00376,APP00376,Nikhil,Jadhav,Male,19,Dombivli,OBC,72.97,81.22,80.83,90.29,91.3,Computer Engineering,2026-07-04,Friend/Family,Submitted,Eligible,Verified,2026-04-18,918.0,Allocated,Paid,Confirmed,2026-04-20,13.0
STU01354,APP01354,Dev,Gupta,Male,18,Mumbai,Open,81.65,78.93,84.34,77.67,77.82,Mechanical Engineering,2026-05-04,Social Media,Under Review,Eligible,Verified,2026-05-15,1681.0,Allocated,Pending,Not Confirmed,,
STU00334,APP00334,Mohit,Jadhav,Female,17,Badlapur,Open,71.89,60.86,62.15,73.73,,Mechanical Engineering,2026-03-15,Friend/Family,Submitted,Not Eligible,Incomplete,,,Not Allocated,Not Paid,Not Confirmed,,
STU01318,APP01318,Riya,Tiwari,Male,20,Borivali,OBC,67.98,69.41,70.09,66.71,67.25,Artificial Intelligence & Data Science,2026-04-07,College Visit,Withdrawn,Not Eligible,Not Submitted,,,Not Allocated,Not Paid,Not Confirmed,,
STU01170,APP01170,Shreya,Verma,Female,17,Kalyan,OBC,90.14,79.9,80.2,57.32,67.2,Computer Engineering,2026-03-17,Friend/Family,Submitted,Eligible,Verified,2026-03-26,2548.0,Allocated,Paid,Confirmed,2026-04-04,18.0
STU01778,APP01778,Aman,Sharma,Male,18,Mumbai,Open,83.36,67.72,64.95,69.64,69.06,Electronics Engineering,2026-07-31,College Website,Withdrawn,Not Eligible,Not Submitted,,,Not Allocated,Not Paid,Not Confirmed,,
STU01472,APP01472,Yash,Tiwari,Male,19,Dombivli,OBC,68.21,70.11,76.58,63.81,68.17,Artificial Intelligence & Data Science,2026-01-25,College Visit,Submitted,Eligible,Verified,2026-02-01,2552.0,Allocated,Paid,Confirmed,2026-02-04,10.0
STU00817,APP00817,Neha,Kumar,MALE,18,Dombivli,ST,66.87,88.74,88.36,78.21,91.78,Information Technology,2026-05-01,College Visit,Submitted,Eligible,Pending,,580.0,Not Allocated,Not Paid,Not Confirmed,,
STU01125,APP01125,Akash,Sharma,Female,18,Mira Road,Open,74.75,77.22,77.57,66.75,69.23,Artificial Intelligence & Data Science,2026-03-11,Education Portal,Submitted,Eligible,Verified,2026-03-15,2438.0,Allocated,Paid,Confirmed,2026-03-25,14.0
STU02000,APP02000,Aman,Patil,Female,19,Vasai,SC,98.0,71.75,67.67,56.15,63.67,Artificial Intelligence & Data Science,2026-02-13,Friend/Family,Submitted,Not Eligible,Pending,,,Not Allocated,Not Paid,Not Confirmed,,
STU01876,APP01876,Pooja,Verma,Female,18,Mira Road,Open,88.02,79.88,85.21,76.89,83.34,Computer Engineering,2026-01-08,College Website,Submitted,Eligible,Verified,2026-01-15,1382.0,Allocated,Paid,Confirmed,2026-01-21,13.0
STU00987,APP00987,Tanmay,Joshi,Male,19,Goregaon,Open,72.14,76.69,70.61,63.87,65.8,Information Technology,2026-03-14,Advertisement,Submitted,Not Eligible,Incomplete,,,Not Allocated,Not Paid,Not Confirmed,,
STU01458,APP01458,Akash,Yadav,Male,18,Borivali,SC,88.51,76.62,77.98,96.48,95.9,Computer Engineering,2026-04-23,Google Search,Submitted,Eligible,Verified,2026-05-02,707.0,Allocated,Paid,Confirmed,2026-05-05,12.0
STU00911,APP00911,Arjun,Mishra,Female,18,Borivali,ST,74.61,79.16,81.5,74.71,84.99,Electronics Engineering,2026-03-25,Advertisement,Submitted,Eligible,Verified,2026-04-03,1505.0,Allocated,Paid,Confirmed,2026-04-10,16.0
STU01950,APP01950,Tanmay,Mehta,Male,18,Mumbai,ST,75.58,75.99,79.71,80.28,85.84,Artificial Intelligence & Data Science,2026-06-03,College Website,Submitted,Eligible,Verified,2026-06-13,1267.0,Allocated,Paid,Confirmed,2026-06-14,11.0
STU01656,APP01656,Nikhil,More,Male,19,Virar,St,98.0,64.71,66.97,79.44,80.16,Mechanical Engineering,2026-04-17,Google Search,Submitted,Not Eligible,Verified,2026-04-19,,Not Allocated,Not Paid,Not Confirmed,,
STU00329,APP00329,Ayush,Naik,Female,18,Navi Mumbai,SC,68.3,69.63,69.36,65.64,63.9,Computer Engineering,2026-01-28,College Visit,Submitted,Not Eligible,Incomplete,,,Not Allocated,Not Paid,Not Confirmed,,
STU01044,APP01044,Tanmay,Mishra,Male,18,Mumbai,ST,88.23,54.02,59.09,60.5,65.28,Artificial Intelligence & Data Science,2026-03-28,College Website,Submitted,Not Eligible,Pending,,,Not Allocated,Not Paid,Not Confirmed,,
STU00319,APP00319,Rohan,Jadhav,Female,20,Virar,OBC,69.34,66.19,70.16,68.89,77.1,Computer Engineering,2026-07-18,College Visit,Submitted,Not Eligible,Verified,2026-07-27,,Not Allocated,Not Paid,Not Confirmed,,
STU01544,APP01544,Neha,More,Female,19,Borivali,EWS,66.64,81.51,84.41,75.18,80.28,Artificial Intelligence & Data Science,2026-02-19,Friend/Family,Under Review,Eligible,Verified,2026-03-06,1661.0,Allocated,Paid,Confirmed,2026-03-09,18.0
STU01371,APP01371,Aryan,Sharma,Female,18,Mira Road,ST,64.95,73.99,73.05,76.06,78.76,Information Technology,2026-05-24,Education Portal,Under Review,Not Eligible,Pending,,,Not Allocated,Not Paid,Not Confirmed,,
STU01750,APP01750,Akash,Jadhav,Female,17,Bhiwandi,Open,97.99,67.68,57.99,66.75,65.71,Artificial Intelligence & Data Science,2026-03-22,Friend/Family,Submitted,Not Eligible,Incomplete,,,Not Allocated,Not Paid,Not Confirmed,,
STU00168,APP00168,Aryan,Kulkarni,Female,18,Thane,Open,69.37,77.41,70.34,68.16,72.37,Computer Engineering,2026-03-02,Education Portal,Submitted,Not Eligible,Incomplete,,,Not Allocated,Not Paid,Not Confirmed,,
STU00013,APP00013,Rahul,Naik,Male,21,Mira Road,Open,60.73,75.73,75.97,84.65,89.91,Computer Engineering,2026-03-25,Advertisement,Submitted,Eligible,Incomplete,,1100.0,Not Allocated,Not Paid,Not Confirmed,,
STU01947,APP01947,Aman,Joshi,Female,18,,OBC,78.46,71.56,73.09,74.53,77.25,Artificial Intelligence & Data Science,2026-01-31,Social Media,Submitted,Not Eligible,Pending,,,Not Allocated,Not Paid,Not Confirmed,,
STU00172,APP00172,Riya,Kumar,Male,18,Mira Road,Open,77.87,83.37,82.24,75.38,77.18,Mechanical Engineering,2026-06-15,College Website,Submitted,Eligible,Verified,2026-06-21,2001.0,Allocated,Paid,Confirmed,2026-07-01,16.0
STU00650,APP00650,Rohan,Mehta,Male,18,Mira Road,Open,57.17,62.79,65.88,58.18,67.74,Electronics Engineering,2026-03-28,College Visit,Submitted,Not Eligible,Incomplete,,,Not Allocated,Not Paid,Not Confirmed,,
STU01754,APP01754,Nikhil,Sharma,Male,18,Kalyan,Open,86.89,89.43,88.35,93.17,92.05,Computer Engineering,2026-04-04,College Website,Submitted,Eligible,Pending,,1017.0,Not Allocated,Not Paid,Not Confirmed,,
STU00261,APP00261,Sakshi,Sharma,Female,18,Andheri,Open,62.27,74.72,78.51,63.05,66.0,Computer Engineering,2026-01-18,Social Media,Submitted,Eligible,Incomplete,,2504.0,Not Allocated,Not Paid,Not Confirmed,,
STU01224,APP01224,Ayush,Gupta,Male,18,Bhiwandi,Open,80.14,69.55,66.63,55.92,64.61,Artificial Intelligence & Data Science,2026-06-08,Education Portal,Submitted,Not Eligible,Incomplete,,,Not Allocated,Not Paid,Not Confirmed,,
STU01422,APP01422,Sneha,Verma,Female,18,Dombivli,SC,69.11,84.72,,88.61,95.82,Information Technology,2026-04-08,College Website,Submitted,Eligible,Verified,2026-04-12,519.0,Allocated,Paid,Confirmed,2026-04-14,6.0
STU00902,APP00902,Rahul,Tiwari,Male,18,Badlapur,OBC,90.85,58.48,56.28,56.62,62.33,Information Technology,2026-01-18,College Visit,Submitted,Not Eligible,Pending,,,Not Allocated,Not Paid,Not Confirmed,,
STU00673,APP00673,Rohan,Mehta,Female,18,Goregaon,Open,76.57,66.82,67.19,55.57,57.89,Information Technology,2026-06-29,College Visit,Submitted,Not Eligible,Pending,,,Not Allocated,Not Paid,Not Confirmed,,
STU00259,APP00259,Neha,Joshi,Male,20,Virar,OBC,88.06,90.48,89.04,66.29,71.52,Computer Engineering,2026-05-20,College Visit,Submitted,Eligible,Verified,2026-06-03,2253.0,Allocated,Pending,Not Confirmed,,
STU00845,APP00845,Manav,More,Female,18,Virar,Open,74.36,76.02,76.49,70.02,62.29,Mechanical Engineering,2026-04-04,Education Portal,Submitted,Eligible,Verified,2026-04-06,3037.0,Allocated,Pending,Not Confirmed,,
STU00868,APP00868,Sakshi,Yadav,Female,18,Andheri,Open,77.22,91.05,94.18,86.77,93.37,Computer Engineering,2026-05-04,Google Search,Submitted,Eligible,Verified,2026-05-13,887.0,Allocated,Paid,Confirmed,2026-05-23,19.0
STU01205,APP01205,Karan,Shinde,Female,18,Kalyan,SC,80.05,61.55,59.53,59.13,57.1,Computer Engineering,2026-02-06,College Website,Submitted,Not Eligible,Pending,,,Not Allocated,Not Paid,Not Confirmed,,
STU00139,APP00139,Yash,Pawar,Male,18,Panvel,ST,82.16,97.0,92.31,73.02,73.94,Electronics Engineering,2026-04-22,Friend/Family,Submitted,Eligible,Verified,2026-05-07,2076.0,Not Allocated,Not Paid,Not Confirmed,,
STU00894,APP00894,Aditya,Shinde,Female,18,Badlapur,Open,89.51,89.62,89.85,83.86,85.52,Artificial Intelligence & Data Science,2026-05-06,Education Portal,Submitted,Eligible,Pending,,1395.0,Not Allocated,Not Paid,Not Confirmed,,
STU01856,APP01856,Karan,Verma,Male,19,Panvel,Open,79.54,66.26,64.44,59.37,59.72,Information Technology,2026-07-01,College Visit,Submitted,Not Eligible,Pending,,,Not Allocated,Not Paid,Not Confirmed,,
STU00550,APP00550,Aditya,Gupta,Female,18,Andheri,Open,63.61,80.91,84.86,76.77,81.61,Mechanical Engineering,2026-06-06,Google Search,Submitted,Eligible,Verified,2026-06-18,1577.0,Allocated,Paid,Confirmed,2026-06-26,20.0
STU00320,APP00320,Varun,Patil,Male,18,Virar,SC,66.49,82.4,81.64,70.07,78.59,Computer Engineering,2026-02-23,College Visit,Withdrawn,Eligible,Not Submitted,,1665.0,Not Allocated,Not Paid,Not Confirmed,,
STU01541,APP01541,Atharva,Patil,Male,19,Goregaon,Open,82.13,68.79,71.16,51.07,65.39,Electronics Engineering,2026-05-05,Friend/Family,Submitted,Not Eligible,Verified,2026-05-13,,Not Allocated,Not Paid,Not Confirmed,,
STU01987,APP01987,Atharva,Kulkarni,Male,18,Vasai,Open,84.47,90.8,91.69,76.49,77.38,Information Technology,2026-07-06,Education Portal,Submitted,Eligible,Verified,2026-07-13,1974.0,Allocated,Paid,Confirmed,2026-07-15,9.0
STU01188,APP01188,Dhruv,Pawar,Male,18,Panvel,OBC,68.12,90.84,90.0,78.07,87.97,Mechanical Engineering,2026-07-25,College Visit,Submitted,Eligible,Verified,2026-08-03,1061.0,Allocated,Paid,Confirmed,2026-08-05,11.0
STU00559,APP00559,Aman,Yadav,Female,18,Navi Mumbai,SC,78.52,69.28,72.1,77.16,79.19,Mechanical Engineering,2026-04-07,Google Search,Submitted,Not Eligible,Incomplete,,,Not Allocated,Not Paid,Not Confirmed,,
STU00140,APP00140,Mohit,Joshi,Female,18,Badlapur,EWS,95.52,81.39,77.71,65.96,75.38,Computer Engineering,2026-03-24,Friend/Family,Submitted,Eligible,Verified,2026-03-27,2163.0,Allocated,Paid,Confirmed,2026-04-03,10.0
STU01857,APP01857,Shreya,Mehta,Female,19,Navi Mumbai,OBC,85.11,73.0,72.73,66.11,65.88,Artificial Intelligence & Data Science,2026-06-28,Social Media,Submitted,Not Eligible,Verified,2026-07-09,,Not Allocated,Not Paid,Not Confirmed,,
STU00532,APP00532,Atharva,Naik,Male,21,Bhiwandi,Open,70.54,70.66,71.26,72.47,70.99,Artificial Intelligence & Data Science,2026-07-20,Friend/Family,Submitted,Not Eligible,Verified,2026-07-27,,Not Allocated,Not Paid,Not Confirmed,,
STU00225,APP00225,Manav,Tiwari,Female,20,Mira Road,Open,75.96,83.56,83.3,92.43,90.69,Artificial Intelligence & Data Science,2026-05-25,Friend/Family,Submitted,Eligible,Verified,2026-06-06,971.0,Allocated,Paid,Confirmed,2026-06-12,18.0
STU00724,APP00724,Ayush,Yadav,Male,17,Mumbai,Open,77.98,52.22,52.99,59.8,63.11,Information Technology,2026-05-10,Friend/Family,Submitted,Not Eligible,Verified,2026-05-12,,Not Allocated,Not Paid,Not Confirmed,,
STU00787,APP00787,Ishaan,Kulkarni,Male,18,Vasai,OBC,79.26,76.65,79.9,59.29,69.75,Electronics Engineering,2026-01-31,Friend/Family,Submitted,Eligible,Verified,2026-02-10,2353.0,Allocated,Paid,Confirmed,2026-02-11,11.0
STU01737,APP01737,Dev,Chavan,Male,18,Mumbai,EWS,71.76,84.79,81.39,65.71,68.01,Artificial Intelligence & Data Science,2026-04-17,College Website,Submitted,Eligible,Verified,2026-04-19,2253.0,Allocated,Pending,Not Confirmed,,
STU01019,APP01019,Shreya,Jadhav,Female,18,Mira Road,Open,82.79,58.2,64.77,49.15,60.65,Information Technology,2026-06-26,Google Search,Submitted,Not Eligible,Incomplete,,,Not Allocated,Not Paid,Not Confirmed,,
STU00410,APP00410,Akash,Yadav,Female,19,Navi Mumbai,Open,68.62,88.53,86.74,62.93,74.53,Artificial Intelligence & Data Science,2026-04-08,Friend/Family,Submitted,Eligible,Pending,,2184.0,Not Allocated,Not Paid,Not Confirmed,,
STU00326,APP00326,Pooja,Naik,Female,19,Bhiwandi,Open,80.6,64.7,74.35,80.91,82.63,Computer Engineering,2026-07-29,Social Media,Submitted,Not Eligible,Pending,,,Not Allocated,Not Paid,Not Confirmed,,
STU01191,APP01191,Vikas,Sharma,Male,21,Panvel,Open,84.77,70.12,74.48,61.92,75.04,Mechanical Engineering,2026-05-08,Google Search,Submitted,Not Eligible,Incomplete,,,Not Allocated,Not Paid,Not Confirmed,,
STU00300,APP00300,Ayush,Mishra,Male,17,Navi Mumbai,Open,84.89,77.95,74.92,64.31,65.07,Electronics Engineering,2026-01-25,College Website,Under Review,Not Eligible,Verified,2026-01-31,,Not Allocated,Not Paid,Not Confirmed,,
STU01274,APP01274,Aryan,Verma,Male,20,Mira Road,OBC,76.27,67.03,66.75,62.19,68.65,Computer Engineering,2026-03-03,Education Portal,Submitted,Not Eligible,Pending,,,Not Allocated,Not Paid,Not Confirmed,,
STU01488,APP01488,Krishna,Mehta,Female,19,Andheri,Open,58.02,54.04,54.1,67.22,65.24,Information Technology,2026-02-09,Advertisement,Submitted,Not Eligible,Verified,2026-02-23,,Not Allocated,Not Paid,Not Confirmed,,
STU00026,APP00026,Vikas,More,Male,18,Mumbai,OBC,66.56,55.75,56.5,58.61,58.11,Information Technology,2026-03-03,College Visit,Submitted,Not Eligible,Verified,2026-03-06,,Not Allocated,Not Paid,Not Confirmed,,
STU01878,APP01878,Sakshi,Deshmukh,Male,18,Kalyan,Open,74.6,82.1,83.47,71.58,72.57,Information Technology,2026-05-07,College Website,Submitted,Eligible,Verified,2026-05-21,2406.0,Allocated,Paid,Confirmed,2026-05-31,24.0
STU00715,APP00715,Riya,Yadav,Female,18,Thane,Open,80.52,49.25,42.25,51.19,53.54,Information Technology,2026-02-20,Friend/Family,Submitted,Not Eligible,Incomplete,,,Not Allocated,Not Paid,Not Confirmed,,
STU01944,APP01944,Pooja,Mehta,Female,19,Dombivli,Open,76.39,55.56,59.07,53.81,59.8,Computer Engineering,2026-03-24,Education Portal,Submitted,Not Eligible,Incomplete,,,Not Allocated,Not Paid,Not Confirmed,,
STU00194,APP00194,Aditya,Verma,Female,18,Bhiwandi,OBC,84.68,77.23,79.44,78.5,75.49,Artificial Intelligence & Data Science,2026-06-25,College Website,Submitted,Eligible,Verified,2026-07-04,2080.0,Not Allocated,Not Paid,Not Confirmed,,
STU00441,APP00441,Krishna,Kulkarni,Male,21,Borivali,ST,92.39,84.02,87.47,61.94,70.05,Electronics Engineering,2026-06-07,Google Search,Submitted,Eligible,Verified,2026-06-16,2400.0,Allocated,Pending,Not Confirmed,,
STU00574,APP00574,Karan,Mehta,Female,18,Virar,OBC,86.62,97.0,98.0,84.39,89.97,Artificial Intelligence & Data Science,2026-06-25,Advertisement,Submitted,Eligible,Verified,2026-07-04,996.0,Allocated,Paid,Confirmed,2026-07-12,17.0
STU00947,APP00947,Sneha,Patil,Male,19,Vasai,Open,96.33,77.47,79.51,74.88,76.59,Artificial Intelligence & Data Science,2026-02-09,Friend/Family,Submitted,Eligible,Pending,,1874.0,Not Allocated,Not Paid,Not Confirmed,,
STU00998,APP00998,Rohan,Joshi,Male,18,Panvel,Open,77.4,54.61,53.82,62.13,65.98,Mechanical Engineering,2026-05-04,Friend/Family,Submitted,Not Eligible,Incomplete,,,Not Allocated,Not Paid,Not Confirmed,,
STU00504,APP00504,Atharva,Mehta,Male,18,Mumbai,Open,86.44,72.55,74.51,69.9,77.11,Information Technology,2026-01-04,Google Search,Submitted,Not Eligible,Verified,2026-01-06,,Not Allocated,Not Paid,Not Confirmed,,
STU00606,APP00606,Aryan,Kumar,Male,18,Mumbai,Open,79.0,69.32,66.19,63.97,63.71,Computer Engineering,2026-07-26,Advertisement,Submitted,Not Eligible,Incomplete,,,Not Allocated,Not Paid,Not Confirmed,,
STU01183,APP01183,Karan,Tiwari,Female,18,Badlapur,Open,69.66,70.66,64.6,66.86,70.73,Artificial Intelligence & Data Science,2026-05-27,College Website,Submitted,Not Eligible,Verified,2026-06-10,,Not Allocated,Not Paid,Not Confirmed,,
STU01174,APP01174,Pooja,Verma,Female,18,Vasai,Open,71.33,77.48,73.63,71.22,69.36,Computer Engineering,2026-05-24,Advertisement,Submitted,Not Eligible,Verified,2026-05-28,,Not Allocated,Not Paid,Not Confirmed,,
STU01805,APP01805,Dev,Sharma,Male,18,Navi Mumbai,Open,91.1,97.0,97.25,82.43,88.7,Information Technology,2026-05-09,Friend/Family,Submitted,Eligible,Verified,2026-05-20,1035.0,Allocated,Paid,Confirmed,2026-05-24,15.0
STU00847,APP00847,Atharva,Deshmukh,Male,18,Mira Road,Open,73.21,83.04,86.23,76.82,89.95,Information Technology,2026-05-18,Advertisement,Submitted,Eligible,Verified,2026-05-26,801.0,Allocated,Paid,Confirmed,2026-06-03,16.0
STU00004,APP00004,Nikhil,Jadhav,Female,18,Kalyan,EWS,81.55,69.99,68.82,69.43,65.29,Computer Engineering,2026-04-25,College Visit,Submitted,Not Eligible,Verified,2026-05-01,,Not Allocated,Not Paid,Not Confirmed,,
STU01160,APP01160,Aryan,Yadav,Female,18,Mira Road,SC,85.01,70.89,74.38,75.28,79.62,Computer Engineering,2026-04-05,Google Search,Under Review,Not Eligible,Verified,2026-04-07,,Not Allocated,Not Paid,Not Confirmed,,
STU01233,APP01233,Aditya,Patil,Female,19,Kalyan,OBC,78.48,82.28,,78.69,77.23,Artificial Intelligence & Data Science,2026-05-01,Social Media,Submitted,Eligible,Verified,2026-05-12,2074.0,Allocated,Paid,Confirmed,2026-05-22,21.0
STU00468,APP00468,Ishaan,Mishra,Female,18,Badlapur,OBC,82.44,60.27,55.39,50.27,61.31,Information Technology,2026-05-29,College Website,Submitted,Not Eligible,Verified,2026-06-13,,Not Allocated,Not Paid,Not Confirmed,,
STU00006,APP00006,Aman,Yadav,Female,18,Thane,Open,85.94,83.74,81.59,60.39,67.28,Artificial Intelligence & Data Science,2026-04-02,Advertisement,Submitted,Eligible,Pending,,2467.0,Not Allocated,Not Paid,Not Confirmed,,
STU01387,APP01387,Aman,Sharma,Male,19,Panvel,ST,65.43,64.8,62.33,61.3,65.94,Computer Engineering,2026-07-22,Advertisement,Submitted,Not Eligible,Verified,2026-07-27,,Not Allocated,Not Paid,Not Confirmed,,
STU00548,APP00548,Tanmay,Gupta,Female,18,Dombivli,OBC,89.05,76.09,75.14,67.63,73.34,Mechanical Engineering,2026-07-07,Friend/Family,Withdrawn,Eligible,Not Submitted,,2017.0,Not Allocated,Not Paid,Not Confirmed,,
STU00229,APP00229,Pranav,Kadam,Female,19,Vasai,OBC,87.68,62.31,68.5,61.61,64.04,Information Technology,2026-05-29,College Visit,Submitted,Not Eligible,Verified,2026-06-12,,Not Allocated,Not Paid,Not Confirmed,,
STU00543,APP00543,Varun,Deshmukh,Male,18,Mumbai,ST,75.06,84.31,85.2,75.94,75.58,Information Technology,2026-02-07,College Visit,Submitted,Eligible,Verified,2026-02-20,2179.0,Allocated,Paid,Confirmed,2026-02-22,15.0
STU00243,APP00243,Sneha,Mishra,Male,20,Virar,EWS,65.9,59.97,60.96,63.14,66.04,Information Technology,2026-03-03,Social Media,Submitted,Not Eligible,Verified,2026-03-17,,Not Allocated,Not Paid,Not Confirmed,,
STU00899,APP00899,Krishna,More,Female,18,Vasai,Open,59.6,70.21,74.43,77.53,77.76,Information Technology,2026-05-19,Google Search,Submitted,Not Eligible,Pending,,,Not Allocated,Not Paid,Not Confirmed,,
STU01665,APP01665,Sakshi,Verma,Male,18,Thane,Open,84.7,74.8,69.26,63.87,70.25,Artificial Intelligence & Data Science,2026-05-28,Education Portal,Submitted,Not Eligible,Verified,2026-06-10,,Not Allocated,Not Paid,Not Confirmed,,
STU01245,APP01245,Varun,Kumar,Male,18,Badlapur,Open,83.3,80.38,78.07,74.19,64.25,Artificial Intelligence & Data Science,2026-01-24,Google Search,Submitted,Eligible,Verified,2026-02-08,2648.0,Allocated,Paid,Confirmed,2026-02-11,18.0
STU01095,APP01095,Sneha,Yadav,Male,20,Vasai,Open,90.25,67.2,62.51,62.84,68.62,Information Technology,2026-01-23,College Website,Submitted,Not Eligible,Incomplete,,,Not Allocated,Not Paid,Not Confirmed,,
STU00843,APP00843,Rohan,Verma,Male,21,Panvel,Open,84.78,77.34,79.65,65.86,67.01,Information Technology,2026-02-17,College Visit,Submitted,Eligible,Verified,2026-02-24,2475.0,Allocated,Paid,Confirmed,2026-03-01,12.0
STU01822,APP01822,Akash,More,Male,18,Vasai,Open,73.28,62.49,59.14,63.5,66.8,Computer Engineering,2026-01-11,Google Search,Submitted,Not Eligible,Incomplete,,,Not Allocated,Not Paid,Not Confirmed,,
STU01165,APP01165,Pooja,Pawar,Female,20,Badlapur,Open,76.84,61.9,60.35,60.0,64.65,Artificial Intelligence & Data Science,2026-05-02,Friend/Family,Submitted,Not Eligible,Pending,,,Not Allocated,Not Paid,Not Confirmed,,
STU01990,APP01990,Ananya,Yadav,Male,18,Virar,Open,77.27,87.83,85.81,64.07,75.64,Artificial Intelligence & Data Science,2026-02-13,Google Search,Submitted,Eligible,Pending,,2148.0,Not Allocated,Not Paid,Not Confirmed,,
STU00662,APP00662,Ishaan,Mishra,Male,18,Thane,Open,81.51,91.38,93.3,95.97,98.48,Information Technology,2026-07-14,Friend/Family,Submitted,Eligible,Verified,2026-07-19,108.0,Allocated,Paid,Confirmed,2026-07-24,10.0
STU01221,APP01221,Varun,Kumar,Female,18,Navi Mumbai,Open,72.96,70.7,76.45,73.27,73.19,Artificial Intelligence & Data Science,2026-06-25,College Visit,Submitted,Eligible,Verified,2026-07-10,2044.0,Allocated,Paid,Confirmed,2026-07-14,19.0
STU00315,APP00315,Pooja,More,Male,18,Panvel,Open,59.24,93.25,92.1,79.7,84.09,Computer Engineering,2026-05-02,Social Media,Submitted,Eligible,Verified,2026-05-14,1514.0,Not Allocated,Not Paid,Not Confirmed,,
STU00692,APP00692,Vikas,Jadhav,Female,19,Badlapur,Open,65.29,63.17,66.04,64.63,69.02,Computer Engineering,2026-04-03,Social Media,Submitted,Not Eligible,Incomplete,,,Not Allocated,Not Paid,Not Confirmed,,
STU01518,APP01518,Neha,Pawar,Male,19,Badlapur,EWS,66.04,66.57,64.25,69.48,70.2,Mechanical Engineering,2026-04-26,College Visit,Submitted,Not Eligible,Verified,2026-05-08,,Not Allocated,Not Paid,Not Confirmed,,
STU00425,APP00425,Nikhil,Gupta,Male,19,Borivali,OBC,75.84,59.3,62.28,56.55,60.13,Information Technology,2026-04-29,Friend/Family,Withdrawn,Not Eligible,Not Submitted,,,Not Allocated,Not Paid,Not Confirmed,,
STU00595,APP00595,Ayush,Joshi,Female,18,Virar,SC,72.29,65.54,68.27,61.34,68.69,Information Technology,2026-04-12,Friend/Family,Submitted,Not Eligible,Incomplete,,,Not Allocated,Not Paid,Not Confirmed,,
STU01984,APP01984,Sakshi,Sharma,Female,19,Dombivli,ST,72.45,80.16,75.8,68.3,68.12,Electronics Engineering,2026-04-28,Google Search,Submitted,Eligible,Pending,,2283.0,Not Allocated,Not Paid,Not Confirmed,,
STU00623,APP00623,Aarav,Sharma,Male,19,Kalyan,EWS,76.66,81.09,81.32,62.92,68.66,Information Technology,2026-06-27,Social Media,Submitted,Eligible,Pending,,2353.0,Not Allocated,Not Paid,Not Confirmed,,
STU01893,APP01893,Vikas,Shinde,Female,19,Borivali,OBC,75.5,78.32,76.65,69.01,75.15,Artificial Intelligence & Data Science,2026-03-19,Social Media,Submitted,Eligible,Verified,2026-04-02,2022.0,Allocated,Paid,Confirmed,2026-04-06,18.0
STU01803,APP01803,Ayush,Shinde,Female,19,Bhiwandi,Open,74.11,81.26,81.41,66.14,66.92,Computer Engineering,2026-04-11,College Website,Submitted,Eligible,Verified,2026-04-16,2691.0,Not Allocated,Not Paid,Not Confirmed,,
STU00228,APP00228,Dev,Mishra,Female,20,Mumbai,Open,76.67,72.29,80.71,71.81,74.05,Artificial Intelligence & Data Science,2026-01-15,Social Media,Submitted,Eligible,Verified,2026-01-30,1963.0,Allocated,Paid,Confirmed,2026-02-01,17.0
STU01561,APP01561,Aarav,Naik,Female,19,Andheri,Open,86.64,80.96,79.9,80.45,77.37,Electronics Engineering,2026-03-22,College Website,Submitted,Eligible,Verified,2026-03-24,1650.0,Allocated,Paid,Confirmed,2026-03-27,5.0
STU01343,APP01343,Ayush,Yadav,Male,18,Dombivli,sc,73.08,75.02,79.93,91.16,90.33,Information Technology,2026-04-15,Friend/Family,Submitted,Eligible,Verified,2026-04-19,707.0,Allocated,Paid,Confirmed,2026-04-25,10.0
STU01108,APP01108,Ishaan,Mishra,Male,18,Virar,SC,86.72,51.57,51.55,53.77,55.99,Information Technology,2026-03-19,College Website,Under Review,Not Eligible,Verified,2026-03-21,,Not Allocated,Not Paid,Not Confirmed,,
STU00067,APP00067,Atharva,Jadhav,Female,18,Badlapur,SC,75.57,66.21,64.43,69.03,69.48,Artificial Intelligence & Data Science,2026-03-20,Advertisement,Submitted,Not Eligible,Pending,,,Not Allocated,Not Paid,Not Confirmed,,
STU00025,APP00025,Nikhil,Mehta,Male,18,Panvel,Open,69.96,72.65,78.89,74.17,75.76,Computer Engineering,2026-03-24,Education Portal,Submitted,Eligible,Verified,2026-03-26,1754.0,Not Allocated,Not Paid,Not Confirmed,,
STU00145,APP00145,Shreya,Verma,Female,19,Andheri,SC,77.77,84.18,89.74,80.43,84.62,Information Technology,2026-01-14,Google Search,Submitted,Eligible,Verified,2026-01-20,1358.0,Allocated,Paid,Confirmed,2026-01-25,11.0
STU00537,APP00537,Shreya,Shinde,Female,19,Badlapur,Open,85.44,77.58,72.49,73.41,72.8,Artificial Intelligence & Data Science,2026-02-14,Google Search,Submitted,Not Eligible,Incomplete,,,Not Allocated,Not Paid,Not Confirmed,,
STU00812,APP00812,Nikhil,Mishra,Male,18,Borivali,OBC ,62.1,76.4,70.71,66.13,73.5,Electronics Engineering,2026-05-19,Google Search,Submitted,Not Eligible,Pending,,,Not Allocated,Not Paid,Not Confirmed,,
STU01636,APP01636,Nikhil,Shinde,Female,18,Mumbai,OBC,66.88,70.76,62.56,51.36,59.71,Computer Engineering,2026-06-13,Google Search,Withdrawn,Not Eligible,Not Submitted,,,Not Allocated,Not Paid,Not Confirmed,,
STU00086,APP00086,Pranav,Deshmukh,Female,18,Panvel,SC,74.99,82.32,86.21,72.67,83.11,Information Technology,2026-07-28,Friend/Family,Submitted,Eligible,Pending,,1639.0,Not Allocated,Not Paid,Not Confirmed,,
STU01194,APP01194,Ananya,Shinde,Male,21,Borivali,OBC,88.61,81.56,77.63,73.91,71.47,Electronics Engineering,2026-06-25,Advertisement,Submitted,Eligible,Verified,2026-07-01,2430.0,Allocated,Paid,Confirmed,2026-07-07,12.0
STU01079,APP01079,Vikas,Tiwari,Male,19,Panvel,ST,66.5,91.77,88.74,82.43,79.41,Artificial Intelligence & Data Science,2026-01-02,Education Portal,Submitted,Eligible,Verified,2026-01-04,1462.0,Not Allocated,Not Paid,Not Confirmed,,
STU01823,APP01823,Dev,Tiwari,Male,20,Mumbai,Open,73.18,78.59,78.07,93.3,96.15,Artificial Intelligence & Data Science,2026-05-06,Social Media,Submitted,Eligible,Verified,2026-05-08,490.0,Allocated,Paid,Confirmed,2026-05-09,3.0
STU01836,APP01836,Vikas,More,Male,21,Andheri,Open,70.05,90.43,91.28,71.43,81.22,Artificial Intelligence & Data Science,2026-04-11,Google Search,Submitted,Eligible,Verified,2026-04-19,1658.0,Allocated,Paid,Confirmed,2026-04-28,17.0
STU01385,APP01385,Sneha,Chavan,Male,18,Badlapur,OBC,84.7,83.07,80.15,80.45,80.44,Information Technology,2026-06-16,Friend/Family,Withdrawn,Eligible,Not Submitted,,1770.0,Not Allocated,Not Paid,Not Confirmed,,
STU01669,APP01669,Yash,Shinde,Female,18,Bhiwandi,EWS,70.23,59.43,61.15,59.43,63.22,Artificial Intelligence & Data Science,2026-05-21,Education Portal,Submitted,Not Eligible,Pending,,,Not Allocated,Not Paid,Not Confirmed,,
STU00363,APP00363,Ayush,Jadhav,Male,19,Mumbai,SC,75.34,73.6,83.82,66.19,73.27,Computer Engineering,2026-07-27,Friend/Family,Submitted,Eligible,Verified,2026-08-04,2186.0,Allocated,Paid,Confirmed,2026-08-05,9.0
STU01626,APP01626,Pooja,Jadhav,Male,18,Borivali,ST,98.0,89.51,93.16,80.92,84.17,Computer Engineering,2026-04-25,College Website,Submitted,Eligible,Verified,2026-04-28,1591.0,Allocated,Paid,Confirmed,2026-05-04,9.0
STU01889,APP01889,Atharva,Patil,Male,18,Mumbai,EWS,94.81,60.36,51.49,54.99,54.89,Artificial Intelligence & Data Science,2026-02-02,Education Portal,Submitted,Not Eligible,Incomplete,,,Not Allocated,Not Paid,Not Confirmed,,
STU01027,APP01027,Ayush,Gupta,Male,18,Dombivli,Open,90.91,58.61,-5.0,53.8,58.24,Mechanical Engineering,2026-07-18,College Website,Submitted,Not Eligible,Pending,,,Not Allocated,Not Paid,Not Confirmed,,
STU01031,APP01031,Krishna,Jadhav,Male,18,Vasai,Open,64.57,88.95,88.3,81.8,88.13,Information Technology,2026-07-03,Social Media,Withdrawn,Eligible,Not Submitted,,883.0,Not Allocated,Not Paid,Not Confirmed,,
STU01941,APP01941,Sakshi,Gupta,Male,18,Navi Mumbai,Open,82.52,58.93,57.86,38.44,46.09,Artificial Intelligence & Data Science,2026-01-02,College Visit,Submitted,Not Eligible,Incomplete,,,Not Allocated,Not Paid,Not Confirmed,,
STU01367,APP01367,Atharva,Verma,Female,18,Mumbai,Open,85.73,79.65,80.82,69.05,81.32,Mechanical Engineering,2026-03-13,Education Portal,Submitted,Eligible,Verified,2026-03-26,1669.0,Allocated,Paid,Confirmed,2026-03-27,14.0
STU01081,APP01081,Manav,Verma,Male,18,Thane,Open,80.29,82.97,84.54,70.06,71.01,Mechanical Engineering,2026-05-23,Advertisement,Submitted,Eligible,Verified,2026-05-25,2384.0,Allocated,Paid,Confirmed,2026-05-29,6.0
STU00666,APP00666,Sneha,Jadhav,Female,18,Thane,Open,78.84,83.03,82.54,93.78,88.01,Computer Engineering,2026-07-13,Education Portal,Submitted,Eligible,Pending,,863.0,Not Allocated,Not Paid,Not Confirmed,,
STU00365,APP00365,Pranav,Patil,Male,18,Borivali,OBC,90.6,62.58,57.12,60.83,61.91,Information Technology,2026-01-12,Education Portal,Under Review,Not Eligible,Verified,2026-01-21,,Not Allocated,Not Paid,Not Confirmed,,
STU00078,APP00078,Sneha,Tiwari,Female,18,Vasai,ST,82.0,79.26,74.26,73.91,78.58,Electronics Engineering,2026-04-24,Education Portal,Submitted,Not Eligible,Verified,2026-05-06,,Not Allocated,Not Paid,Not Confirmed,,
STU00028,APP00028,Nikhil,Gupta,Female,19,Virar,OBC,63.49,62.73,70.1,56.74,65.12,Electronics Engineering,2026-06-05,Education Portal,Submitted,Not Eligible,Verified,2026-06-10,,Not Allocated,Not Paid,Not Confirmed,,
STU01449,APP01449,Vikas,Kadam,Female,18,Vasai,Open,76.43,63.54,60.23,56.0,58.77,Artificial Intelligence & Data Science,2026-04-09,Friend/Family,Submitted,Not Eligible,Verified,2026-04-13,,Not Allocated,Not Paid,Not Confirmed,,
STU00526,APP00526,Rahul,Yadav,Female,18,Goregaon,OBC,69.63,82.59,79.37,72.38,77.23,Information Technology,2026-01-20,College Website,Submitted,Eligible,Verified,2026-01-23,1695.0,Not Allocated,Not Paid,Not Confirmed,,
STU01853,APP01853,Neha,Yadav,Male,18,Mira Road,SC,95.38,86.26,88.07,73.46,77.03,Mechanical Engineering,2026-02-08,Social Media,Under Review,Eligible,Verified,2026-02-20,1976.0,Allocated,Paid,Confirmed,2026-02-28,20.0
STU00056,APP00056,Ayush,More,Male,19,Borivali,Open,74.84,76.77,73.32,80.16,82.11,Information Technology,2026-03-29,Google Search,Submitted,Not Eligible,Verified,2026-04-10,,Not Allocated,Not Paid,Not Confirmed,,
STU00639,APP00639,Shreya,Mehta,Male,19,Borivali,Open,79.45,89.62,88.67,71.07,79.46,Computer Engineering,2026-07-05,College Website,Submitted,Eligible,Verified,2026-07-11,1767.0,Allocated,Paid,Confirmed,2026-07-16,11.0
STU00303,APP00303,Neha,Mishra,Female,18,Dombivli,Open,77.44,80.79,84.29,64.98,73.47,Computer Engineering,2026-05-08,College Website,Submitted,Eligible,Verified,2026-05-11,2341.0,Allocated,Paid,Confirmed,2026-05-19,11.0
STU00719,APP00719,Dev,Tiwari,Male,19,Panvel,SC,77.68,70.89,75.06,66.59,75.91,Information Technology,2026-05-26,Social Media,Submitted,Eligible,Verified,2026-06-09,1848.0,Not Allocated,Not Paid,Not Confirmed,,
STU00625,APP00625,Arjun,Yadav,Male,20,Dombivli,EWS,73.11,72.23,74.75,66.32,70.49,Information Technology,2026-03-16,Education Portal,Submitted,Not Eligible,Pending,,,Not Allocated,Not Paid,Not Confirmed,,
STU00008,APP00008,Akash,Naik,Female,18,Goregaon,Open,75.22,87.8,84.21,80.46,83.45,Information Technology,2026-06-10,College Visit,Submitted,Eligible,Verified,2026-06-25,1344.0,Allocated,Paid,Confirmed,2026-06-27,17.0
STU00804,APP00804,Ishaan,Tiwari,Female,18,Bhiwandi,OBC,90.78,67.24,69.96,71.79,71.8,Information Technology,2026-02-12,Google Search,Submitted,Not Eligible,Incomplete,,,Not Allocated,Not Paid,Not Confirmed,,
STU01050,APP01050,Dev,Singh,Female,18,Panvel,Open,84.09,89.5,98.0,88.48,95.2,Computer Engineering,2026-02-13,Advertisement,Submitted,Eligible,Verified,2026-02-24,368.0,Allocated,Paid,Confirmed,2026-02-26,13.0
STU00337,APP00337,Karan,Verma,Male,18,Borivali,Open,84.06,58.35,57.45,65.42,62.52,Information Technology,2026-03-16,College Website,Submitted,Not Eligible,Incomplete,,,Not Allocated,Not Paid,Not Confirmed,,
STU00048,APP00048,Vikas,Tiwari,Male,18,Panvel,OBC,96.43,73.51,77.4,79.98,78.43,Artificial Intelligence & Data Science,2026-06-02,College Website,Submitted,Eligible,Verified,2026-06-13,1551.0,Allocated,Paid,Confirmed,2026-06-23,21.0
STU01494,APP01494,Karan,Joshi,Female,18,Vasai,Open,61.94,82.65,82.81,68.45,72.73,Information Technology,2026-03-20,Friend/Family,Submitted,Eligible,Verified,2026-03-31,1945.0,Allocated,Paid,Confirmed,2026-04-01,12.0
STU00107,APP00107,Riya,Joshi,Male,19,Virar,SC,68.72,75.5,77.0,59.87,68.74,Information Technology,2026-06-15,Social Media,Submitted,Eligible,Verified,2026-06-17,2623.0,Allocated,Paid,Confirmed,2026-06-25,10.0
STU00350,APP00350,Atharva,Kadam,Male,21,Virar,Open,80.66,82.63,79.73,73.76,79.31,Computer Engineering,2026-04-25,College Visit,Submitted,Eligible,Incomplete,,1809.0,Not Allocated,Not Paid,Not Confirmed,,
STU01080,APP01080,Sakshi,Mehta,Male,18,Bhiwandi,Open,59.46,74.02,79.22,77.79,80.93,Electronics Engineering,2026-05-16,Education Portal,Under Review,Eligible,Verified,2026-05-25,1749.0,Allocated,Paid,Confirmed,2026-05-27,11.0
STU00239,APP00239,Atharva,Kumar,Male,21,Thane,OBC,78.43,79.32,77.62,57.24,63.27,Artificial Intelligence & Data Science,2026-03-17,Advertisement,Withdrawn,Eligible,Not Submitted,,2975.0,Not Allocated,Not Paid,Not Confirmed,,
STU00214,APP00214,Mohit,Mehta,Female,18,Mumbai,Open,89.36,86.56,87.45,76.41,79.23,Electronics Engineering,2026-02-26,Education Portal,Submitted,Eligible,Verified,2026-03-09,1482.0,Allocated,Pending,Not Confirmed,,
STU01264,APP01264,Riya,Tiwari,Female,18,Badlapur,Open,87.87,87.47,87.21,80.77,80.87,Information Technology,2026-03-07,College Visit,Submitted,Eligible,Verified,2026-03-10,1733.0,Allocated,Paid,Confirmed,2026-03-12,5.0
STU01964,APP01964,Ishaan,Naik,Female,20,Dombivli,OBC,70.0,69.53,65.04,65.93,64.92,Artificial Intelligence & Data Science,2026-01-25,Google Search,Submitted,Not Eligible,Verified,2026-01-28,,Not Allocated,Not Paid,Not Confirmed,,
STU00794,APP00794,Mohit,Sharma,Male,18,Bhiwandi,EWS,79.94,76.02,72.77,77.09,78.4,Artificial Intelligence & Data Science,2026-05-08,Google Search,Under Review,Not Eligible,Incomplete,,,Not Allocated,Not Paid,Not Confirmed,,
STU01097,APP01097,Mohit,Kumar,Male,18,Virar,Open,70.28,70.54,72.79,66.96,70.81,Artificial Intelligence & Data Science,2026-06-10,College Website,Submitted,Not Eligible,Pending,,,Not Allocated,Not Paid,Not Confirmed,,
STU01190,APP01190,Pranav,Mehta,Female,19,Mira Road,SC,74.0,71.03,74.28,72.3,72.97,Artificial Intelligence & Data Science,2026-07-15,College Visit,Submitted,Not Eligible,Verified,2026-07-19,,Not Allocated,Not Paid,Not Confirmed,,
STU01133,APP01133,Krishna,Pawar,Female,21,Borivali,OPEN,76.72,85.24,83.32,61.83,67.57,Computer Engineering,2026-07-29,College Website,Submitted,Eligible,Verified,2026-08-05,2533.0,Allocated,Paid,Confirmed,2026-08-06,8.0
STU01597,APP01597,Aman,Sharma,Female,19,Borivali,SC,81.24,80.15,70.62,65.13,68.72,Computer Engineering,2026-02-17,Education Portal,Submitted,Not Eligible,Verified,2026-02-24,,Not Allocated,Not Paid,Not Confirmed,,
DUP27953,APP00620,Mohit,Yadav,Male,19,Panvel,OBC,74.43,59.18,58.0,53.07,62.68,Mechanical Engineering,2026-04-22,Friend/Family,Submitted,Not Eligible,Incomplete,,,Not Allocated,Not Paid,Not Confirmed,,
STU00524,APP00524,Aman,Sharma,Male,20,Goregaon,Open,91.09,74.5,69.44,61.52,72.97,Artificial Intelligence & Data Science,2026-07-19,Google Search,Submitted,Not Eligible,Pending,,,Not Allocated,Not Paid,Not Confirmed,,
STU00233,APP00233,Arjun,Joshi,Female,18,Dombivli,Open,79.48,76.51,77.2,70.94,75.61,Information Technology,2026-04-10,Education Portal,Submitted,Eligible,Verified,2026-04-24,1881.0,Allocated,Paid,Confirmed,2026-04-25,15.0
STU00645,APP00645,Manav,Pawar,Female,18,Borivali,Open,87.91,72.19,76.95,84.3,84.43,Computer Engineering,2026-05-03,Advertisement,Under Review,Eligible,Verified,2026-05-11,1422.0,Allocated,Paid,Confirmed,2026-05-14,11.0
STU01522,APP01522,Pranav,Yadav,Female,18,Bhiwandi,Open,82.52,70.82,76.43,77.1,77.45,Electronics Engineering,2026-05-02,Friend/Family,Submitted,Eligible,Verified,2026-05-17,1937.0,Not Allocated,Not Paid,Not Confirmed,,
STU00534,APP00534,Dhruv,Kadam,Male,18,Mumbai,SC,90.37,68.28,74.72,72.97,74.13,Computer Engineering,2026-07-27,Advertisement,Under Review,Not Eligible,Verified,2026-08-02,,Not Allocated,Not Paid,Not Confirmed,,
STU01880,APP01880,Vikas,Naik,Female,20,Navi Mumbai,OBC,88.06,87.62,91.86,66.57,71.82,Artificial Intelligence & Data Science,2026-03-11,Friend/Family,Under Review,Eligible,Incomplete,,1994.0,Not Allocated,Not Paid,Not Confirmed,,
STU00604,APP00604,Tanmay,Joshi,Female,20,Dombivli,SC,83.57,71.16,74.53,52.0,65.4,Computer Engineering,2026-06-25,College Website,Submitted,Not Eligible,Incomplete,,,Not Allocated,Not Paid,Not Confirmed,,
STU01685,APP01685,Karan,Kumar,Male,19,Bhiwandi,OBC,66.29,80.28,87.3,69.92,75.17,Mechanical Engineering,2026-06-08,College Website,Under Review,Eligible,Verified,2026-06-13,1939.0,Allocated,Paid,Confirmed,2026-06-22,14.0
STU01075,APP01075,Dhruv,Shinde,Female,18,Panvel,Open,80.01,67.54,71.93,76.19,80.38,Computer Engineering,2026-02-10,Advertisement,Submitted,Not Eligible,Pending,,,Not Allocated,Not Paid,Not Confirmed,,
STU01316,APP01316,Rahul,Singh,Female,18,Dombivli,SC,73.29,84.43,80.83,61.27,69.36,Information Technology,2026-05-27,Friend/Family,Submitted,Eligible,Verified,2026-05-29,2377.0,Allocated,Pending,Not Confirmed,,
STU00061,APP00061,Ananya,Chavan,Male,18,Mumbai,Open,87.06,70.23,73.57,63.24,64.34,Information Technology,2026-03-20,Social Media,Submitted,Not Eligible,Verified,2026-04-03,,Not Allocated,Not Paid,Not Confirmed,,
STU01275,APP01275,Tanmay,Naik,Male,18,Thane,Open,85.86,82.09,83.77,55.43,57.09,Electronics Engineering,2026-03-19,Advertisement,Submitted,Not Eligible,Verified,2026-03-28,,Not Allocated,Not Paid,Not Confirmed,,
STU00093,APP00093,Dev,Kulkarni,Female,17,Virar,Open,77.69,78.34,84.54,71.63,71.26,Mechanical Engineering,2026-07-11,Friend/Family,Submitted,Eligible,Verified,2026-07-21,2421.0,Allocated,Paid,Confirmed,2026-07-25,14.0
STU00667,APP00667,Yash,Tiwari,Male,18,Andheri,OBC,72.71,78.31,73.78,67.14,74.44,Information Technology,2026-04-26,Education Portal,Submitted,Not Eligible,Verified,2026-05-08,,Not Allocated,Not Paid,Not Confirmed,,
STU00281,APP00281,Manav,Gupta,Female,18,Thane,Open,75.85,90.3,91.63,75.54,79.89,Computer Engineering,2026-07-27,Friend/Family,Submitted,Eligible,Pending,,1903.0,Not Allocated,Not Paid,Not Confirmed,,
STU01736,APP01736,Krishna,Kulkarni,Male,19,Badlapur,ST,68.39,83.88,84.04,67.42,66.2,Information Technology,2026-07-20,Google Search,Submitted,Eligible,Verified,2026-07-30,2512.0,Allocated,Paid,Confirmed,2026-08-04,15.0
STU00360,APP00360,Aman,Gupta,Female,18,Virar,Open,70.42,75.68,76.78,77.26,,Mechanical Engineering,2026-02-02,Friend/Family,Submitted,Eligible,Pending,,1449.0,Not Allocated,Not Paid,Not Confirmed,,
STU01139,APP01139,Ishaan,Singh,Female,18,Goregaon,EWS,70.26,89.0,89.15,71.46,74.43,Electronics Engineering,2026-02-06,College Website,Submitted,Eligible,Verified,2026-02-10,2055.0,Allocated,Paid,Confirmed,2026-02-18,12.0
STU01180,APP01180,Atharva,Shinde,Female,19,Panvel,SC,70.85,78.68,79.54,73.18,74.3,Artificial Intelligence & Data Science,2026-01-22,Friend/Family,Submitted,Eligible,Verified,2026-01-25,2244.0,Allocated,Pending,Not Confirmed,,
STU00848,APP00848,Shreya,Naik,Male,18,Panvel,Open,72.32,74.78,80.61,82.74,86.22,Artificial Intelligence & Data Science,2026-03-14,Social Media,Submitted,Eligible,Pending,,1174.0,Not Allocated,Not Paid,Not Confirmed,,
STU01390,APP01390,Aditya,Kumar,Female,19,Panvel,Open,75.11,90.3,89.09,-5.0,81.65,Computer Engineering,2026-04-22,College Visit,Submitted,Eligible,Incomplete,,1776.0,Not Allocated,Not Paid,Not Confirmed,,
STU00111,APP00111,Atharva,Mishra,Female,18,Badlapur,OBC,94.31,79.58,81.15,74.38,80.73,Electronics Engineering,2026-01-08,Education Portal,Submitted,Eligible,Pending,,1784.0,Not Allocated,Not Paid,Not Confirmed,,
STU00043,APP00043,Karan,Sharma,Female,21,Dombivli,EWS,81.08,94.76,98.0,73.84,81.51,Mechanical Engineering,2026-07-20,Advertisement,Under Review,Eligible,Incomplete,,1527.0,Not Allocated,Not Paid,Not Confirmed,,
STU00126,APP00126,Krishna,Kadam,Male,18,Andheri,ST,71.21,79.41,85.15,79.46,82.14,Information Technology,2026-05-14,Education Portal,Submitted,Eligible,Verified,2026-05-23,1716.0,Allocated,Paid,Confirmed,2026-06-02,19.0
STU00205,APP00205,Varun,Naik,Female,18,Thane,Open,78.45,74.39,68.74,73.02,77.5,Information Technology,2026-07-15,Social Media,Submitted,Not Eligible,Pending,,,Not Allocated,Not Paid,Not Confirmed,,
STU00053,APP00053,Dev,Gupta,Female,19,Goregaon,Open,76.99,73.79,76.25,72.5,78.55,Information Technology,2026-05-20,Friend/Family,Submitted,Eligible,Verified,2026-05-26,1815.0,Not Allocated,Not Paid,Not Confirmed,,
STU00546,APP00546,Sneha,Verma,Female,21,Navi Mumbai,Open,98.0,69.43,69.23,83.11,74.38,Computer Engineering,2026-07-01,College Visit,Submitted,Not Eligible,Verified,2026-07-14,,Not Allocated,Not Paid,Not Confirmed,,
STU00069,APP00069,Karan,Deshmukh,Female,18,Goregaon,OBC,98.0,77.29,77.73,77.12,79.15,Artificial Intelligence & Data Science,2026-01-18,Advertisement,Submitted,Eligible,Verified,2026-01-24,1639.0,Allocated,Paid,Confirmed,2026-01-31,13.0
STU01147,APP01147,Aditya,Mehta,Male,18,Vasai,OBC,63.29,55.24,105.0,52.35,53.15,Computer Engineering,2026-01-31,Social Media,Submitted,Not Eligible,Verified,2026-02-02,,Not Allocated,Not Paid,Not Confirmed,,
STU01562,APP01562,Akash,Naik,Female,18,Goregaon,OBC,77.08,69.2,67.95,63.38,62.22,Computer Engineering,2026-07-12,College Website,Submitted,Not Eligible,Verified,2026-07-15,,Not Allocated,Not Paid,Not Confirmed,,
STU00184,APP00184,Aryan,Mishra,Female,18,Kalyan,Open,86.93,72.08,68.39,74.73,80.02,Artificial Intelligence & Data Science,2026-04-03,College Website,Submitted,Not Eligible,Verified,2026-04-15,,Not Allocated,Not Paid,Not Confirmed,,
STU00138,APP00138,Pooja,Patil,Male,18,Vasai,Open,83.07,69.51,64.61,60.83,67.27,Computer Engineering,2026-05-13,Friend/Family,Under Review,Not Eligible,Verified,2026-05-22,,Not Allocated,Not Paid,Not Confirmed,,
STU00900,APP00900,Aryan,Kumar,Male,21,Goregaon,OBC,69.12,59.64,58.56,59.39,62.69,Artificial Intelligence & Data Science,2026-02-05,Social Media,Submitted,Not Eligible,Pending,,,Not Allocated,Not Paid,Not Confirmed,,
STU00797,APP00797,Manav,Deshmukh,Female,19,Badlapur,Open,87.81,86.73,86.45,87.14,91.82,Information Technology,2026-04-03,College Visit,Submitted,Eligible,Verified,2026-04-13,1050.0,Allocated,Paid,Confirmed,2026-04-19,16.0
STU00133,APP00133,Yash,Pawar,Male,18,Thane,SC,72.79,76.64,78.53,76.67,75.63,Mechanical Engineering,2026-01-16,Google Search,Submitted,Eligible,Verified,2026-01-30,1863.0,Allocated,Paid,Confirmed,2026-02-09,24.0
STU00081,APP00081,Riya,More,Male,18,Andheri,SC,78.17,79.48,77.32,66.11,,Computer Engineering,2026-02-20,Google Search,Submitted,Eligible,Verified,2026-02-22,2210.0,Allocated,Paid,Confirmed,2026-03-02,10.0
STU01654,APP01654,Pooja,Mishra,Male,17,Dombivli,EWS,80.17,81.43,81.32,69.93,73.93,Computer Engineering,2026-03-26,Education Portal,Under Review,Eligible,Verified,2026-03-30,1949.0,Allocated,Paid,Confirmed,2026-04-04,9.0
STU01555,APP01555,Atharva,Sharma,Female,19,Dombivli,Open,91.18,87.85,89.82,73.85,82.86,Information Technology,2026-06-27,Friend/Family,Submitted,Eligible,Verified,2026-06-30,1606.0,Allocated,Paid,Confirmed,2026-07-07,10.0
STU00542,APP00542,Sneha,Kumar,Female,18,Borivali,ST,89.28,80.79,105.0,64.11,68.12,Information Technology,2026-02-15,Advertisement,Withdrawn,Eligible,Not Submitted,,2664.0,Not Allocated,Not Paid,Not Confirmed,,
STU01610,APP01610,Mohit,Yadav,Female,18,Kalyan,OBC,82.26,82.71,84.03,82.25,86.38,Information Technology,2026-06-08,Google Search,Submitted,Eligible,Verified,2026-06-21,1215.0,Allocated,Paid,Confirmed,2026-06-26,18.0
STU00984,APP00984,Vikas,Deshmukh,Female,20,Panvel,Open,77.68,78.12,75.33,72.54,81.37,Computer Engineering,2026-07-23,Friend/Family,Submitted,Eligible,Verified,2026-07-29,1775.0,Not Allocated,Not Paid,Not Confirmed,,
STU00166,APP00166,Ayush,Sharma,Female,19,Dombivli,SC,89.81,48.26,51.46,50.5,56.89,Information Technology,2026-06-23,College Visit,Submitted,Not Eligible,Verified,2026-06-27,,Not Allocated,Not Paid,Not Confirmed,,
STU00249,APP00249,Vikas,Joshi,Male,18,Bhiwandi,Open,68.73,68.51,73.38,72.52,77.4,Information Technology,2026-01-14,Education Portal,Submitted,Not Eligible,Incomplete,,,Not Allocated,Not Paid,Not Confirmed,,
STU00447,APP00447,Atharva,More,Male,17,Navi Mumbai,Open,78.72,76.65,76.97,63.8,68.03,Electronics Engineering,2026-04-06,Friend/Family,Submitted,Eligible,Incomplete,,2310.0,Not Allocated,Not Paid,Not Confirmed,,
STU01757,APP01757,Manav,Verma,Female,18,Virar,Open,53.64,70.85,74.53,75.37,81.56,Computer Engineering,2026-04-13,Google Search,Submitted,Not Eligible,Pending,,,Not Allocated,Not Paid,Not Confirmed,,
STU00859,APP00859,Sneha,Gupta,Female,18,Virar,Open,93.38,81.19,82.38,69.63,73.67,Computer Engineering,2026-03-28,Friend/Family,Submitted,Eligible,Pending,,1924.0,Not Allocated,Not Paid,Not Confirmed,,
STU01222,APP01222,Akash,Chavan,Female,19,,Open,79.48,79.77,81.72,74.7,81.82,Computer Engineering,2026-04-11,Education Portal,Submitted,Eligible,Verified,2026-04-26,1725.0,Allocated,Paid,Confirmed,2026-04-27,16.0
STU00098,APP00098,Aryan,Mishra,Female,18,Badlapur,OBC,88.7,59.61,61.46,64.8,66.92,Artificial Intelligence & Data Science,2026-07-14,Education Portal,Under Review,Not Eligible,Incomplete,,,Not Allocated,Not Paid,Not Confirmed,,
STU01994,APP01994,Ananya,Patil,Female,18,Borivali,OBC,72.46,72.34,73.52,77.95,75.72,Artificial Intelligence & Data Science,2026-05-25,College Visit,Submitted,Not Eligible,Verified,2026-06-02,,Not Allocated,Not Paid,Not Confirmed,,
STU00738,APP00738,Rahul,Pawar,Male,19,Navi Mumbai,ST,71.88,97.0,92.89,65.92,71.04,Information Technology,2026-02-17,Google Search,Submitted,Eligible,Verified,2026-02-24,2336.0,Allocated,Paid,Confirmed,2026-02-26,9.0
STU01812,APP01812,Ishaan,Mishra,Male,19,Goregaon,Open,70.52,76.8,78.11,67.83,75.99,Artificial Intelligence & Data Science,2026-04-01,Social Media,Submitted,Eligible,Verified,2026-04-14,1851.0,Allocated,Paid,Confirmed,2026-04-24,23.0
STU00103,APP00103,Aman,Tiwari,Male,21,Dombivli,Open,66.93,74.22,76.81,80.88,80.41,Computer Engineering,2026-05-28,Friend/Family,Withdrawn,Eligible,Not Submitted,,1836.0,Not Allocated,Not Paid,Not Confirmed,,
STU00435,APP00435,Dev,Chavan,Male,18,Thane,OBC,78.69,77.24,72.14,74.52,73.74,Artificial Intelligence & Data Science,2026-07-06,Google Search,Submitted,Not Eligible,Pending,,,Not Allocated,Not Paid,Not Confirmed,,
STU00075,APP00075,Riya,Deshmukh,Female,18,Mira Road,Open,67.4,78.04,79.2,69.07,73.34,Computer Engineering,2026-02-01,Friend/Family,Submitted,Eligible,Verified,2026-02-07,2126.0,Allocated,Paid,Confirmed,2026-02-14,13.0
STU01810,APP01810,Neha,Gupta,Male,18,Andheri,EWS,79.2,73.51,68.99,65.43,65.17,Artificial Intelligence & Data Science,2026-01-25,College Website,Submitted,Not Eligible,Verified,2026-01-31,,Not Allocated,Not Paid,Not Confirmed,,
STU01212,APP01212,Yash,Pawar,Female,20,Thane,Open,88.87,81.18,78.51,78.71,81.58,Computer Engineering,2026-07-30,Advertisement,Submitted,Eligible,Verified,2026-08-04,1442.0,Allocated,Paid,Confirmed,2026-08-07,8.0
STU00919,APP00919,Krishna,Deshmukh,Female,19,Mumbai,Open,76.16,57.79,56.05,68.26,73.54,Computer Engineering,2026-02-15,Education Portal,Submitted,Not Eligible,Verified,2026-02-26,,Not Allocated,Not Paid,Not Confirmed,,
STU01728,APP01728,Krishna,Joshi,Female,18,Goregaon,Open,64.19,89.65,88.84,83.36,88.38,Mechanical Engineering,2026-05-19,Education Portal,Submitted,Eligible,Verified,2026-05-29,1312.0,Allocated,Paid,Confirmed,2026-05-31,12.0
STU01687,APP01687,Karan,Kulkarni,Male,17,Mumbai,Open,69.98,82.57,88.0,85.15,87.08,Artificial Intelligence & Data Science,2026-07-25,Social Media,Submitted,Eligible,Verified,2026-08-06,1122.0,Allocated,Paid,Confirmed,2026-08-08,14.0
STU01691,APP01691,Nikhil,Jadhav,Male,19,Kalyan,OBC,66.6,58.07,60.64,51.28,49.86,Artificial Intelligence & Data Science,2026-03-10,College Website,Under Review,Not Eligible,Incomplete,,,Not Allocated,Not Paid,Not Confirmed,,
STU00763,APP00763,Mohit,Kadam,Female,20,Thane,OBC,72.79,75.23,75.0,70.15,78.33,Computer Engineering,2026-01-17,Social Media,Submitted,Eligible,Verified,2026-01-22,1706.0,Allocated,Paid,Confirmed,2026-01-23,6.0
STU00990,APP00990,Nikhil,Jadhav,Male,18,Vasai,OBC,71.44,86.62,85.33,78.25,78.53,Artificial Intelligence & Data Science,2026-02-05,Google Search,Submitted,Eligible,Pending,,1787.0,Not Allocated,Not Paid,Not Confirmed,,
STU00389,APP00389,Tanmay,Patil,Male,18,Bhiwandi,Open,61.44,75.68,78.24,71.14,75.36,Computer Engineering,2026-02-05,Advertisement,Submitted,Eligible,Verified,2026-02-17,1843.0,Allocated,Paid,Confirmed,2026-02-20,15.0
STU00236,APP00236,Ananya,Kadam,Male,20,Dombivli,Open,88.26,85.87,85.57,73.19,76.4,Computer Engineering,2026-05-24,Education Portal,Submitted,Eligible,Verified,2026-06-05,2057.0,Allocated,Paid,Confirmed,2026-06-08,15.0
STU01765,APP01765,Arjun,Deshmukh,Female,18,Andheri,ST,96.08,74.95,74.4,50.55,55.09,Mechanical Engineering,2026-02-17,Social Media,Submitted,Not Eligible,Verified,2026-02-22,,Not Allocated,Not Paid,Not Confirmed,,
STU00268,APP00268,Vikas,Kulkarni,Female,19,Navi Mumbai,SC,86.97,62.0,62.83,74.56,75.62,Electronics Engineering,2026-05-08,Friend/Family,Submitted,Not Eligible,Verified,2026-05-17,,Not Allocated,Not Paid,Not Confirmed,,
STU01321,APP01321,Aditya,Chavan,Male,18,Vasai,Open,73.79,87.33,90.75,77.02,77.79,Artificial Intelligence & Data Science,2026-02-24,Education Portal,Submitted,Eligible,Pending,,1594.0,Not Allocated,Not Paid,Not Confirmed,,
STU00118,APP00118,Aryan,Jadhav,Female,21,,Open,52.36,63.05,67.69,63.68,65.57,Mechanical Engineering,2026-07-05,College Visit,Submitted,Not Eligible,Verified,2026-07-19,,Not Allocated,Not Paid,Not Confirmed,,
STU01621,APP01621,Arjun,Pawar,Female,18,Badlapur,Open,75.48,77.13,74.14,60.31,63.66,Computer Engineering,2026-03-27,Social Media,Submitted,Not Eligible,Pending,,,Not Allocated,Not Paid,Not Confirmed,,
STU00674,APP00674,Varun,Deshmukh,Male,19,Kalyan,Open,85.84,83.11,75.42,59.13,63.91,Electronics Engineering,2026-02-23,College Visit,Submitted,Eligible,Verified,2026-03-08,2675.0,Allocated,Paid,Confirmed,2026-03-11,16.0
STU00250,APP00250,Neha,Joshi,Male,19,Bhiwandi,Open,88.2,83.83,82.82,75.06,73.02,Artificial Intelligence & Data Science,2026-01-21,Social Media,Submitted,Eligible,Verified,2026-01-26,1903.0,Allocated,Paid,Confirmed,2026-01-28,7.0
STU01466,APP01466,Aditya,Chavan,Male,18,Goregaon,SC,73.52,68.75,71.58,60.97,61.55,Mechanical Engineering,2026-03-25,Social Media,Withdrawn,Not Eligible,Not Submitted,,,Not Allocated,Not Paid,Not Confirmed,,
DUP59454,APP01895,Aditya,Joshi,M,19,Borivali,SC,77.2,74.61,74.61,76.99,76.32,Computer Engineering,2026-06-09,Education Portal,Submitted,Not Eligible,Verified,2026-06-15,,Not Allocated,Not Paid,Not Confirmed,,
STU00095,APP00095,Sakshi,Gupta,Female,19,Navi Mumbai,Open,90.78,70.29,66.96,65.73,71.51,Computer Engineering,2026-06-09,College Visit,Submitted,Not Eligible,Pending,,,Not Allocated,Not Paid,Not Confirmed,,
STU00034,APP00034,Vikas,Tiwari,Female,18,Kalyan,Open,72.96,69.31,73.96,76.77,82.66,Electronics Engineering,2026-07-20,Education Portal,Submitted,Not Eligible,Incomplete,,,Not Allocated,Not Paid,Not Confirmed,,
STU01478,APP01478,Ananya,Pawar,Female,18,Mira Road,Open,75.87,87.63,87.53,62.87,64.6,Computer Engineering,2026-07-21,Advertisement,Submitted,Eligible,Verified,2026-07-23,2745.0,Allocated,Paid,Confirmed,2026-07-30,9.0
STU01684,APP01684,Dev,Shinde,Female,20,Navi Mumbai,Open,85.15,92.63,97.83,73.94,78.11,Computer Engineering,2026-03-11,College Website,Under Review,Eligible,Pending,,1800.0,Not Allocated,Not Paid,Not Confirmed,,
STU00449,APP00449,Karan,Chavan,M,20,Vasai,Open,83.84,84.11,83.46,65.61,73.19,Mechanical Engineering,2026-06-12,College Visit,Submitted,Eligible,Verified,2026-06-25,2347.0,Allocated,Pending,Not Confirmed,,
STU00717,APP00717,Rahul,Shinde,Male,18,Dombivli,EWS,77.03,87.12,89.86,84.66,90.39,Electronics Engineering,2026-06-08,College Website,Submitted,Eligible,Incomplete,,1133.0,Not Allocated,Not Paid,Not Confirmed,,
STU01306,APP01306,Riya,Kumar,Male,21,Mira Road,EWS,90.23,92.79,83.41,83.33,83.22,Mechanical Engineering,2026-07-02,Advertisement,Submitted,Eligible,Incomplete,,1513.0,Not Allocated,Not Paid,Not Confirmed,,
STU01532,APP01532,Ayush,Singh,Female,18,Thane,Open,92.42,75.16,80.72,67.33,68.6,Artificial Intelligence & Data Science,2026-01-29,College Website,Submitted,Eligible,Verified,2026-02-05,2578.0,Allocated,Paid,Confirmed,2026-02-09,11.0
STU00001,APP00001,Rahul,Singh,Male,18,Borivali,EWS,83.83,91.23,90.29,81.92,79.58,Computer Engineering,2026-03-12,Google Search,Withdrawn,Eligible,Not Submitted,,1544.0,Not Allocated,Not Paid,Not Confirmed,,
STU01388,APP01388,Vikas,Tiwari,Male,19,Mira Road,OBC,80.8,92.83,91.46,93.86,98.7,Information Technology,2026-05-11,Social Media,Submitted,Eligible,Verified,2026-05-18,306.0,Allocated,Paid,Confirmed,2026-05-28,17.0
STU01102,APP01102,Neha,Naik,Female,20,Vasai,Open,76.65,60.59,60.96,67.15,71.67,Artificial Intelligence & Data Science,2026-03-19,College Visit,Submitted,Not Eligible,Verified,2026-03-23,,Not Allocated,Not Paid,Not Confirmed,,
STU01109,APP01109,Karan,Verma,Male,18,Vasai,EWS,60.78,66.35,69.94,53.65,51.47,Information Technology,2026-03-23,Google Search,Under Review,Not Eligible,Pending,,,Not Allocated,Not Paid,Not Confirmed,,
STU01269,APP01269,Riya,Singh,Female,18,Virar,OBC,60.4,60.46,,58.93,66.89,Information Technology,2026-01-05,College Website,Submitted,Not Eligible,Pending,,,Not Allocated,Not Paid,Not Confirmed,,
STU00083,APP00083,Karan,Shinde,Male,18,Mira Road,Open,82.66,68.74,69.49,58.94,64.62,Information Technology,2026-06-26,College Website,Submitted,Not Eligible,Incomplete,,,Not Allocated,Not Paid,Not Confirmed,,
STU01300,APP01300,Dhruv,Kumar,Male,18,Goregaon,Open,64.95,78.03,72.39,78.98,73.72,Information Technology,2026-02-21,Education Portal,Submitted,Not Eligible,Pending,,,Not Allocated,Not Paid,Not Confirmed,,
STU00677,APP00677,Ananya,Patil,Male,18,Kalyan,Open,64.72,86.23,81.17,63.9,66.89,Artificial Intelligence & Data Science,2026-03-10,Advertisement,Submitted,Eligible,Verified,2026-03-24,2400.0,Not Allocated,Not Paid,Not Confirmed,,
STU01464,APP01464,Shreya,Jadhav,Male,19,Badlapur,EWS,80.39,83.67,85.82,84.78,83.55,Information Technology,2026-03-03,Google Search,Under Review,Eligible,Verified,2026-03-06,1160.0,Allocated,Paid,Confirmed,2026-03-07,4.0
STU01047,APP01047,Pooja,Shinde,Male,21,Mumbai,OBC,73.95,46.97,44.33,52.83,57.92,Computer Engineering,2026-07-08,Google Search,Submitted,Not Eligible,Pending,,,Not Allocated,Not Paid,Not Confirmed,,
STU00771,APP00771,Ishaan,Pawar,Male,18,Panvel,sc,82.15,60.78,63.97,59.84,62.94,Information Technology,2026-02-19,Education Portal,Submitted,Not Eligible,Pending,,,Not Allocated,Not Paid,Not Confirmed,,
STU01226,APP01226,Aman,Sharma,Female,18,Andheri,obc,86.42,72.99,71.2,68.67,72.14,Information Technology,2026-04-27,Advertisement,Submitted,Not Eligible,Verified,2026-05-09,,Not Allocated,Not Paid,Not Confirmed,,
STU01418,APP01418,Dev,Chavan,Female,19,,ST,73.06,76.07,73.53,78.34,74.65,Artificial Intelligence & Data Science,2026-02-10,Advertisement,Under Review,Not Eligible,Verified,2026-02-17,,Not Allocated,Not Paid,Not Confirmed,,
STU01595,APP01595,Karan,Jadhav,Female,20,Mira Road,Open,82.63,62.67,58.67,75.95,77.51,Electronics Engineering,2026-05-12,Advertisement,Submitted,Not Eligible,Verified,2026-05-14,,Not Allocated,Not Paid,Not Confirmed,,
STU01503,APP01503,Shreya,Yadav,Male,18,Mira Road,Open,79.01,76.47,125.0,79.02,86.78,Artificial Intelligence & Data Science,2026-05-27,Advertisement,Submitted,Eligible,Verified,2026-06-10,1102.0,Allocated,Pending,Not Confirmed,,
STU00405,APP00405,Neha,Joshi,Male,20,Thane,Open,73.28,89.52,,72.1,81.94,Information Technology,2026-04-22,Google Search,Submitted,Eligible,Verified,2026-05-07,1303.0,Allocated,Pending,Not Confirmed,,
STU01745,APP01745,Arjun,Shinde,Male,19,Dombivli,Open,93.17,55.8,60.16,66.66,66.28,Artificial Intelligence & Data Science,2026-02-19,College Visit,Submitted,Not Eligible,Verified,2026-03-06,,Not Allocated,Not Paid,Not Confirmed,,
STU01310,APP01310,Pranav,Kadam,Female,21,Borivali,Open,81.13,92.76,95.66,88.36,92.61,Computer Engineering,2026-03-30,Advertisement,Submitted,Eligible,Verified,2026-04-13,850.0,Allocated,Paid,Confirmed,2026-04-17,18.0
STU01352,APP01352,Ishaan,Naik,Male,19,Andheri,OBC,75.4,90.79,86.6,77.83,81.27,Computer Engineering,2026-03-04,College Visit,Submitted,Eligible,Verified,2026-03-12,1804.0,Not Allocated,Not Paid,Not Confirmed,,
STU00105,APP00105,Rahul,Shinde,Male,18,Borivali,ST,71.6,69.31,69.61,68.63,68.24,Information Technology,2026-07-17,Social Media,Withdrawn,Not Eligible,Not Submitted,,,Not Allocated,Not Paid,Not Confirmed,,
STU00689,APP00689,Shreya,Kadam,Female,18,Vasai,EWS,80.76,70.49,68.02,67.8,70.84,Information Technology,2026-07-22,College Visit,Submitted,Not Eligible,Verified,2026-08-01,,Not Allocated,Not Paid,Not Confirmed,,
STU01317,APP01317,Atharva,Tiwari,Male,18,Badlapur,OBC,72.37,80.54,,49.63,58.02,Artificial Intelligence & Data Science,2026-03-18,Social Media,Submitted,Not Eligible,Incomplete,,,Not Allocated,Not Paid,Not Confirmed,,
STU00827,APP00827,Mohit,Jadhav,Female,18,Bhiwandi,Open,89.25,66.66,63.76,52.92,60.52,Computer Engineering,2026-03-21,Advertisement,Under Review,Not Eligible,Incomplete,,,Not Allocated,Not Paid,Not Confirmed,,
STU00063,APP00063,Aman,Joshi,Female,18,Panvel,Open,81.55,71.79,72.95,84.83,85.63,Information Technology,2026-07-11,Google Search,Under Review,Not Eligible,Pending,,,Not Allocated,Not Paid,Not Confirmed,,
STU00853,APP00853,Vikas,Yadav,Female,18,Andheri,OBC,79.06,77.51,75.19,61.67,66.8,Electronics Engineering,2026-06-13,College Website,Submitted,Eligible,Verified,2026-06-20,2610.0,Allocated,Paid,Confirmed,2026-06-27,14.0
STU01365,APP01365,Aman,Mishra,Female,18,Kalyan,SC,77.13,92.13,89.33,82.67,81.04,Artificial Intelligence & Data Science,2026-04-24,College Website,Submitted,Eligible,Verified,2026-04-29,1708.0,Allocated,Paid,Confirmed,2026-05-04,10.0
STU00224,APP00224,Ananya,Yadav,Male,18,Andheri,OBC,68.7,69.42,68.21,53.66,59.93,Electronics Engineering,2026-06-10,Education Portal,Submitted,Not Eligible,Incomplete,,,Not Allocated,Not Paid,Not Confirmed,,
STU00146,APP00146,Manav,Verma,Male,17,Mumbai,Open,66.19,76.57,78.69,72.53,74.3,Information Technology,2026-06-11,College Visit,Submitted,Eligible,Verified,2026-06-25,1922.0,Allocated,Paid,Confirmed,2026-06-30,19.0
STU01089,APP01089,Rahul,Naik,Male,18,Virar,SC,71.69,80.33,,71.87,76.51,Information Technology,2026-07-01,Advertisement,Submitted,Eligible,Verified,2026-07-06,1715.0,Not Allocated,Not Paid,Not Confirmed,,
STU00374,APP00374,Krishna,Naik,Male,17,Bhiwandi,EWS,96.42,69.25,67.64,74.7,82.14,Information Technology,2026-03-04,Social Media,Submitted,Not Eligible,Pending,,,Not Allocated,Not Paid,Not Confirmed,,
STU01433,APP01433,Ananya,More,Male,18,Vasai,SC,66.96,80.48,88.4,70.09,78.16,Mechanical Engineering,2026-07-27,Friend/Family,Submitted,Eligible,Verified,2026-08-11,1710.0,Allocated,Paid,Confirmed,2026-08-18,22.0
STU01143,APP01143,Tanmay,Mishra,Female,18,Navi Mumbai,St,87.38,71.51,71.18,68.54,69.32,Information Technology,2026-07-01,Social Media,Submitted,Not Eligible,Verified,2026-07-03,,Not Allocated,Not Paid,Not Confirmed,,
STU01845,APP01845,Mohit,Gupta,Male,18,Goregaon,Open,76.27,74.51,71.38,72.45,71.73,Computer Engineering,2026-05-20,Social Media,Submitted,Not Eligible,Verified,2026-06-04,,Not Allocated,Not Paid,Not Confirmed,,
STU01962,APP01962,Krishna,Pawar,Female,20,Mira Road,Open,90.31,83.9,86.04,63.37,,Information Technology,2026-05-30,Google Search,Submitted,Eligible,Verified,2026-06-11,2164.0,Allocated,Paid,Confirmed,2026-06-14,15.0
STU01616,APP01616,Rahul,Shinde,Male,19,Badlapur,Open,73.31,83.22,80.61,67.69,74.93,Computer Engineering,2026-04-20,Education Portal,Submitted,Eligible,Verified,2026-04-22,2016.0,Allocated,Paid,Confirmed,2026-04-23,3.0
STU01282,APP01282,Neha,Sharma,Female,18,Panvel,Open,97.84,73.16,79.43,78.38,79.54,Artificial Intelligence & Data Science,2026-03-22,College Visit,Under Review,Eligible,Incomplete,,1465.0,Not Allocated,Not Paid,Not Confirmed,,
STU00010,APP00010,Karan,Pawar,Female,18,Mira Road,SC,87.38,67.92,65.91,71.55,73.93,Electronics Engineering,2026-04-04,Google Search,Submitted,Not Eligible,Incomplete,,,Not Allocated,Not Paid,Not Confirmed,,
STU00450,APP00450,Arjun,Naik,Male,18,Vasai,SC,68.2,86.55,85.8,66.05,74.13,Electronics Engineering,2026-03-15,Google Search,Submitted,Eligible,Verified,2026-03-19,1972.0,Allocated,Paid,Confirmed,2026-03-29,14.0
STU00709,APP00709,Ananya,Kulkarni,Female,19,Mira Road,OBC,78.97,66.93,70.76,67.05,74.9,Artificial Intelligence & Data Science,2026-02-06,Social Media,Submitted,Not Eligible,Verified,2026-02-18,,Not Allocated,Not Paid,Not Confirmed,,
STU00256,APP00256,Pranav,Naik,Male,20,Mira Road,Open,73.27,64.83,60.78,67.34,67.47,Electronics Engineering,2026-05-12,College Visit,Submitted,Not Eligible,Pending,,,Not Allocated,Not Paid,Not Confirmed,,
STU00883,APP00883,Aryan,Joshi,Male,17,Andheri,OBC,87.73,76.04,77.04,71.12,70.02,Mechanical Engineering,2026-07-06,Advertisement,Under Review,Eligible,Verified,2026-07-09,2156.0,Allocated,Paid,Confirmed,2026-07-13,7.0
STU00390,APP00390,Aarav,Jadhav,Female,18,Badlapur,ST,66.31,78.29,,78.13,78.44,Electronics Engineering,2026-01-16,College Visit,Submitted,Eligible,Verified,2026-01-28,1851.0,Not Allocated,Not Paid,Not Confirmed,,
STU00909,APP00909,Mohit,Kumar,Male,18,Kalyan,Open,74.14,84.08,87.23,81.45,82.59,Artificial Intelligence & Data Science,2026-02-27,College Website,Submitted,Eligible,Pending,,1428.0,Not Allocated,Not Paid,Not Confirmed,,
STU00925,APP00925,Vikas,Kumar,Male,18,Mumbai,Open,95.21,62.75,70.68,73.37,75.48,Computer Engineering,2026-06-09,Advertisement,Submitted,Not Eligible,Verified,2026-06-15,,Not Allocated,Not Paid,Not Confirmed,,
STU01720,APP01720,Mohit,Verma,Male,18,Borivali,Open,67.22,71.83,77.31,78.5,74.5,Computer Engineering,2026-04-22,Social Media,Submitted,Eligible,Verified,2026-05-05,2078.0,Allocated,Paid,Confirmed,2026-05-06,14.0
STU01243,APP01243,Manav,Chavan,Male,18,Vasai,EWS,77.82,68.86,66.68,61.97,71.06,Electronics Engineering,2026-01-11,Education Portal,Submitted,Not Eligible,Verified,2026-01-18,,Not Allocated,Not Paid,Not Confirmed,,
STU00461,APP00461,Sneha,Jadhav,Male,18,Andheri,Open,72.77,73.42,72.78,74.1,74.43,Computer Engineering,2026-01-16,College Visit,Under Review,Not Eligible,Incomplete,,,Not Allocated,Not Paid,Not Confirmed,,
STU01281,APP01281,Neha,Tiwari,Female,19,Kalyan,Open,69.72,58.6,52.73,63.93,60.26,Computer Engineering,2026-07-02,College Website,Submitted,Not Eligible,Incomplete,,,Not Allocated,Not Paid,Not Confirmed,,
STU01717,APP01717,Akash,More,Female,18,Goregaon,Open,74.16,84.21,84.51,66.69,,Information Technology,2026-04-18,College Visit,Submitted,Eligible,Incomplete,,2315.0,Not Allocated,Not Paid,Not Confirmed,,
STU01169,APP01169,Arjun,Kulkarni,Female,18,Navi Mumbai,Open,85.15,96.06,98.0,94.76,96.05,Artificial Intelligence & Data Science,2026-03-19,College Visit,Submitted,Eligible,Verified,2026-03-30,326.0,Allocated,Paid,Confirmed,2026-04-08,20.0
STU00959,APP00959,Pranav,Yadav,Female,19,Vasai,Open,71.56,76.55,76.26,61.13,63.54,Artificial Intelligence & Data Science,2026-01-12,College Website,Under Review,Eligible,Verified,2026-01-22,2945.0,Allocated,Paid,Confirmed,2026-01-27,15.0
STU00502,APP00502,Pooja,Yadav,Female,18,Vasai,OBC,69.14,68.3,70.49,69.99,79.48,Computer Engineering,2026-05-11,Social Media,Submitted,Not Eligible,Pending,,,Not Allocated,Not Paid,Not Confirmed,,
STU00740,APP00740,Aryan,Tiwari,Male,20,Mira Road,SC,71.1,96.64,97.27,85.22,90.53,Electronics Engineering,2026-04-16,College Website,Submitted,Eligible,Verified,2026-04-21,685.0,Allocated,Paid,Confirmed,2026-05-01,15.0
STU01869,APP01869,Rahul,Mehta,Female,18,Kalyan,EWS,72.84,87.57,86.92,74.14,76.94,Artificial Intelligence & Data Science,2026-02-23,College Visit,Submitted,Eligible,Verified,2026-03-10,1857.0,Allocated,Paid,Confirmed,2026-03-16,21.0
STU00869,APP00869,Tanmay,Singh,Female,19,Mumbai,SC,90.05,58.4,54.62,64.36,66.98,Information Technology,2026-07-07,Advertisement,Submitted,Not Eligible,Verified,2026-07-18,,Not Allocated,Not Paid,Not Confirmed,,
STU00732,APP00732,Ayush,Joshi,Male,18,Mumbai,Open,69.92,63.5,64.34,51.75,61.96,Information Technology,2026-06-21,Google Search,Submitted,Not Eligible,Incomplete,,,Not Allocated,Not Paid,Not Confirmed,,
STU00540,APP00540,Aryan,Verma,Female,18,Navi Mumbai,EWS,88.1,76.03,80.95,72.93,82.66,Information Technology,2026-05-06,College Website,Under Review,Eligible,Verified,2026-05-09,1242.0,Allocated,Paid,Confirmed,2026-05-13,7.0
STU01202,APP01202,Karan,Kumar,Male,18,Thane,SC,66.63,73.02,74.83,80.11,82.61,Information Technology,2026-05-27,Friend/Family,Submitted,Not Eligible,Pending,,,Not Allocated,Not Paid,Not Confirmed,,
STU00698,APP00698,Neha,Yadav,Male,19,Navi Mumbai,Open,89.41,66.3,73.21,70.72,78.33,Computer Engineering,2026-07-17,College Visit,Submitted,Not Eligible,Pending,,,Not Allocated,Not Paid,Not Confirmed,,
STU01405,APP01405,Aarav,Kumar,Female,18,Mira Road,OBC,87.22,66.05,63.57,72.31,,Artificial Intelligence & Data Science,2026-07-21,College Website,Submitted,Not Eligible,Pending,,,Not Allocated,Not Paid,Not Confirmed,,
STU01623,APP01623,Varun,Kumar,Female,19,Badlapur,Open,83.66,74.73,75.88,69.73,72.98,Artificial Intelligence & Data Science,2026-07-09,Advertisement,Submitted,Eligible,Incomplete,,2077.0,Not Allocated,Not Paid,Not Confirmed,,
STU01146,APP01146,Sneha,Singh,Male,18,Mumbai,ST,64.37,68.19,77.04,76.6,79.99,Mechanical Engineering,2026-07-18,Education Portal,Submitted,Eligible,Verified,2026-08-01,1621.0,Allocated,Paid,Confirmed,2026-08-03,16.0
STU01032,APP01032,Aditya,Yadav,Male,19,Panvel,Open,80.42,66.74,61.9,73.14,73.93,Electronics Engineering,2026-07-06,Social Media,Submitted,Not Eligible,Incomplete,,,Not Allocated,Not Paid,Not Confirmed,,
STU00373,APP00373,Rohan,Kumar,Female,18,Mumbai,EWS,81.92,50.68,53.41,57.75,,Electronics Engineering,2026-05-24,Education Portal,Withdrawn,Not Eligible,Not Submitted,,,Not Allocated,Not Paid,Not Confirmed,,
STU00668,APP00668,Pooja,Mehta,Male,19,Vasai,Open,87.57,66.46,68.27,62.26,63.91,Information Technology,2026-01-02,College Visit,Submitted,Not Eligible,Incomplete,,,Not Allocated,Not Paid,Not Confirmed,,
STU01607,APP01607,Neha,Kulkarni,Male,18,Thane,Sc,84.92,72.64,74.83,82.1,81.09,Electronics Engineering,2026-01-28,Advertisement,Submitted,Not Eligible,Incomplete,,,Not Allocated,Not Paid,Not Confirmed,,
STU00358,APP00358,Shreya,Kumar,Female,20,Badlapur,OBC,84.38,73.84,70.35,75.22,76.14,Computer Engineering,2026-04-08,Education Portal,Submitted,Not Eligible,Incomplete,,,Not Allocated,Not Paid,Not Confirmed,,
STU00968,APP00968,Rohan,Naik,Male,18,Andheri,Open,84.32,66.23,66.87,59.09,65.42,Information Technology,2026-07-15,Education Portal,Submitted,Not Eligible,Incomplete,,,Not Allocated,Not Paid,Not Confirmed,,
STU00784,APP00784,Riya,Verma,Male,18,Andheri,Open,77.48,77.24,,74.5,,Computer Engineering,2026-05-19,College Website,Under Review,Eligible,Verified,2026-06-03,1959.0,Allocated,Paid,Confirmed,2026-06-09,21.0
STU00736,APP00736,Tanmay,Yadav,Female,18,Bhiwandi,OBC,82.15,81.68,110.0,67.05,81.07,Electronics Engineering,2026-02-27,College Visit,Submitted,Eligible,Verified,2026-03-07,1506.0,Allocated,Paid,Confirmed,2026-03-13,14.0
STU01036,APP01036,Nikhil,Shinde,Male,19,Bhiwandi,OBC,88.61,71.34,,70.93,72.25,Artificial Intelligence & Data Science,2026-06-26,Advertisement,Submitted,Not Eligible,Verified,2026-07-10,,Not Allocated,Not Paid,Not Confirmed,,
STU00971,APP00971,Manav,Verma,Male,18,Kalyan,EWS,81.94,68.49,55.92,66.21,67.61,Information Technology,2026-02-06,Advertisement,Submitted,Not Eligible,Incomplete,,,Not Allocated,Not Paid,Not Confirmed,,
STU01539,APP01539,Rahul,Jadhav,Female,20,Dombivli,Open,77.77,74.08,76.45,58.07,59.13,Information Technology,2026-06-30,Education Portal,Submitted,Not Eligible,Verified,2026-07-02,,Not Allocated,Not Paid,Not Confirmed,,
STU01556,APP01556,Mohit,Chavan,Female,18,Panvel,SC,75.79,87.96,91.49,83.75,85.58,Artificial Intelligence & Data Science,2026-02-02,College Website,Submitted,Eligible,Incomplete,,1176.0,Not Allocated,Not Paid,Not Confirmed,,
STU01538,APP01538,Pranav,Deshmukh,Female,18,Virar,Open,64.4,84.78,81.6,67.94,71.29,Information Technology,2026-06-26,College Website,Under Review,Eligible,Verified,2026-07-02,2444.0,Allocated,Paid,Confirmed,2026-07-10,14.0
STU01362,APP01362,Mohit,Kulkarni,Male,18,Andheri,Open,80.65,76.08,76.05,56.67,65.76,Computer Engineering,2026-06-16,Friend/Family,Submitted,Eligible,Pending,,2436.0,Not Allocated,Not Paid,Not Confirmed,,
STU01612,APP01612,Rohan,Mehta,Male,21,Kalyan,Open,77.86,85.22,84.7,86.89,84.99,Artificial Intelligence & Data Science,2026-06-01,Friend/Family,Under Review,Eligible,Pending,,1375.0,Not Allocated,Not Paid,Not Confirmed,,
STU01657,APP01657,Yash,Shinde,Male,18,Kalyan,Open,81.22,79.34,81.26,71.8,78.13,Computer Engineering,2026-04-20,Education Portal,Under Review,Eligible,Verified,2026-04-24,1711.0,Allocated,Paid,Confirmed,2026-04-28,8.0
STU01253,APP01253,Akash,Naik,Female,19,Thane,OBC,72.23,87.11,88.21,82.62,86.18,Computer Engineering,2026-04-13,Social Media,Submitted,Eligible,Verified,2026-04-17,1090.0,Not Allocated,Not Paid,Not Confirmed,,
STU01710,APP01710,Manav,Naik,Female,20,Thane,Open,86.89,78.15,76.66,69.27,78.92,Artificial Intelligence & Data Science,2026-01-22,Google Search,Submitted,Eligible,Pending,,1850.0,Not Allocated,Not Paid,Not Confirmed,,
STU01732,APP01732,Akash,Sharma,Female,18,Thane,Open,93.07,71.71,75.98,73.5,70.78,Electronics Engineering,2026-05-08,Friend/Family,Withdrawn,Eligible,Not Submitted,,2430.0,Not Allocated,Not Paid,Not Confirmed,,
STU01237,APP01237,Rohan,Mehta,Female,19,Navi Mumbai,Open,66.46,65.12,65.83,70.97,73.42,Mechanical Engineering,2026-03-08,College Website,Submitted,Not Eligible,Incomplete,,,Not Allocated,Not Paid,Not Confirmed,,
STU00886,APP00886,Dhruv,Jadhav,Male,17,Kalyan,open,76.56,74.18,82.28,69.67,73.89,Electronics Engineering,2026-05-20,College Visit,Under Review,Eligible,Pending,,2212.0,Not Allocated,Not Paid,Not Confirmed,,
STU00080,APP00080,Riya,Yadav,Female,20,Virar,Open,73.1,77.14,77.74,67.98,71.8,Computer Engineering,2026-06-19,Friend/Family,Submitted,Eligible,Verified,2026-06-30,2146.0,Allocated,Paid,Confirmed,2026-07-04,15.0
STU01173,APP01173,Riya,More,Male,21,Vasai,Open,77.58,90.54,92.26,67.31,74.95,Computer Engineering,2026-04-21,Google Search,Under Review,Eligible,Verified,2026-04-27,2120.0,Allocated,Paid,Confirmed,2026-04-29,8.0
STU00815,APP00815,Mohit,Naik,Male,18,Andheri,OBC,70.61,81.38,80.37,67.62,73.14,Computer Engineering,2026-01-23,Education Portal,Withdrawn,Eligible,Not Submitted,,2038.0,Not Allocated,Not Paid,Not Confirmed,,
STU01967,APP01967,Aman,Joshi,Female,19,Borivali,EWS,72.45,84.47,88.41,84.32,85.42,Mechanical Engineering,2026-02-02,Advertisement,Submitted,Eligible,Verified,2026-02-11,1451.0,Allocated,Paid,Confirmed,2026-02-19,17.0
STU00672,APP00672,Dev,Mishra,Male,17,Navi Mumbai,EWS,97.88,71.11,68.65,59.82,,Computer Engineering,2026-04-16,College Visit,Submitted,Not Eligible,Incomplete,,,Not Allocated,Not Paid,Not Confirmed,,
STU01546,APP01546,Manav,Verma,Female,19,Navi Mumbai,EWS,85.13,94.66,93.37,89.02,88.53,Artificial Intelligence & Data Science,2026-02-23,Google Search,Under Review,Eligible,Verified,2026-03-09,1186.0,Allocated,Paid,Confirmed,2026-03-10,15.0
STU00058,APP00058,Aarav,Deshmukh,Male,18,Mira Road,Open,75.85,50.97,53.71,60.15,63.67,Electronics Engineering,2026-03-09,Google Search,Under Review,Not Eligible,Verified,2026-03-22,,Not Allocated,Not Paid,Not Confirmed,,
STU00134,APP00134,Yash,More,Female,18,Thane,SC,81.46,73.25,76.26,71.76,78.49,Computer Engineering,2026-04-30,Friend/Family,Under Review,Eligible,Verified,2026-05-06,1864.0,Allocated,Paid,Confirmed,2026-05-11,11.0
STU01141,APP01141,Atharva,Jadhav,Male,18,Bhiwandi,Open,79.49,85.66,81.15,74.24,84.72,Artificial Intelligence & Data Science,2026-04-28,College Website,Submitted,Eligible,Verified,2026-05-01,1489.0,Allocated,Paid,Confirmed,2026-05-02,4.0
STU00934,APP00934,Shreya,Chavan,Male,19,Dombivli,EWS,62.5,68.45,67.21,59.53,62.61,Mechanical Engineering,2026-05-01,Google Search,Submitted,Not Eligible,Incomplete,,,Not Allocated,Not Paid,Not Confirmed,,
STU01777,APP01777,Dev,Mishra,Female,18,Goregaon,Open,81.28,81.39,83.96,60.49,77.7,Information Technology,2026-06-14,College Website,Submitted,Eligible,Verified,2026-06-29,1752.0,Not Allocated,Not Paid,Not Confirmed,,
STU00824,APP00824,Pranav,Mishra,Female,18,Borivali,Open,69.96,55.51,53.98,55.85,60.97,Mechanical Engineering,2026-06-09,Education Portal,Submitted,Not Eligible,Incomplete,,,Not Allocated,Not Paid,Not Confirmed,,
STU01215,APP01215,Mohit,Verma,Female,18,Goregaon,OBC,65.13,52.82,48.16,66.92,70.52,Electronics Engineering,2026-03-27,Friend/Family,Submitted,Not Eligible,Verified,2026-04-04,,Not Allocated,Not Paid,Not Confirmed,,
STU00505,APP00505,Mohit,Joshi,Female,21,Navi Mumbai,ST,75.61,86.37,84.12,71.86,80.57,Artificial Intelligence & Data Science,2026-02-15,Advertisement,Submitted,Eligible,Verified,2026-02-17,1644.0,Allocated,Paid,Confirmed,2026-02-24,9.0
STU01926,APP01926,Karan,Yadav,Male,20,Kalyan,EWS,86.96,74.74,76.05,62.91,67.01,Computer Engineering,2026-05-25,College Visit,Under Review,Eligible,Verified,2026-06-05,2632.0,Allocated,Paid,Confirmed,2026-06-12,18.0
STU00348,APP00348,Rahul,More,Female,21,Panvel,Open,71.74,82.05,86.51,82.78,86.19,Information Technology,2026-02-26,Google Search,Submitted,Eligible,Verified,2026-03-02,1211.0,Allocated,Paid,Confirmed,2026-03-12,14.0
STU00387,APP00387,Mohit,Mishra,Male,18,Borivali,Open,98.0,62.42,56.83,66.61,65.04,Artificial Intelligence & Data Science,2026-07-23,Social Media,Submitted,Not Eligible,Pending,,,Not Allocated,Not Paid,Not Confirmed,,
STU01025,APP01025,Rahul,Tiwari,Male,19,Thane,Open,79.96,62.23,66.38,62.71,67.14,Electronics Engineering,2026-06-28,Google Search,Submitted,Not Eligible,Verified,2026-07-04,,Not Allocated,Not Paid,Not Confirmed,,
STU00895,APP00895,Arjun,Sharma,Female,20,Mira Road,Open,78.97,85.98,88.55,98.33,94.22,Information Technology,2026-04-01,Social Media,Submitted,Eligible,Verified,2026-04-13,559.0,Allocated,Paid,Confirmed,2026-04-22,21.0
STU00829,APP00829,Aditya,Pawar,Female,18,Thane,Open,72.94,61.71,66.47,68.82,72.56,Computer Engineering,2026-05-20,Education Portal,Submitted,Not Eligible,Pending,,,Not Allocated,Not Paid,Not Confirmed,,
STU01913,APP01913,Ishaan,Verma,Male,19,Bhiwandi,Open,90.89,71.41,65.88,62.25,56.85,Computer Engineering,2026-01-15,College Visit,Submitted,Not Eligible,Verified,2026-01-18,,Not Allocated,Not Paid,Not Confirmed,,
STU00476,APP00476,Sakshi,Shinde,Female,18,Mira Road,Open,87.23,55.64,55.83,50.81,60.53,Computer Engineering,2026-01-24,Friend/Family,Under Review,Not Eligible,Incomplete,,,Not Allocated,Not Paid,Not Confirmed,,
STU01833,APP01833,Yash,Joshi,Female,18,Badlapur,SC,79.15,67.83,59.24,61.27,70.82,Electronics Engineering,2026-04-20,Education Portal,Submitted,Not Eligible,Incomplete,,,Not Allocated,Not Paid,Not Confirmed,,
DUP50863,APP01470,Riya,Pawar,Female,21,Mumbai,OBC,92.93,57.14,55.65,52.0,57.51,Information Technology,2026-01-18,Google Search,Withdrawn,Not Eligible,Not Submitted,,,Not Allocated,Not Paid,Not Confirmed,,
STU01791,APP01791,Shreya,Mehta,Female,20,Andheri,Open,87.14,61.33,61.36,71.34,76.11,Electronics Engineering,2026-03-21,Friend/Family,Submitted,Not Eligible,Verified,2026-03-30,,Not Allocated,Not Paid,Not Confirmed,,
STU00653,APP00653,Vikas,Kadam,Male,18,Mumbai,OBC,86.78,76.01,78.75,59.04,60.27,Computer Engineering,2026-06-14,Google Search,Submitted,Eligible,Verified,2026-06-24,3216.0,Allocated,Paid,Confirmed,2026-07-02,18.0
STU00173,APP00173,Ishaan,Kumar,Male,19,Dombivli,EWS,85.15,63.46,64.63,56.86,57.89,Artificial Intelligence & Data Science,2026-03-25,Friend/Family,Submitted,Not Eligible,Verified,2026-04-02,,Not Allocated,Not Paid,Not Confirmed,,
STU01150,APP01150,Akash,Kumar,Female,19,Panvel,ST,82.5,70.17,74.68,67.62,67.57,Information Technology,2026-03-31,Social Media,Submitted,Not Eligible,Incomplete,,,Not Allocated,Not Paid,Not Confirmed,,
STU00039,APP00039,Manav,Shinde,Male,20,Vasai,Open,75.28,75.95,73.22,72.96,71.45,Artificial Intelligence & Data Science,2026-07-26,Advertisement,Withdrawn,Not Eligible,Not Submitted,,,Not Allocated,Not Paid,Not Confirmed,,
STU00714,APP00714,Sneha,Tiwari,Male,19,Goregaon,SC,78.1,91.4,96.42,79.19,79.9,Artificial Intelligence & Data Science,2026-07-12,College Visit,Submitted,Eligible,Verified,2026-07-21,1737.0,Allocated,Paid,Confirmed,2026-07-26,14.0
STU00091,APP00091,Krishna,Deshmukh,Female,20,Bhiwandi,OBC,78.74,86.65,84.58,92.35,87.53,Electronics Engineering,2026-01-16,Google Search,Withdrawn,Eligible,Not Submitted,,1299.0,Not Allocated,Not Paid,Not Confirmed,,
STU01957,APP01957,Dhruv,Jadhav,Male,19,Mira Road,Open,73.49,66.45,63.86,67.43,64.43,Artificial Intelligence & Data Science,2026-06-10,College Website,Under Review,Not Eligible,Verified,2026-06-15,,Not Allocated,Not Paid,Not Confirmed,,
STU01206,APP01206,Arjun,Jadhav,Female,18,Vasai,SC,93.65,74.07,68.71,64.23,63.54,Computer Engineering,2026-04-15,Social Media,Submitted,Not Eligible,Incomplete,,,Not Allocated,Not Paid,Not Confirmed,,
STU00876,APP00876,Pooja,Patil,Female,19,Dombivli,Open,67.7,90.11,93.25,84.49,80.58,Information Technology,2026-01-22,Education Portal,Submitted,Eligible,Verified,2026-02-01,1582.0,Allocated,Paid,Confirmed,2026-02-04,13.0
STU01363,APP01363,Nikhil,Sharma,Female,17,Mira Road,Open,77.2,72.76,70.62,61.59,65.56,Computer Engineering,2026-02-01,Social Media,Submitted,Not Eligible,Verified,2026-02-16,,Not Allocated,Not Paid,Not Confirmed,,
STU01910,APP01910,Dhruv,Tiwari,Female,18,Mumbai,SC,77.95,84.97,82.29,83.81,88.58,Information Technology,2026-06-07,Social Media,Submitted,Eligible,Pending,,985.0,Not Allocated,Not Paid,Not Confirmed,,
STU01094,APP01094,Tanmay,Naik,Female,18,Vasai,Open,73.95,79.59,75.43,75.96,85.46,Electronics Engineering,2026-06-08,Social Media,Submitted,Eligible,Verified,2026-06-22,1362.0,Not Allocated,Not Paid,Not Confirmed,,
STU01156,APP01156,Aryan,Mehta,Male,18,Bhiwandi,Open,84.87,67.49,73.31,73.88,81.5,Computer Engineering,2026-01-29,Advertisement,Submitted,Not Eligible,Verified,2026-02-05,,Not Allocated,Not Paid,Not Confirmed,,
STU01376,APP01376,Aryan,Gupta,Female,19,Dombivli,Open,79.81,51.4,50.84,63.63,67.37,Artificial Intelligence & Data Science,2026-01-17,Friend/Family,Submitted,Not Eligible,Pending,,,Not Allocated,Not Paid,Not Confirmed,,
STU01979,APP01979,Sakshi,Singh,Female,19,Mira Road,OBC,70.17,72.76,74.54,66.93,70.16,Artificial Intelligence & Data Science,2026-04-13,Google Search,Submitted,Not Eligible,Pending,,,Not Allocated,Not Paid,Not Confirmed,,
STU00500,APP00500,Arjun,Joshi,Male,21,Borivali,EWS,72.86,90.52,90.58,72.23,77.29,Computer Engineering,2026-07-19,Advertisement,Under Review,Eligible,Verified,2026-07-25,1965.0,Allocated,Paid,Confirmed,2026-07-26,7.0
STU00339,APP00339,Rahul,Naik,Female,18,Navi Mumbai,OBC,71.56,65.71,56.72,66.34,71.21,Information Technology,2026-05-10,Education Portal,Submitted,Not Eligible,Incomplete,,,Not Allocated,Not Paid,Not Confirmed,,
STU01189,APP01189,Rahul,More,Female,18,Bhiwandi,OBC,77.82,82.4,90.78,73.32,78.34,Mechanical Engineering,2026-06-19,College Visit,Submitted,Eligible,Verified,2026-06-26,1619.0,Allocated,Paid,Confirmed,2026-07-01,12.0
STU00029,APP00029,Yash,Naik,Male,17,Borivali,Open,81.99,83.75,80.04,58.4,75.12,Computer Engineering,2026-03-21,Education Portal,Submitted,Eligible,Verified,2026-04-02,2074.0,Allocated,Paid,Confirmed,2026-04-11,21.0
STU01218,APP01218,Rahul,Mishra,Male,18,Mumbai,Open,77.02,66.55,69.17,59.48,70.06,Computer Engineering,2026-04-13,Google Search,Under Review,Not Eligible,Incomplete,,,Not Allocated,Not Paid,Not Confirmed,,
STU01337,APP01337,Nikhil,Singh,Male,18,Kalyan,EWS,70.05,92.94,93.17,74.93,79.94,Information Technology,2026-06-08,College Visit,Under Review,Eligible,Verified,2026-06-19,1792.0,Allocated,Paid,Confirmed,2026-06-29,21.0
STU01839,APP01839,Dev,Tiwari,Female,18,Borivali,ST,86.08,73.09,71.02,70.99,72.58,Computer Engineering,2026-03-26,Advertisement,Submitted,Not Eligible,Pending,,,Not Allocated,Not Paid,Not Confirmed,,
STU00946,APP00946,Aryan,Deshmukh,Female,18,Mira Road,Open,77.48,78.64,74.45,66.17,70.23,Mechanical Engineering,2026-05-03,Education Portal,Submitted,Not Eligible,Incomplete,,,Not Allocated,Not Paid,Not Confirmed,,
STU00170,APP00170,Pooja,Patil,Female,18,Goregaon,OBC,74.59,79.95,77.66,73.26,76.6,Computer Engineering,2026-03-15,Advertisement,Submitted,Eligible,Verified,2026-03-29,1756.0,Allocated,Paid,Confirmed,2026-04-04,20.0
STU01487,APP01487,Ishaan,Kulkarni,Female,19,Navi Mumbai,Open,72.4,65.49,68.69,60.79,65.32,Mechanical Engineering,2026-05-01,Education Portal,Submitted,Not Eligible,Incomplete,,,Not Allocated,Not Paid,Not Confirmed,,
STU01198,APP01198,Krishna,Patil,Male,18,Navi Mumbai,OBC,81.9,70.94,,67.48,66.51,Mechanical Engineering,2026-03-11,Google Search,Submitted,Not Eligible,Verified,2026-03-13,,Not Allocated,Not Paid,Not Confirmed,,
STU01254,APP01254,Varun,Kulkarni,Male,19,Mumbai,Open,89.67,80.9,84.6,70.14,70.95,Mechanical Engineering,2026-02-23,Google Search,Under Review,Eligible,Pending,,2232.0,Not Allocated,Not Paid,Not Confirmed,,
STU01759,APP01759,Aman,Tiwari,Female,19,Navi Mumbai,Open,83.97,81.52,74.94,62.13,72.54,Computer Engineering,2026-07-23,Google Search,Submitted,Not Eligible,Pending,,,Not Allocated,Not Paid,Not Confirmed,,
STU00913,APP00913,Pranav,Tiwari,Male,20,Virar,OBC,78.97,86.89,84.53,72.08,80.78,Artificial Intelligence & Data Science,2026-01-28,Education Portal,Under Review,Eligible,Pending,,1579.0,Not Allocated,Not Paid,Not Confirmed,,
STU00492,APP00492,Sneha,Kulkarni,Female,19,Mira Road,Open,84.08,54.3,49.52,44.24,52.26,Artificial Intelligence & Data Science,2026-07-02,College Visit,Submitted,Not Eligible,Incomplete,,,Not Allocated,Not Paid,Not Confirmed,,
STU00954,APP00954,Neha,More,Male,18,Thane,ST,68.48,69.44,74.52,66.85,69.13,Electronics Engineering,2026-04-06,Advertisement,Submitted,Not Eligible,Verified,2026-04-08,,Not Allocated,Not Paid,Not Confirmed,,
STU01098,APP01098,Dev,Chavan,Male,18,Vasai,OBC,89.82,70.68,73.31,58.75,70.37,Artificial Intelligence & Data Science,2026-03-30,Education Portal,Submitted,Not Eligible,Pending,,,Not Allocated,Not Paid,Not Confirmed,,
STU01033,APP01033,Shreya,Mishra,Male,18,Vasai,Open,83.35,76.85,78.32,81.93,83.79,Information Technology,2026-02-08,Friend/Family,Submitted,Eligible,Incomplete,,1462.0,Not Allocated,Not Paid,Not Confirmed,,
STU00588,APP00588,Dhruv,More,Female,18,Dombivli,SC,81.38,67.71,61.29,51.88,62.86,Information Technology,2026-05-06,Advertisement,Withdrawn,Not Eligible,Not Submitted,,,Not Allocated,Not Paid,Not Confirmed,,
STU00751,APP00751,Sneha,Kulkarni,Female,20,Panvel,SC,95.4,78.57,78.52,81.94,81.64,Computer Engineering,2026-07-25,Friend/Family,Submitted,Eligible,Pending,,1750.0,Not Allocated,Not Paid,Not Confirmed,,
STU00658,APP00658,Rahul,Sharma,Male,19,Bhiwandi,Open,79.75,59.64,63.51,61.23,65.68,Artificial Intelligence & Data Science,2026-04-16,College Website,Submitted,Not Eligible,Verified,2026-04-26,,Not Allocated,Not Paid,Not Confirmed,,
STU00235,APP00235,Varun,Kumar,Female,18,Thane,Open,89.53,81.58,77.13,73.8,75.59,Information Technology,2026-05-30,Friend/Family,Submitted,Eligible,Verified,2026-06-03,2178.0,Allocated,Paid,Confirmed,2026-06-10,11.0
STU00733,APP00733,Neha,Joshi,Female,18,Vasai,OBC,75.86,80.66,82.74,70.22,69.72,Information Technology,2026-04-27,College Website,Submitted,Eligible,Incomplete,,2140.0,Not Allocated,Not Paid,Not Confirmed,,
DUP49656,APP00470,Ishaan,Yadav,Female,19,Kalyan,Open,79.83,74.61,79.43,67.23,72.2,Mechanical Engineering,2026-04-20,Advertisement,Submitted,Eligible,Verified,2026-04-25,2200.0,Allocated,Paid,Confirmed,2026-04-30,10.0
STU01647,APP01647,Rahul,More,Male,18,Dombivli,Open,93.05,80.7,91.57,66.28,68.89,Computer Engineering,2026-02-11,Google Search,Submitted,Eligible,Verified,2026-02-26,2379.0,Allocated,Pending,Not Confirmed,,
STU01157,APP01157,Aman,Mishra,Male,18,Virar,Open,78.82,83.53,110.0,78.66,,Mechanical Engineering,2026-02-04,Education Portal,Submitted,Eligible,Verified,2026-02-18,1347.0,Allocated,Paid,Confirmed,2026-02-27,23.0
STU01484,APP01484,Tanmay,Jadhav,Male,17,Virar,Open,81.43,85.08,,75.59,76.18,Information Technology,2026-01-21,Education Portal,Submitted,Eligible,Verified,2026-02-03,1907.0,Allocated,Paid,Confirmed,2026-02-07,17.0
STU01437,APP01437,Mohit,Singh,Female,21,Panvel,OBC,69.83,71.78,70.91,72.89,68.92,Electronics Engineering,2026-04-26,Friend/Family,Submitted,Not Eligible,Incomplete,,,Not Allocated,Not Paid,Not Confirmed,,
STU01642,APP01642,Shreya,Tiwari,Male,20,Borivali,Open,75.83,62.7,61.96,55.7,68.24,Computer Engineering,2026-07-10,Friend/Family,Submitted,Not Eligible,Pending,,,Not Allocated,Not Paid,Not Confirmed,,
STU00935,APP00935,Aman,Pawar,Female,18,Virar,Open,79.57,69.82,63.34,66.0,70.59,Information Technology,2026-04-16,College Visit,Submitted,Not Eligible,Verified,2026-04-21,,Not Allocated,Not Paid,Not Confirmed,,
STU01210,APP01210,Rohan,Shinde,Female,17,Virar,Open,86.08,63.76,53.85,55.86,54.11,Information Technology,2026-04-09,Social Media,Submitted,Not Eligible,Pending,,,Not Allocated,Not Paid,Not Confirmed,,
STU01066,APP01066,Aarav,Verma,Male,18,Thane,Open,73.18,76.04,75.16,72.4,77.77,Electronics Engineering,2026-03-02,Friend/Family,Submitted,Eligible,Pending,,1784.0,Not Allocated,Not Paid,Not Confirmed,,
STU00109,APP00109,Krishna,Gupta,Female,19,Panvel,ST,69.3,75.52,75.51,67.96,,Artificial Intelligence & Data Science,2026-07-26,College Visit,Submitted,Eligible,Verified,2026-08-09,2683.0,Allocated,Paid,Confirmed,2026-08-19,24.0
STU01557,APP01557,Akash,Naik,Male,18,Bhiwandi,Open,87.26,64.99,64.07,72.18,69.61,Information Technology,2026-07-28,Friend/Family,Under Review,Not Eligible,Verified,2026-07-30,,Not Allocated,Not Paid,Not Confirmed,,
STU00569,APP00569,Vikas,Pawar,Male,19,Mira Road,EWS,70.91,62.06,66.03,66.6,,Information Technology,2026-05-20,Education Portal,Submitted,Not Eligible,Verified,2026-05-24,,Not Allocated,Not Paid,Not Confirmed,,
STU01168,APP01168,Atharva,Kumar,Male,18,Thane,Open,54.6,80.08,76.47,77.6,79.86,Electronics Engineering,2026-07-08,College Website,Submitted,Eligible,Verified,2026-07-23,1444.0,Allocated,Paid,Confirmed,2026-07-24,16.0
STU01175,APP01175,Neha,Patil,Female,18,Dombivli,Open,90.92,78.85,76.61,74.92,71.94,Computer Engineering,2026-05-07,College Visit,Submitted,Eligible,Incomplete,,2462.0,Not Allocated,Not Paid,Not Confirmed,,
STU00891,APP00891,Akash,Kulkarni,Female,18,Mira Road,OBC,76.72,84.78,87.94,68.66,79.72,Artificial Intelligence & Data Science,2026-06-18,Social Media,Submitted,Eligible,Verified,2026-07-03,1475.0,Allocated,Paid,Confirmed,2026-07-10,22.0
STU00948,APP00948,Vikas,Naik,Female,18,Vasai,Open,76.92,64.59,65.46,71.81,76.09,Computer Engineering,2026-07-20,Advertisement,Submitted,Not Eligible,Verified,2026-07-28,,Not Allocated,Not Paid,Not Confirmed,,
STU01049,APP01049,Rohan,Kumar,Male,18,Navi Mumbai,Open,82.52,75.71,76.97,76.01,75.28,Electronics Engineering,2026-06-11,College Website,Submitted,Eligible,Pending,,2194.0,Not Allocated,Not Paid,Not Confirmed,,
STU01800,APP01800,Karan,Gupta,Female,17,Virar,SC,89.54,75.52,73.5,68.96,73.96,Information Technology,2026-06-05,Education Portal,Submitted,Not Eligible,Pending,,,Not Allocated,Not Paid,Not Confirmed,,
STU01384,APP01384,Atharva,Kadam,Male,19,Vasai,OBC,74.41,70.13,70.44,70.38,71.48,Mechanical Engineering,2026-04-09,Education Portal,Submitted,Not Eligible,Incomplete,,,Not Allocated,Not Paid,Not Confirmed,,
STU01465,APP01465,Dhruv,Jadhav,Male,18,Kalyan,Open,62.37,79.38,79.98,63.81,65.26,Information Technology,2026-01-25,Advertisement,Submitted,Eligible,Verified,2026-02-09,2857.0,Allocated,Paid,Confirmed,2026-02-12,18.0
STU00885,APP00885,Sneha,Singh,Female,19,Vasai,SC,69.33,56.68,49.65,44.17,50.24,Artificial Intelligence & Data Science,2026-05-01,College Website,Submitted,Not Eligible,Pending,,,Not Allocated,Not Paid,Not Confirmed,,
STU01689,APP01689,Dhruv,Sharma,Male,17,Dombivli,Open,79.74,61.6,61.39,43.84,53.11,Artificial Intelligence & Data Science,2026-02-11,College Visit,Submitted,Not Eligible,Verified,2026-02-14,,Not Allocated,Not Paid,Not Confirmed,,
STU00851,APP00851,Pooja,Kulkarni,Female,18,Virar,SC,84.77,76.38,78.81,75.08,81.34,Artificial Intelligence & Data Science,2026-06-09,Friend/Family,Submitted,Eligible,Verified,2026-06-20,1438.0,Allocated,Paid,Confirmed,2026-06-24,15.0
STU00735,APP00735,Ayush,Tiwari,Male,18,Bhiwandi,SC,87.65,90.29,96.03,74.07,86.24,Computer Engineering,2026-06-17,Education Portal,Under Review,Eligible,Verified,2026-06-24,1264.0,Allocated,Pending,Not Confirmed,,
STU00718,APP00718,Aryan,Deshmukh,Female,18,,Open,90.11,81.82,83.89,66.34,68.9,Information Technology,2026-03-26,College Visit,Withdrawn,Eligible,Not Submitted,,2514.0,Not Allocated,Not Paid,Not Confirmed,,
STU00455,APP00455,Pooja,Verma,Male,18,Panvel,ST,82.74,71.23,68.63,66.37,69.81,Information Technology,2026-01-30,Social Media,Submitted,Not Eligible,Incomplete,,,Not Allocated,Not Paid,Not Confirmed,,
STU00265,APP00265,Sneha,Jadhav,Male,18,Badlapur,Open,77.01,80.97,79.43,70.66,78.02,Electronics Engineering,2026-03-21,College Visit,Under Review,Eligible,Verified,2026-03-29,1956.0,Allocated,Paid,Confirmed,2026-04-03,13.0
STU00076,APP00076,Dhruv,Kulkarni,Female,18,Virar,OBC,82.75,75.11,75.23,61.8,68.12,Artificial Intelligence & Data Science,2026-02-02,Google Search,Submitted,Eligible,Verified,2026-02-10,2572.0,Not Allocated,Not Paid,Not Confirmed,,
STU01673,APP01673,Yash,Singh,Male,18,Badlapur,SC,69.7,68.84,69.35,65.65,74.73,Mechanical Engineering,2026-04-03,Advertisement,Submitted,Not Eligible,Pending,,,Not Allocated,Not Paid,Not Confirmed,,
STU00445,APP00445,Ishaan,Joshi,Female,19,Panvel,OBC,69.77,70.24,69.59,78.93,80.71,Computer Engineering,2026-02-14,Advertisement,Submitted,Not Eligible,Pending,,,Not Allocated,Not Paid,Not Confirmed,,
STU00396,APP00396,Ishaan,Kulkarni,Female,18,Panvel,Open,71.7,87.95,91.53,70.35,72.57,Information Technology,2026-03-04,Friend/Family,Submitted,Eligible,Verified,2026-03-09,2074.0,Allocated,Paid,Confirmed,2026-03-11,7.0
STU00177,APP00177,Varun,Naik,Female,18,Thane,SC,64.98,76.95,75.51,73.93,,Electronics Engineering,2026-07-22,Education Portal,Submitted,Eligible,Verified,2026-07-24,1782.0,Allocated,Paid,Confirmed,2026-08-01,10.0
STU01043,APP01043,Pooja,Shinde,Female,20,Bhiwandi,SC,59.47,83.99,87.5,78.65,77.52,Computer Engineering,2026-01-17,Advertisement,Submitted,Eligible,Verified,2026-01-27,1903.0,Allocated,Paid,Confirmed,2026-02-05,19.0
STU01753,APP01753,Arjun,Mehta,Female,18,Thane,Open,74.95,67.03,65.66,60.6,63.97,Computer Engineering,2026-02-19,College Visit,Submitted,Not Eligible,Verified,2026-02-21,,Not Allocated,Not Paid,Not Confirmed,,
STU01930,APP01930,Shreya,Joshi,Male,17,Vasai,ST,84.18,73.68,67.75,68.37,70.67,Mechanical Engineering,2026-03-22,Friend/Family,Under Review,Not Eligible,Pending,,,Not Allocated,Not Paid,Not Confirmed,,
STU01525,APP01525,Dev,Naik,Female,18,Navi Mumbai,OBC,87.75,68.78,65.3,59.06,62.39,Computer Engineering,2026-04-25,College Website,Submitted,Not Eligible,Verified,2026-05-04,,Not Allocated,Not Paid,Not Confirmed,,
STU01393,APP01393,Ishaan,Sharma,Male,19,Mumbai,Open,82.76,70.86,68.96,65.8,,Mechanical Engineering,2026-03-02,College Visit,Submitted,Not Eligible,Pending,,,Not Allocated,Not Paid,Not Confirmed,,
STU00596,APP00596,Yash,Singh,Male,20,,Open,74.43,85.64,85.56,62.59,73.35,Computer Engineering,2026-04-06,Education Portal,Submitted,Eligible,Verified,2026-04-17,2094.0,Allocated,Paid,Confirmed,2026-04-25,19.0
STU00062,APP00062,Varun,Patil,Female,20,Kalyan,SC,90.97,77.7,,80.16,77.73,Electronics Engineering,2026-06-24,Google Search,Submitted,Eligible,Pending,,1900.0,Not Allocated,Not Paid,Not Confirmed,,
STU01297,APP01297,Shreya,Singh,FEMALE,19,Andheri,Open,64.65,82.15,79.45,48.94,62.2,Information Technology,2026-06-06,College Visit,Submitted,Eligible,Verified,2026-06-20,3086.0,Not Allocated,Not Paid,Not Confirmed,,
STU00873,APP00873,Dhruv,Naik,Male,20,Badlapur,Open,89.5,81.7,82.11,81.18,86.77,Mechanical Engineering,2026-05-09,Friend/Family,Submitted,Eligible,Verified,2026-05-14,1005.0,Allocated,Paid,Confirmed,2026-05-21,12.0
STU01504,APP01504,Ayush,Jadhav,Female,19,Borivali,SC,79.0,66.72,67.49,73.72,78.47,Computer Engineering,2026-03-20,College Website,Submitted,Not Eligible,Verified,2026-03-24,,Not Allocated,Not Paid,Not Confirmed,,
STU01899,APP01899,Aarav,Verma,Male,18,Dombivli,Open,67.89,73.04,65.42,60.21,69.87,Computer Engineering,2026-03-13,College Visit,Submitted,Not Eligible,Pending,,,Not Allocated,Not Paid,Not Confirmed,,
STU00279,APP00279,Aman,Pawar,Female,18,Borivali,OBC,73.74,63.16,62.63,53.04,67.14,Computer Engineering,2026-04-25,Google Search,Submitted,Not Eligible,Verified,2026-05-06,,Not Allocated,Not Paid,Not Confirmed,,
STU00037,APP00037,Rahul,Singh,Male,18,Bhiwandi,Open,81.72,70.36,67.07,67.51,70.03,Computer Engineering,2026-07-06,Social Media,Under Review,Not Eligible,Incomplete,,,Not Allocated,Not Paid,Not Confirmed,,
STU01549,APP01549,Aman,Joshi,Female,20,Navi Mumbai,ST,63.74,90.24,90.87,73.35,78.8,Artificial Intelligence & Data Science,2026-01-14,College Website,Under Review,Eligible,Pending,,1748.0,Not Allocated,Not Paid,Not Confirmed,,
STU00663,APP00663,Nikhil,Mehta,Female,18,Borivali,Open,74.93,81.35,84.0,71.38,,Artificial Intelligence & Data Science,2026-01-28,College Website,Submitted,Eligible,Verified,2026-02-01,1747.0,Allocated,Pending,Not Confirmed,,
STU01825,APP01825,Varun,Mehta,Male,19,Thane,Open,75.78,71.89,71.57,64.44,72.17,Electronics Engineering,2026-07-02,Social Media,Submitted,Not Eligible,Verified,2026-07-06,,Not Allocated,Not Paid,Not Confirmed,,
STU01457,APP01457,Aarav,Pawar,Male,18,Borivali,Open,72.08,86.41,87.8,73.34,82.53,Artificial Intelligence & Data Science,2026-02-04,Social Media,Submitted,Eligible,Verified,2026-02-16,1606.0,Allocated,Paid,Confirmed,2026-02-24,20.0
STU00978,APP00978,Sneha,Chavan,Female,19,Virar,Open,78.91,83.65,87.94,71.3,83.23,Computer Engineering,2026-06-27,Google Search,Submitted,Eligible,Pending,,1262.0,Not Allocated,Not Paid,Not Confirmed,,
STU01935,APP01935,Akash,Chavan,Female,18,Virar,EWS,64.32,75.45,73.15,71.11,71.8,Artificial Intelligence & Data Science,2026-02-07,College Visit,Withdrawn,Not Eligible,Not Submitted,,,Not Allocated,Not Paid,Not Confirmed,,
STU00739,APP00739,Riya,Shinde,Female,20,Andheri,Open,69.41,81.18,79.16,73.72,73.83,Mechanical Engineering,2026-03-26,Friend/Family,Submitted,Eligible,Verified,2026-03-29,2078.0,Allocated,Paid,Confirmed,2026-04-06,11.0
STU00192,APP00192,Aman,Yadav,Female,18,Vasai,EWS,88.46,85.75,87.75,80.99,81.04,Artificial Intelligence & Data Science,2026-07-19,Social Media,Submitted,Eligible,Verified,2026-07-29,1631.0,Allocated,Paid,Confirmed,2026-08-07,19.0
STU00920,APP00920,Vikas,Jadhav,Female,19,Thane,Open,61.48,77.58,78.36,72.76,74.44,Artificial Intelligence & Data Science,2026-03-06,Social Media,Submitted,Eligible,Verified,2026-03-19,2122.0,Not Allocated,Not Paid,Not Confirmed,,
STU00457,APP00457,Shreya,Mishra,Male,20,Bhiwandi,Open,77.92,79.07,86.32,73.94,76.66,Information Technology,2026-01-27,Friend/Family,Submitted,Eligible,Verified,2026-02-11,1968.0,Allocated,Paid,Confirmed,2026-02-16,20.0
STU00676,APP00676,Riya,Chavan,Female,17,Goregaon,OBC ,76.7,85.81,88.49,68.34,79.9,Information Technology,2026-04-19,Advertisement,Submitted,Eligible,Verified,2026-04-21,1674.0,Allocated,Paid,Confirmed,2026-04-28,9.0
STU00761,APP00761,Aman,Jadhav,Female,18,Andheri,Open,87.09,62.68,58.6,46.95,52.9,Information Technology,2026-03-28,Advertisement,Submitted,Not Eligible,Pending,,,Not Allocated,Not Paid,Not Confirmed,,
STU01826,APP01826,Sakshi,Jadhav,Female,18,Panvel,Open,72.92,77.11,66.6,69.6,71.31,Electronics Engineering,2026-01-21,Social Media,Submitted,Not Eligible,Incomplete,,,Not Allocated,Not Paid,Not Confirmed,,
STU01617,APP01617,Dev,Singh,Female,20,Badlapur,EWS,73.49,73.56,67.7,74.6,76.38,Information Technology,2026-03-13,Social Media,Submitted,Not Eligible,Incomplete,,,Not Allocated,Not Paid,Not Confirmed,,
STU00729,APP00729,Varun,Kadam,Male,18,Andheri,OBC,82.2,74.79,75.72,67.83,72.57,Electronics Engineering,2026-05-12,Google Search,Withdrawn,Eligible,Not Submitted,,2149.0,Not Allocated,Not Paid,Not Confirmed,,
STU00413,APP00413,Neha,Chavan,Male,18,Mumbai,Open,62.06,80.72,73.4,52.1,63.58,Computer Engineering,2026-01-23,Social Media,Withdrawn,Not Eligible,Not Submitted,,,Not Allocated,Not Paid,Not Confirmed,,
STU01099,APP01099,Manav,Sharma,Female,18,Kalyan,Open,82.26,48.78,49.44,49.68,50.93,Mechanical Engineering,2026-01-17,College Website,Submitted,Not Eligible,Incomplete,,,Not Allocated,Not Paid,Not Confirmed,,
STU00826,APP00826,Dev,Pawar,Male,18,Borivali,Open,93.12,87.54,81.44,76.39,76.23,Electronics Engineering,2026-04-23,Friend/Family,Submitted,Eligible,Verified,2026-04-25,1783.0,Allocated,Paid,Confirmed,2026-04-26,3.0
STU01511,APP01511,Ayush,Yadav,Female,18,Mumbai,Open,71.22,73.05,73.88,61.82,69.44,Artificial Intelligence & Data Science,2026-05-30,Google Search,Under Review,Not Eligible,Verified,2026-06-08,,Not Allocated,Not Paid,Not Confirmed,,
STU00617,APP00617,Ananya,Kumar,Male,18,Badlapur,EWS,75.12,58.21,54.45,68.29,64.66,Electronics Engineering,2026-04-15,College Visit,Submitted,Not Eligible,Pending,,,Not Allocated,Not Paid,Not Confirmed,,
STU00115,APP00115,Manav,Sharma,M,18,Dombivli,Open,80.02,86.47,93.21,80.0,79.67,Mechanical Engineering,2026-02-26,Education Portal,Submitted,Eligible,Verified,2026-03-11,1548.0,Allocated,Paid,Confirmed,2026-03-21,23.0
STU00418,APP00418,Mohit,Yadav,Female,18,Dombivli,Open,81.78,74.66,76.31,72.83,77.23,Computer Engineering,2026-03-05,Friend/Family,Submitted,Eligible,Verified,2026-03-17,1847.0,Allocated,Pending,Not Confirmed,,
STU01931,APP01931,Aman,Shinde,Female,19,Borivali,Open,70.09,56.81,56.85,72.86,74.23,Computer Engineering,2026-04-15,Social Media,Submitted,Not Eligible,Pending,,,Not Allocated,Not Paid,Not Confirmed,,
STU00970,APP00970,Aman,Mishra,Female,18,,Open,61.01,64.81,67.38,55.27,59.44,Artificial Intelligence & Data Science,2026-06-14,Friend/Family,Submitted,Not Eligible,Verified,2026-06-28,,Not Allocated,Not Paid,Not Confirmed,,
STU00605,APP00605,Mohit,Yadav,Female,18,Dombivli,obc,94.19,84.59,83.58,76.23,82.01,Computer Engineering,2026-06-13,Social Media,Under Review,Eligible,Verified,2026-06-28,1401.0,Allocated,Paid,Confirmed,2026-07-03,20.0
STU01939,APP01939,Aman,Deshmukh,Female,18,Panvel,OBC,71.2,94.97,94.79,79.6,78.87,Electronics Engineering,2026-06-05,College Visit,Submitted,Eligible,Verified,2026-06-08,1849.0,Allocated,Paid,Confirmed,2026-06-14,9.0
STU00090,APP00090,Akash,Kumar,Male,18,Kalyan,OBC,73.36,88.56,84.98,71.37,76.98,Artificial Intelligence & Data Science,2026-04-09,Friend/Family,Submitted,Eligible,Verified,2026-04-13,1973.0,Allocated,Paid,Confirmed,2026-04-20,11.0
STU00849,APP00849,Rahul,Deshmukh,Male,18,Thane,EWS,75.39,80.44,83.7,81.68,81.6,Computer Engineering,2026-05-14,Friend/Family,Submitted,Eligible,Pending,,1323.0,Not Allocated,Not Paid,Not Confirmed,,
STU01761,APP01761,Sakshi,Pawar,Female,20,Panvel,OBC,72.51,75.76,67.63,72.21,78.08,Artificial Intelligence & Data Science,2026-01-28,College Visit,Submitted,Not Eligible,Verified,2026-02-05,,Not Allocated,Not Paid,Not Confirmed,,
STU01938,APP01938,Ananya,Mehta,Female,19,Bhiwandi,Open,76.09,78.85,80.14,57.56,67.65,Electronics Engineering,2026-04-01,Google Search,Submitted,Eligible,Verified,2026-04-09,2621.0,Allocated,Paid,Confirmed,2026-04-14,13.0
STU00754,APP00754,Krishna,Pawar,Male,18,Mumbai,Open,94.25,78.31,74.95,62.04,68.51,Computer Engineering,2026-07-01,Friend/Family,Withdrawn,Not Eligible,Not Submitted,,,Not Allocated,Not Paid,Not Confirmed,,
STU00499,APP00499,Rohan,Kumar,Male,19,Navi Mumbai,Open,68.37,93.19,89.6,81.31,82.26,Mechanical Engineering,2026-05-08,Social Media,Submitted,Eligible,Verified,2026-05-18,1506.0,Allocated,Paid,Confirmed,2026-05-23,15.0
STU01277,APP01277,Mohit,Sharma,Female,18,Panvel,EWS,68.4,74.79,70.65,77.22,69.1,Information Technology,2026-03-04,Google Search,Submitted,Not Eligible,Incomplete,,,Not Allocated,Not Paid,Not Confirmed,,
STU01326,APP01326,Aman,Jadhav,Female,19,Vasai,ST,83.32,73.28,80.3,58.87,71.34,Artificial Intelligence & Data Science,2026-01-09,Friend/Family,Submitted,Eligible,Incomplete,,2087.0,Not Allocated,Not Paid,Not Confirmed,,
STU00012,APP00012,Nikhil,Shinde,Male,18,Vasai,Open,75.37,80.53,79.87,64.95,76.88,Artificial Intelligence & Data Science,2026-04-08,Social Media,Submitted,Eligible,Incomplete,,2092.0,Not Allocated,Not Paid,Not Confirmed,,
STU00397,APP00397,Rahul,Patil,Male,19,Bhiwandi,Open,64.11,69.67,72.06,62.56,66.85,Electronics Engineering,2026-04-08,Education Portal,Under Review,Not Eligible,Incomplete,,,Not Allocated,Not Paid,Not Confirmed,,
STU00285,APP00285,Pooja,Joshi,Female,19,Andheri,OBC,84.34,83.89,84.23,84.62,87.35,Artificial Intelligence & Data Science,2026-05-22,Google Search,Submitted,Eligible,Verified,2026-06-02,1338.0,Allocated,Paid,Confirmed,2026-06-07,16.0
STU01067,APP01067,Pooja,Tiwari,Female,18,Bhiwandi,Open,76.41,60.66,53.91,56.34,57.1,Mechanical Engineering,2026-02-20,Friend/Family,Submitted,Not Eligible,Verified,2026-03-04,,Not Allocated,Not Paid,Not Confirmed,,
STU01192,APP01192,Riya,Mishra,Female,18,Mira Road,SC,80.7,78.39,,72.2,71.79,Electronics Engineering,2026-05-17,Advertisement,Under Review,Not Eligible,Incomplete,,,Not Allocated,Not Paid,Not Confirmed,,
STU01762,APP01762,Krishna,Jadhav,Female,18,Badlapur,Open,90.56,90.3,91.1,93.41,90.32,Artificial Intelligence & Data Science,2026-06-11,Advertisement,Submitted,Eligible,Verified,2026-06-14,908.0,Allocated,Paid,Confirmed,2026-06-15,4.0
STU00691,APP00691,Krishna,Naik,Female,18,Thane,ST,89.1,75.92,74.37,75.19,81.22,Electronics Engineering,2026-03-31,Google Search,Submitted,Not Eligible,Pending,,,Not Allocated,Not Paid,Not Confirmed,,
STU01646,APP01646,Tanmay,Gupta,MALE,19,Panvel,EWS,86.04,67.6,65.56,49.24,43.02,Computer Engineering,2026-05-06,Friend/Family,Submitted,Not Eligible,Verified,2026-05-10,,Not Allocated,Not Paid,Not Confirmed,,
STU01934,APP01934,Yash,Chavan,Male,18,Panvel,SC,66.75,77.19,76.49,84.84,86.33,Information Technology,2026-03-08,Advertisement,Submitted,Eligible,Verified,2026-03-14,1131.0,Allocated,Pending,Not Confirmed,,
STU00690,APP00690,Ishaan,Yadav,Female,19,Virar,Open,85.0,74.15,79.0,65.68,66.58,Artificial Intelligence & Data Science,2026-02-26,Google Search,Submitted,Eligible,Verified,2026-03-08,2374.0,Allocated,Paid,Confirmed,2026-03-11,13.0
STU00852,APP00852,Pranav,Yadav,Male,18,Kalyan,Open,70.48,90.2,86.91,67.82,65.1,Artificial Intelligence & Data Science,2026-06-17,Education Portal,Submitted,Eligible,Incomplete,,2919.0,Not Allocated,Not Paid,Not Confirmed,,
STU00160,APP00160,Dhruv,Naik,Female,21,Badlapur,EWS,84.61,80.0,77.39,69.32,70.5,Information Technology,2026-06-10,Friend/Family,Under Review,Eligible,Verified,2026-06-24,2315.0,Not Allocated,Not Paid,Not Confirmed,,
STU00896,APP00896,Ayush,Patil,Female,18,Bhiwandi,Open,78.72,82.12,75.88,64.03,65.96,Electronics Engineering,2026-07-28,College Website,Submitted,Eligible,Verified,2026-08-07,2868.0,Allocated,Paid,Confirmed,2026-08-10,13.0
STU01748,APP01748,Vikas,Gupta,Male,18,,EWS,84.58,92.99,95.51,69.01,74.44,Artificial Intelligence & Data Science,2026-05-07,Advertisement,Submitted,Eligible,Verified,2026-05-14,2257.0,Not Allocated,Not Paid,Not Confirmed,,
STU00258,APP00258,Ishaan,Shinde,Female,18,Navi Mumbai,Open,65.83,68.96,72.69,76.9,83.72,Information Technology,2026-06-20,Friend/Family,Submitted,Not Eligible,Verified,2026-06-23,,Not Allocated,Not Paid,Not Confirmed,,
STU00336,APP00336,Yash,Patil,Male,18,Bhiwandi,SC,81.16,88.01,88.57,59.12,66.94,Mechanical Engineering,2026-02-15,College Website,Submitted,Eligible,Pending,,2743.0,Not Allocated,Not Paid,Not Confirmed,,
STU01968,APP01968,Pranav,Chavan,Male,18,Mumbai,Open,83.12,88.1,86.61,74.33,81.63,Computer Engineering,2026-03-16,Social Media,Submitted,Eligible,Verified,2026-03-26,1396.0,Allocated,Paid,Confirmed,2026-04-02,17.0
STU01040,APP01040,Aditya,Kulkarni,Male,18,Dombivli,SC,84.61,67.5,68.42,71.93,71.21,Mechanical Engineering,2026-06-28,Education Portal,Submitted,Not Eligible,Verified,2026-07-01,,Not Allocated,Not Paid,Not Confirmed,,
STU00516,APP00516,Atharva,More,Female,19,Goregaon,Open,77.66,83.23,83.68,82.18,84.32,Computer Engineering,2026-03-22,Advertisement,Submitted,Eligible,Verified,2026-03-30,1456.0,Allocated,Paid,Confirmed,2026-04-05,14.0
STU01349,APP01349,Krishna,Yadav,Female,18,Mumbai,OBC,72.34,61.6,58.18,69.73,76.74,Information Technology,2026-04-15,Friend/Family,Withdrawn,Not Eligible,Not Submitted,,,Not Allocated,Not Paid,Not Confirmed,,
STU01016,APP01016,Yash,Naik,Female,19,Goregaon,EWS,79.22,70.29,74.15,77.29,74.85,Computer Engineering,2026-04-21,College Visit,Submitted,Not Eligible,Verified,2026-05-03,,Not Allocated,Not Paid,Not Confirmed,,
STU00769,APP00769,Shreya,Kulkarni,Female,17,Mira Road,OBC,75.01,79.18,85.67,84.94,89.65,Computer Engineering,2026-04-12,Education Portal,Submitted,Eligible,Verified,2026-04-23,827.0,Allocated,Paid,Confirmed,2026-04-25,13.0
STU01764,APP01764,Vikas,Mehta,Female,18,Bhiwandi,Open,87.85,73.41,67.41,66.28,66.4,Information Technology,2026-01-08,College Website,Under Review,Not Eligible,Pending,,,Not Allocated,Not Paid,Not Confirmed,,
STU00762,APP00762,Nikhil,Kadam,Male,20,Navi Mumbai,Open,66.74,97.0,97.39,88.9,92.6,Computer Engineering,2026-04-10,Friend/Family,Under Review,Eligible,Verified,2026-04-12,930.0,Allocated,Paid,Confirmed,2026-04-15,5.0
STU01247,APP01247,Aryan,Tiwari,Male,20,Virar,Open,67.7,76.7,76.31,59.89,63.24,Information Technology,2026-07-16,College Visit,Submitted,Eligible,Verified,2026-07-20,2787.0,Not Allocated,Not Paid,Not Confirmed,,
STU01204,APP01204,Pranav,Singh,Female,18,Badlapur,SC,68.62,78.21,78.04,58.22,54.53,Electronics Engineering,2026-05-30,Friend/Family,Under Review,Not Eligible,Incomplete,,,Not Allocated,Not Paid,Not Confirmed,,
STU01482,APP01482,Manav,Sharma,Male,19,Goregaon,Open,91.92,84.47,85.39,58.2,67.26,Computer Engineering,2026-05-06,College Website,Submitted,Eligible,Verified,2026-05-11,2318.0,Allocated,Paid,Confirmed,2026-05-14,8.0
DUP67630,APP01850,Aman,Tiwari,Female,20,Mumbai,OBC,98.0,78.58,73.38,82.64,81.63,Artificial Intelligence & Data Science,2026-05-29,Social Media,Submitted,Not Eligible,Pending,,,Not Allocated,Not Paid,Not Confirmed,,
STU00522,APP00522,Aditya,More,Female,20,Goregaon,Open,70.43,76.5,79.04,76.83,82.25,Information Technology,2026-02-14,College Website,Submitted,Eligible,Verified,2026-02-22,1680.0,Allocated,Paid,Confirmed,2026-03-03,17.0
STU00023,APP00023,Shreya,Gupta,Male,18,Goregaon,SC,80.74,78.57,78.67,82.37,80.65,Artificial Intelligence & Data Science,2026-06-10,Social Media,Submitted,Eligible,Pending,,1785.0,Not Allocated,Not Paid,Not Confirmed,,
STU00357,APP00357,Yash,Yadav,Female,18,Mumbai,Sc,88.91,93.35,98.0,65.26,76.99,Computer Engineering,2026-03-15,Education Portal,Submitted,Eligible,Pending,,1703.0,Not Allocated,Not Paid,Not Confirmed,,
STU01278,APP01278,Dev,Tiwari,Female,19,Mumbai,SC,79.08,89.03,86.37,65.59,69.34,Computer Engineering,2026-03-27,College Website,Submitted,Eligible,Verified,2026-03-30,2469.0,Not Allocated,Not Paid,Not Confirmed,,
STU01313,APP01313,Aarav,Sharma,Female,19,Kalyan,Open,76.65,87.12,88.97,68.36,72.55,Computer Engineering,2026-07-18,Social Media,Submitted,Eligible,Pending,,2293.0,Not Allocated,Not Paid,Not Confirmed,,
STU01877,APP01877,Vikas,Patil,Male,20,Kalyan,SC,67.56,74.07,73.36,77.86,81.14,Information Technology,2026-05-21,Advertisement,Submitted,Not Eligible,Incomplete,,,Not Allocated,Not Paid,Not Confirmed,,
STU00341,APP00341,Rahul,Pawar,Male,18,Mumbai,Open,72.65,74.94,75.27,64.49,69.39,Artificial Intelligence & Data Science,2026-07-08,Social Media,Submitted,Eligible,Pending,,2547.0,Not Allocated,Not Paid,Not Confirmed,,
STU00432,APP00432,Krishna,Singh,Male,18,Thane,ST,89.07,76.97,76.39,69.16,71.29,Information Technology,2026-03-08,Google Search,Submitted,Eligible,Verified,2026-03-18,2392.0,Allocated,Paid,Confirmed,2026-03-28,20.0
STU00474,APP00474,Aarav,Chavan,Male,19,Borivali,Open,69.75,92.99,91.38,77.43,86.36,Artificial Intelligence & Data Science,2026-02-03,Friend/Family,Under Review,Eligible,Verified,2026-02-09,1036.0,Allocated,Paid,Confirmed,2026-02-14,11.0
STU00218,APP00218,Yash,Yadav,Female,19,Panvel,OBC,81.89,75.73,72.2,63.62,70.11,Information Technology,2026-04-20,College Visit,Submitted,Not Eligible,Verified,2026-04-28,,Not Allocated,Not Paid,Not Confirmed,,
STU00912,APP00912,Shreya,Patil,Female,18,Borivali,Open,72.99,70.36,67.99,70.68,73.32,Information Technology,2026-03-22,Education Portal,Submitted,Not Eligible,Pending,,,Not Allocated,Not Paid,Not Confirmed,,
STU01228,APP01228,Varun,Pawar,Female,21,Borivali,Open,75.05,85.07,86.69,71.58,78.71,Mechanical Engineering,2026-05-07,Education Portal,Submitted,Eligible,Incomplete,,1557.0,Not Allocated,Not Paid,Not Confirmed,,
STU01611,APP01611,Shreya,Singh,Female,21,Borivali,Open,81.93,77.14,76.47,65.8,72.91,Computer Engineering,2026-03-05,Friend/Family,Submitted,Eligible,Verified,2026-03-20,2116.0,Allocated,Paid,Confirmed,2026-03-22,17.0
STU01012,APP01012,Aditya,Pawar,Male,17,Mumbai,EWS,87.29,74.75,69.4,65.85,67.43,Information Technology,2026-02-12,Education Portal,Submitted,Not Eligible,Verified,2026-02-20,,Not Allocated,Not Paid,Not Confirmed,,
STU01970,APP01970,Krishna,Kulkarni,Female,18,Mumbai,EWS,61.7,76.14,77.15,73.48,80.19,Computer Engineering,2026-03-10,Education Portal,Submitted,Eligible,Pending,,1759.0,Not Allocated,Not Paid,Not Confirmed,,
STU00094,APP00094,Mohit,Shinde,Female,21,Bhiwandi,Open,76.07,77.66,79.63,83.21,77.25,Computer Engineering,2026-05-05,College Website,Submitted,Eligible,Verified,2026-05-13,1765.0,Allocated,Paid,Confirmed,2026-05-20,15.0
STU01009,APP01009,Mohit,Gupta,Male,18,Badlapur,Open,90.43,76.35,84.11,75.11,78.38,Computer Engineering,2026-01-22,Google Search,Submitted,Eligible,Verified,2026-02-02,1992.0,Allocated,Paid,Confirmed,2026-02-10,19.0
STU01071,APP01071,Vikas,Chavan,Male,19,Kalyan,Open,83.45,80.73,82.85,66.79,69.82,Artificial Intelligence & Data Science,2026-06-06,Education Portal,Withdrawn,Eligible,Not Submitted,,2204.0,Not Allocated,Not Paid,Not Confirmed,,
STU01093,APP01093,Tanmay,Singh,Female,19,Borivali,Open,75.39,75.21,74.39,67.97,70.88,Electronics Engineering,2026-05-17,Friend/Family,Submitted,Not Eligible,Incomplete,,,Not Allocated,Not Paid,Not Confirmed,,
STU01600,APP01600,Ananya,Pawar,Male,20,Vasai,OBC,76.68,70.73,72.67,78.75,76.73,Computer Engineering,2026-04-12,Social Media,Submitted,Not Eligible,Verified,2026-04-18,,Not Allocated,Not Paid,Not Confirmed,,
STU01309,APP01309,Yash,Kumar,Female,19,Vasai,Open,84.83,68.12,,70.16,74.87,Artificial Intelligence & Data Science,2026-06-14,Google Search,Submitted,Not Eligible,Verified,2026-06-24,,Not Allocated,Not Paid,Not Confirmed,,
STU00697,APP00697,Mohit,Patil,Female,18,Mira Road,Open,96.52,61.62,59.56,61.99,63.4,Computer Engineering,2026-02-19,Social Media,Submitted,Not Eligible,Incomplete,,,Not Allocated,Not Paid,Not Confirmed,,
STU01811,APP01811,Sneha,Deshmukh,Female,18,Vasai,SC,80.61,78.78,83.22,72.25,73.15,Mechanical Engineering,2026-07-08,Social Media,Submitted,Eligible,Verified,2026-07-18,2011.0,Allocated,Paid,Confirmed,2026-07-23,15.0
STU00997,APP00997,Pooja,Joshi,Male,18,Mumbai,Open,77.14,72.12,71.26,68.62,72.95,Mechanical Engineering,2026-05-26,Education Portal,Submitted,Not Eligible,Pending,,,Not Allocated,Not Paid,Not Confirmed,,
STU01459,APP01459,Arjun,Sharma,Male,18,Navi Mumbai,EWS,67.88,76.81,73.41,65.82,72.9,Information Technology,2026-03-17,College Website,Under Review,Not Eligible,Incomplete,,,Not Allocated,Not Paid,Not Confirmed,,
STU00154,APP00154,Manav,Deshmukh,Male,19,Borivali,Open,85.2,73.71,74.07,68.33,73.84,Computer Engineering,2026-03-03,College Visit,Submitted,Not Eligible,Verified,2026-03-11,,Not Allocated,Not Paid,Not Confirmed,,
STU01100,APP01100,Varun,Shinde,Female,17,Bhiwandi,Open,68.67,72.97,69.77,59.16,66.96,Information Technology,2026-05-29,Social Media,Submitted,Not Eligible,Pending,,,Not Allocated,Not Paid,Not Confirmed,,
STU01735,APP01735,Shreya,Mishra,Female,19,Thane,St,74.46,87.07,85.01,89.0,85.01,Computer Engineering,2026-02-20,Advertisement,Under Review,Eligible,Verified,2026-03-01,1536.0,Allocated,Paid,Confirmed,2026-03-09,17.0
DUP56529,APP00054,Sneha,Mehta,Male,18,,Open,72.82,84.51,80.56,76.07,76.0,Artificial Intelligence & Data Science,2026-07-29,College Visit,Submitted,Eligible,Verified,2026-08-04,2158.0,Allocated,Paid,Confirmed,2026-08-07,9.0
STU00790,APP00790,Dhruv,Joshi,Male,19,Vasai,Open,77.86,78.45,81.36,73.56,72.01,Mechanical Engineering,2026-04-19,Google Search,Under Review,Eligible,Pending,,2174.0,Not Allocated,Not Paid,Not Confirmed,,
STU00581,APP00581,Neha,Mishra,Male,18,Andheri,OBC,84.88,66.2,67.34,63.48,70.28,Information Technology,2026-06-29,College Visit,Submitted,Not Eligible,Verified,2026-07-10,,Not Allocated,Not Paid,Not Confirmed,,
STU01471,APP01471,Krishna,More,Female,17,Thane,Open,83.4,67.39,64.97,49.32,53.15,Computer Engineering,2026-07-02,College Visit,Submitted,Not Eligible,Verified,2026-07-16,,Not Allocated,Not Paid,Not Confirmed,,
STU00704,APP00704,Krishna,Deshmukh,Male,18,Bhiwandi,Open,70.96,71.6,69.22,69.25,69.8,Information Technology,2026-06-22,College Website,Under Review,Not Eligible,Verified,2026-07-02,,Not Allocated,Not Paid,Not Confirmed,,
STU01213,APP01213,Yash,Mishra,Female,18,Andheri,Open,60.54,73.2,72.71,73.65,72.42,Computer Engineering,2026-07-16,Friend/Family,Submitted,Not Eligible,Incomplete,,,Not Allocated,Not Paid,Not Confirmed,,
STU01296,APP01296,Neha,Kadam,Male,19,Borivali,Open,69.67,85.85,89.01,83.32,85.77,Mechanical Engineering,2026-01-13,Education Portal,Submitted,Eligible,Verified,2026-01-27,1231.0,Not Allocated,Not Paid,Not Confirmed,,
STU01682,APP01682,Aditya,Kadam,Male,18,Virar,Open,76.33,73.38,69.31,58.26,64.64,Mechanical Engineering,2026-02-11,College Website,Submitted,Not Eligible,Pending,,,Not Allocated,Not Paid,Not Confirmed,,
STU01261,APP01261,Manav,Chavan,Male,20,Andheri,Open,79.96,85.08,83.82,81.56,86.55,Information Technology,2026-05-03,Social Media,Submitted,Eligible,Verified,2026-05-07,1007.0,Allocated,Pending,Not Confirmed,,
STU00488,APP00488,Sneha,Shinde,Female,17,Bhiwandi,OBC,80.6,87.89,95.29,89.77,89.6,Computer Engineering,2026-01-29,Google Search,Submitted,Eligible,Verified,2026-02-07,1055.0,Allocated,Paid,Confirmed,2026-02-16,18.0
STU00560,APP00560,Sakshi,Yadav,Male,18,Badlapur,Open,87.55,65.26,65.58,71.26,64.32,Artificial Intelligence & Data Science,2026-06-02,College Visit,Submitted,Not Eligible,Verified,2026-06-11,,Not Allocated,Not Paid,Not Confirmed,,
STU01142,APP01142,Mohit,Joshi,Female,18,Borivali,EWS,97.06,70.37,66.58,72.09,75.75,Information Technology,2026-04-03,Google Search,Submitted,Not Eligible,Incomplete,,,Not Allocated,Not Paid,Not Confirmed,,
STU01120,APP01120,Manav,Naik,Male,18,Kalyan,SC,73.3,67.05,64.57,64.12,66.59,Artificial Intelligence & Data Science,2026-07-06,Education Portal,Submitted,Not Eligible,Pending,,,Not Allocated,Not Paid,Not Confirmed,,
STU00802,APP00802,Akash,Gupta,Female,20,Kalyan,EWS,73.74,78.42,79.63,64.35,75.05,Electronics Engineering,2026-03-22,Social Media,Submitted,Eligible,Verified,2026-04-03,1896.0,Allocated,Paid,Confirmed,2026-04-13,22.0
STU00513,APP00513,Aman,Jadhav,Male,18,Bhiwandi,Open,77.26,78.43,82.24,75.51,80.29,Electronics Engineering,2026-05-06,College Website,Submitted,Eligible,Verified,2026-05-10,1744.0,Allocated,Paid,Confirmed,2026-05-11,5.0
STU00634,APP00634,Rohan,Kumar,Female,18,Goregaon,Open,79.65,54.16,55.25,59.14,67.62,Artificial Intelligence & Data Science,2026-01-27,College Visit,Under Review,Not Eligible,Verified,2026-02-09,,Not Allocated,Not Paid,Not Confirmed,,
STU01493,APP01493,Varun,Mehta,Female,20,Vasai,Open,74.76,73.52,73.68,58.03,64.31,Mechanical Engineering,2026-04-14,Education Portal,Submitted,Not Eligible,Pending,,,Not Allocated,Not Paid,Not Confirmed,,
STU01806,APP01806,Arjun,Deshmukh,Male,18,Navi Mumbai,OBC,85.95,61.97,,64.83,74.85,Computer Engineering,2026-02-17,Social Media,Submitted,Not Eligible,Verified,2026-02-26,,Not Allocated,Not Paid,Not Confirmed,,
STU01560,APP01560,Riya,Singh,Male,18,Goregaon,Open,61.71,77.03,74.52,66.57,65.01,Artificial Intelligence & Data Science,2026-06-03,Friend/Family,Submitted,Not Eligible,Verified,2026-06-07,,Not Allocated,Not Paid,Not Confirmed,,
STU01151,APP01151,Arjun,Mehta,Male,18,Virar,Open,82.16,74.91,79.45,66.31,70.66,Information Technology,2026-05-26,College Website,Submitted,Eligible,Pending,,2104.0,Not Allocated,Not Paid,Not Confirmed,,
STU00791,APP00791,Rohan,Joshi,Female,18,Goregaon,Open,69.03,66.67,65.92,59.63,65.38,Electronics Engineering,2026-04-13,Social Media,Submitted,Not Eligible,Verified,2026-04-22,,Not Allocated,Not Paid,Not Confirmed,,
STU00117,APP00117,Dev,Pawar,Male,21,Thane,Open,77.77,87.73,89.9,77.6,78.44,Information Technology,2026-07-04,Google Search,Submitted,Eligible,Verified,2026-07-11,1571.0,Allocated,Paid,Confirmed,2026-07-14,10.0
STU00741,APP00741,Arjun,Kumar,Male,18,Panvel,OBC,92.86,69.71,69.58,57.63,70.0,Artificial Intelligence & Data Science,2026-02-07,College Website,Submitted,Not Eligible,Pending,,,Not Allocated,Not Paid,Not Confirmed,,
STU01707,APP01707,Pranav,Patil,Male,18,Borivali,EWS,81.66,73.63,70.41,75.01,75.52,Computer Engineering,2026-07-30,College Visit,Submitted,Not Eligible,Incomplete,,,Not Allocated,Not Paid,Not Confirmed,,
STU01082,APP01082,Ananya,Joshi,F,18,Kalyan,EWS,81.83,91.89,93.89,75.82,,Computer Engineering,2026-06-15,College Website,Submitted,Eligible,Verified,2026-06-17,1656.0,Allocated,Paid,Confirmed,2026-06-20,5.0
STU00831,APP00831,Rohan,Shinde,Female,18,Andheri,OBC,63.84,65.47,69.45,67.33,71.42,Computer Engineering,2026-04-24,Google Search,Submitted,Not Eligible,Verified,2026-05-07,,Not Allocated,Not Paid,Not Confirmed,,
STU00120,APP00120,Rohan,Naik,Male,19,Dombivli,OBC,65.47,88.15,87.79,83.31,82.23,Electronics Engineering,2026-01-12,College Website,Submitted,Eligible,Verified,2026-01-22,1393.0,Allocated,Paid,Confirmed,2026-01-25,13.0
STU00657,APP00657,Akash,Verma,Female,21,Badlapur,Open,79.8,86.94,88.86,79.55,74.56,Mechanical Engineering,2026-01-31,Education Portal,Submitted,Eligible,Pending,,2162.0,Not Allocated,Not Paid,Not Confirmed,,
STU01928,APP01928,Neha,Mishra,Female,19,Dombivli,Open,77.5,72.87,70.7,74.0,80.32,Computer Engineering,2026-02-19,Advertisement,Submitted,Not Eligible,Incomplete,,,Not Allocated,Not Paid,Not Confirmed,,
STU00636,APP00636,Mohit,Jadhav,Male,18,Andheri,Open,79.26,79.79,82.57,76.63,89.82,Electronics Engineering,2026-03-09,Advertisement,Submitted,Eligible,Verified,2026-03-19,1211.0,Allocated,Paid,Confirmed,2026-03-26,17.0
STU00370,APP00370,Rahul,Chavan,F,18,Mumbai,Open,67.24,81.06,78.15,89.41,89.1,Electronics Engineering,2026-03-30,Friend/Family,Submitted,Eligible,Verified,2026-04-11,959.0,Allocated,Paid,Confirmed,2026-04-17,18.0
STU00269,APP00269,Ishaan,Mehta,Female,18,Andheri,EWS,87.66,97.0,93.86,71.33,73.8,Electronics Engineering,2026-01-22,Friend/Family,Submitted,Eligible,Verified,2026-01-30,1875.0,Allocated,Paid,Confirmed,2026-02-02,11.0
STU00656,APP00656,Akash,Mishra,Female,19,Andheri,Open,66.87,69.36,65.25,52.5,57.7,Information Technology,2026-05-27,Education Portal,Submitted,Not Eligible,Incomplete,,,Not Allocated,Not Paid,Not Confirmed,,
STU00936,APP00936,Rohan,Jadhav,Male,20,Thane,Open,83.01,74.05,71.15,79.31,72.94,Artificial Intelligence & Data Science,2026-05-27,Friend/Family,Submitted,Not Eligible,Verified,2026-06-08,,Not Allocated,Not Paid,Not Confirmed,,
STU00823,APP00823,Sneha,Pawar,Female,18,Kalyan,EWS,76.33,81.89,80.81,87.58,83.66,Electronics Engineering,2026-01-18,Google Search,Submitted,Eligible,Verified,2026-01-22,1292.0,Allocated,Paid,Confirmed,2026-01-30,12.0
STU00867,APP00867,Atharva,Shinde,Female,19,Andheri,Open,82.58,87.54,84.1,67.02,73.34,Mechanical Engineering,2026-03-18,College Website,Submitted,Eligible,Verified,2026-03-29,2071.0,Allocated,Paid,Confirmed,2026-04-02,15.0
STU00047,APP00047,Arjun,Yadav,Male,19,Mira Road,Open,87.54,91.41,88.1,74.97,77.9,Electronics Engineering,2026-03-02,Education Portal,Submitted,Eligible,Pending,,1608.0,Not Allocated,Not Paid,Not Confirmed,,
STU01374,APP01374,Nikhil,Mishra,Female,19,Mumbai,Open,76.26,75.03,74.3,72.19,75.67,Electronics Engineering,2026-04-11,Google Search,Under Review,Not Eligible,Verified,2026-04-18,,Not Allocated,Not Paid,Not Confirmed,,
DUP61543,APP01098,Dev,Chavan,Male,18,Vasai,OBC,89.82,70.68,73.31,58.75,70.37,Artificial Intelligence & Data Science,2026-03-30,Education Portal,Submitted,Not Eligible,Pending,,,Not Allocated,Not Paid,Not Confirmed,,
STU00992,APP00992,Riya,Kumar,Male,19,Mumbai,OBC,83.95,88.21,96.26,82.88,86.09,Computer Engineering,2026-01-19,Friend/Family,Under Review,Eligible,Verified,2026-01-21,1047.0,Allocated,Paid,Confirmed,2026-01-29,10.0
STU00877,APP00877,Shreya,Kumar,Female,19,Virar,ST,76.18,74.17,68.4,75.55,75.51,Computer Engineering,2026-02-20,Education Portal,Submitted,Not Eligible,Pending,,,Not Allocated,Not Paid,Not Confirmed,,
STU00774,APP00774,Vikas,Naik,Female,19,Borivali,Open,76.15,83.32,88.34,89.45,85.49,Computer Engineering,2026-04-24,Education Portal,Submitted,Eligible,Verified,2026-05-05,1263.0,Allocated,Pending,Not Confirmed,,
STU01220,APP01220,Varun,Kadam,Female,18,Andheri,SC,77.13,67.41,70.13,67.09,68.01,Information Technology,2026-03-23,Education Portal,Submitted,Not Eligible,Verified,2026-04-01,,Not Allocated,Not Paid,Not Confirmed,,
DUP78417,APP01981,Sakshi,Chavan,Male,18,Mumbai,Open,66.17,78.05,76.68,76.02,81.18,Information Technology,2026-07-10,Advertisement,Submitted,Eligible,Pending,,1595.0,Not Allocated,Not Paid,Not Confirmed,,
STU00005,APP00005,Sneha,Sharma,Male,20,Borivali,Open,66.61,86.92,98.0,89.66,93.46,Mechanical Engineering,2026-04-19,Social Media,Submitted,Eligible,Verified,2026-04-25,537.0,Allocated,Paid,Confirmed,2026-05-01,12.0
STU01004,APP01004,Sneha,Kadam,Male,18,Dombivli,Open,62.96,66.21,66.17,56.81,61.54,Artificial Intelligence & Data Science,2026-05-05,College Website,Under Review,Not Eligible,Incomplete,,,Not Allocated,Not Paid,Not Confirmed,,
STU01741,APP01741,Neha,Singh,Female,18,Goregaon,SC,93.06,90.66,93.19,68.37,74.8,Electronics Engineering,2026-07-15,Friend/Family,Submitted,Eligible,Verified,2026-07-21,2193.0,Allocated,Paid,Confirmed,2026-07-27,12.0
STU00264,APP00264,Rohan,Mishra,Male,19,Dombivli,ST,80.44,79.91,74.6,80.3,79.6,Information Technology,2026-02-21,College Website,Submitted,Not Eligible,Pending,,,Not Allocated,Not Paid,Not Confirmed,,
STU01584,APP01584,Sneha,Mishra,Female,18,Dombivli,ST,91.61,65.62,71.53,69.45,66.64,Artificial Intelligence & Data Science,2026-04-20,College Visit,Submitted,Not Eligible,Pending,,,Not Allocated,Not Paid,Not Confirmed,,
STU01849,APP01849,Manav,Chavan,Female,19,Navi Mumbai,OBC,76.81,61.19,60.36,60.42,66.27,Information Technology,2026-01-08,Social Media,Submitted,Not Eligible,Verified,2026-01-17,,Not Allocated,Not Paid,Not Confirmed,,
STU00444,APP00444,Neha,Deshmukh,Female,18,Panvel,ST,79.75,83.5,84.62,69.31,71.62,Information Technology,2026-04-11,College Visit,Submitted,Eligible,Pending,,2045.0,Not Allocated,Not Paid,Not Confirmed,,
STU01003,APP01003,Ayush,Patil,Female,20,Panvel,Open,78.62,74.67,79.38,65.13,66.3,Electronics Engineering,2026-02-13,College Visit,Under Review,Eligible,Verified,2026-02-15,2696.0,Not Allocated,Not Paid,Not Confirmed,,
STU01078,APP01078,Ayush,Sharma,Female,18,Borivali,SC,87.42,77.64,,70.09,71.31,Computer Engineering,2026-03-05,Google Search,Submitted,Eligible,Verified,2026-03-12,2231.0,Allocated,Pending,Not Confirmed,,
STU00838,APP00838,Shreya,Yadav,Male,19,Navi Mumbai,Open,58.78,84.93,87.5,67.1,72.67,Computer Engineering,2026-05-08,College Website,Submitted,Eligible,Verified,2026-05-20,2230.0,Allocated,Paid,Confirmed,2026-05-21,13.0
STU01809,APP01809,Mohit,Singh,Male,18,Goregaon,Open,90.68,86.4,85.92,67.92,74.4,Computer Engineering,2026-01-05,College Visit,Submitted,Eligible,Verified,2026-01-17,1940.0,Allocated,Paid,Confirmed,2026-01-26,21.0
STU00305,APP00305,Rahul,Verma,Female,18,Virar,Open,90.17,78.82,79.77,60.13,68.2,Artificial Intelligence & Data Science,2026-01-03,Advertisement,Submitted,Eligible,Verified,2026-01-06,2447.0,Allocated,Paid,Confirmed,2026-01-11,8.0
STU01366,APP01366,Riya,Joshi,Male,18,Thane,Open,80.43,90.67,87.48,78.78,79.75,Artificial Intelligence & Data Science,2026-07-28,College Visit,Under Review,Eligible,Verified,2026-08-09,1573.0,Allocated,Paid,Confirmed,2026-08-13,16.0
STU01572,APP01572,Rohan,Kumar,Male,19,Thane,SC,76.74,81.39,80.1,70.53,76.72,Computer Engineering,2026-06-11,Friend/Family,Submitted,Eligible,Verified,2026-06-17,1954.0,Allocated,Paid,Confirmed,2026-06-21,10.0
STU00314,APP00314,Mohit,Sharma,Female,18,Badlapur,OBC,58.91,87.72,86.26,66.71,74.9,Artificial Intelligence & Data Science,2026-06-22,College Website,Submitted,Eligible,Pending,,1970.0,Not Allocated,Not Paid,Not Confirmed,,
STU00150,APP00150,Aryan,Kadam,Male,19,Goregaon,Open,67.46,70.23,59.87,59.27,60.74,Artificial Intelligence & Data Science,2026-01-18,Social Media,Submitted,Not Eligible,Verified,2026-02-01,,Not Allocated,Not Paid,Not Confirmed,,
STU01149,APP01149,Pooja,Jadhav,Male,18,Mira Road,SC,75.49,72.29,71.97,74.23,76.72,Mechanical Engineering,2026-03-31,College Website,Submitted,Not Eligible,Incomplete,,,Not Allocated,Not Paid,Not Confirmed,,
STU01214,APP01214,Krishna,Patil,FEMALE,20,Goregaon,ST,72.13,84.25,77.35,68.19,72.96,Computer Engineering,2026-01-21,Advertisement,Submitted,Eligible,Pending,,2292.0,Not Allocated,Not Paid,Not Confirmed,,
STU00575,APP00575,Dev,Yadav,Female,19,Goregaon,Open,75.3,81.1,84.61,74.11,76.71,Electronics Engineering,2026-07-02,College Website,Submitted,Eligible,Pending,,1888.0,Not Allocated,Not Paid,Not Confirmed,,
STU00051,APP00051,Yash,Yadav,Male,18,Vasai,Open,68.09,80.88,83.87,80.11,75.67,Computer Engineering,2026-06-09,College Visit,Submitted,Eligible,Verified,2026-06-12,1741.0,Allocated,Paid,Confirmed,2026-06-21,12.0
STU01567,APP01567,Tanmay,Patil,Male,19,Mumbai,Open,77.16,84.03,81.36,60.23,61.42,Computer Engineering,2026-02-18,Google Search,Withdrawn,Eligible,Not Submitted,,2854.0,Not Allocated,Not Paid,Not Confirmed,,
STU00727,APP00727,Pooja,More,Male,18,Vasai,Open,78.31,74.83,68.51,64.32,65.19,Information Technology,2026-05-09,College Visit,Submitted,Not Eligible,Pending,,,Not Allocated,Not Paid,Not Confirmed,,
STU00834,APP00834,Sakshi,Naik,Male,20,Dombivli,Open,73.46,87.02,88.99,67.7,69.6,Computer Engineering,2026-05-04,Friend/Family,Submitted,Eligible,Verified,2026-05-10,2230.0,Allocated,Paid,Confirmed,2026-05-11,7.0
STU01378,APP01378,Aarav,Tiwari,Female,20,Goregaon,Open,67.51,65.92,62.84,69.79,69.51,Computer Engineering,2026-03-06,Google Search,Submitted,Not Eligible,Pending,,,Not Allocated,Not Paid,Not Confirmed,,
STU01116,APP01116,Aarav,Yadav,Female,19,Mira Road,SC,84.9,52.62,56.99,61.5,63.25,Electronics Engineering,2026-06-21,College Website,Withdrawn,Not Eligible,Not Submitted,,,Not Allocated,Not Paid,Not Confirmed,,
STU01167,APP01167,Manav,Singh,Male,17,Dombivli,Open,85.35,71.23,67.21,79.03,83.52,Computer Engineering,2026-05-06,Education Portal,Under Review,Not Eligible,Incomplete,,,Not Allocated,Not Paid,Not Confirmed,,
STU00471,APP00471,Dhruv,Naik,Male,19,Panvel,Open,74.56,69.2,66.22,66.76,63.33,Computer Engineering,2026-05-05,Advertisement,Submitted,Not Eligible,Verified,2026-05-12,,Not Allocated,Not Paid,Not Confirmed,,
STU00972,APP00972,Vikas,Kadam,Female,19,Badlapur,OBC,90.18,74.55,75.94,62.68,66.6,Electronics Engineering,2026-04-11,Google Search,Submitted,Eligible,Pending,,2697.0,Not Allocated,Not Paid,Not Confirmed,,
STU00654,APP00654,Varun,Gupta,Male,20,Andheri,OBC,72.25,66.02,72.51,82.15,84.82,Information Technology,2026-05-06,Social Media,Submitted,Not Eligible,Pending,,,Not Allocated,Not Paid,Not Confirmed,,
STU00400,APP00400,Varun,Singh,Male,18,Kalyan,OBC,70.57,65.54,65.66,68.11,74.29,Electronics Engineering,2026-02-24,Advertisement,Submitted,Not Eligible,Incomplete,,,Not Allocated,Not Paid,Not Confirmed,,
STU00512,APP00512,Dhruv,Sharma,Female,20,Goregaon,Open,84.58,64.26,61.11,72.13,71.17,Computer Engineering,2026-07-08,Friend/Family,Submitted,Not Eligible,Verified,2026-07-14,,Not Allocated,Not Paid,Not Confirmed,,
STU00321,APP00321,Riya,Verma,Female,18,Badlapur,Open,76.32,59.7,64.52,70.49,72.23,Mechanical Engineering,2026-02-14,Education Portal,Under Review,Not Eligible,Incomplete,,,Not Allocated,Not Paid,Not Confirmed,,
STU00020,APP00020,Krishna,Kadam,Male,18,Bhiwandi,ST,71.22,88.09,90.24,94.99,99.59,Information Technology,2026-04-08,College Visit,Submitted,Eligible,Verified,2026-04-17,299.0,Allocated,Paid,Confirmed,2026-04-26,18.0
STU00685,APP00685,Ishaan,Tiwari,Male,18,Andheri,EWS,79.36,69.6,77.74,71.72,76.67,Computer Engineering,2026-07-05,Google Search,Under Review,Eligible,Verified,2026-07-11,1863.0,Allocated,Paid,Confirmed,2026-07-13,8.0
STU00036,APP00036,Ishaan,Chavan,Female,18,Vasai,OBC,83.36,83.71,86.38,70.54,74.29,Artificial Intelligence & Data Science,2026-07-06,College Website,Submitted,Eligible,Pending,,2144.0,Not Allocated,Not Paid,Not Confirmed,,
STU00903,APP00903,Nikhil,Singh,Male,19,Badlapur,Open,64.71,86.58,84.45,67.06,75.32,Artificial Intelligence & Data Science,2026-02-07,Friend/Family,Submitted,Eligible,Verified,2026-02-09,2119.0,Allocated,Paid,Confirmed,2026-02-16,9.0
STU01873,APP01873,Pranav,Naik,Female,18,Mumbai,Open,65.99,74.76,81.3,73.99,81.77,Information Technology,2026-02-27,Advertisement,Submitted,Eligible,Verified,2026-03-05,1749.0,Allocated,Paid,Confirmed,2026-03-12,13.0
STU00828,APP00828,Sneha,Verma,Female,18,Vasai,Open,79.38,87.77,85.44,67.72,71.16,Electronics Engineering,2026-06-28,Advertisement,Submitted,Eligible,Verified,2026-06-30,2188.0,Allocated,Paid,Confirmed,2026-07-03,5.0
STU01815,APP01815,Atharva,Tiwari,Female,18,Badlapur,EWS,68.9,78.0,75.15,76.44,84.01,Electronics Engineering,2026-02-22,Friend/Family,Submitted,Eligible,Verified,2026-02-25,1219.0,Not Allocated,Not Paid,Not Confirmed,,
STU00408,APP00408,Karan,Chavan,Male,18,Mira Road,EWS,92.86,71.42,70.78,59.14,67.93,Computer Engineering,2026-05-30,Friend/Family,Submitted,Not Eligible,Incomplete,,,Not Allocated,Not Paid,Not Confirmed,,
STU00921,APP00921,Sneha,Gupta,Male,18,Thane,Open,93.93,88.48,96.64,84.07,87.89,Information Technology,2026-01-30,Friend/Family,Under Review,Eligible,Verified,2026-02-08,1172.0,Allocated,Pending,Not Confirmed,,
STU00538,APP00538,Atharva,Tiwari,Female,20,Andheri,EWS,74.62,76.98,73.38,77.05,77.7,Artificial Intelligence & Data Science,2026-07-08,Friend/Family,Submitted,Not Eligible,Incomplete,,,Not Allocated,Not Paid,Not Confirmed,,
STU00759,APP00759,Mohit,Gupta,Female,18,Virar,Open,70.96,84.53,85.52,78.06,78.47,Information Technology,2026-05-23,Education Portal,Submitted,Eligible,Verified,2026-05-29,1665.0,Allocated,Paid,Confirmed,2026-06-05,13.0
STU01925,APP01925,Shreya,Mehta,Female,19,Kalyan,Open,88.7,89.33,89.83,73.74,82.65,Electronics Engineering,2026-04-07,Advertisement,Submitted,Eligible,Verified,2026-04-18,1231.0,Allocated,Paid,Confirmed,2026-04-21,14.0
STU01063,APP01063,Aman,Kumar,Female,18,Vasai,OBC,55.75,83.81,82.74,81.15,79.41,Information Technology,2026-02-15,Google Search,Withdrawn,Eligible,Not Submitted,,1785.0,Not Allocated,Not Paid,Not Confirmed,,
STU01200,APP01200,Sneha,Sharma,Male,19,Goregaon,EWS,84.7,84.26,81.28,64.31,70.54,Mechanical Engineering,2026-01-22,Social Media,Submitted,Eligible,Incomplete,,2371.0,Not Allocated,Not Paid,Not Confirmed,,
STU00246,APP00246,Arjun,Jadhav,Male,20,Goregaon,Open,86.62,74.72,80.76,62.77,66.12,Artificial Intelligence & Data Science,2026-03-06,College Website,Submitted,Eligible,Verified,2026-03-18,2618.0,Not Allocated,Not Paid,Not Confirmed,,
STU01417,APP01417,Rahul,Patil,Male,17,Kalyan,SC,78.59,92.78,98.0,80.56,88.98,Mechanical Engineering,2026-02-21,Education Portal,Submitted,Eligible,Verified,2026-03-08,892.0,Allocated,Pending,Not Confirmed,,
STU01128,APP01128,Pooja,More,Female,18,Virar,Open,98.0,94.12,96.44,69.21,67.73,Information Technology,2026-07-09,Education Portal,Under Review,Eligible,Verified,2026-07-14,2272.0,Allocated,Paid,Confirmed,2026-07-17,8.0
STU00785,APP00785,Mohit,Tiwari,Female,19,Vasai,Open,71.71,80.15,77.12,65.1,70.91,Artificial Intelligence & Data Science,2026-02-16,Advertisement,Under Review,Eligible,Verified,2026-02-26,2180.0,Allocated,Paid,Confirmed,2026-03-08,20.0
STU01760,APP01760,Sakshi,Verma,Female,18,Vasai,Open,93.63,70.46,71.17,77.92,80.1,Electronics Engineering,2026-04-19,College Visit,Submitted,Not Eligible,Incomplete,,,Not Allocated,Not Paid,Not Confirmed,,
STU00490,APP00490,Nikhil,Gupta,Female,20,Andheri,Open,82.9,62.06,66.28,58.04,59.89,Artificial Intelligence & Data Science,2026-01-19,College Website,Submitted,Not Eligible,Verified,2026-01-30,,Not Allocated,Not Paid,Not Confirmed,,
STU00155,APP00155,Atharva,Chavan,Male,21,Badlapur,OBC,65.88,66.28,71.08,58.66,66.16,Computer Engineering,2026-07-10,Education Portal,Submitted,Not Eligible,Pending,,,Not Allocated,Not Paid,Not Confirmed,,
STU00962,APP00962,Ayush,Singh,Male,19,Panvel,Open,63.92,75.3,74.15,68.49,75.22,Artificial Intelligence & Data Science,2026-05-24,College Visit,Submitted,Not Eligible,Incomplete,,,Not Allocated,Not Paid,Not Confirmed,,
STU00854,APP00854,Tanmay,Joshi,Male,19,Goregaon,OBC,80.11,75.41,74.53,65.49,73.78,Mechanical Engineering,2026-06-07,Social Media,Submitted,Not Eligible,Incomplete,,,Not Allocated,Not Paid,Not Confirmed,,
STU01312,APP01312,Vikas,Kumar,Female,18,Kalyan,SC,66.2,83.09,83.74,59.52,66.52,Mechanical Engineering,2026-01-24,College Visit,Submitted,Eligible,Verified,2026-02-03,2503.0,Allocated,Paid,Confirmed,2026-02-06,13.0
STU00626,APP00626,Sakshi,Mehta,Female,18,Bhiwandi,Open,77.77,85.74,86.94,77.99,74.1,Electronics Engineering,2026-06-25,Google Search,Under Review,Eligible,Verified,2026-07-02,2275.0,Allocated,Paid,Confirmed,2026-07-06,11.0
STU00686,APP00686,Arjun,Gupta,Male,18,Bhiwandi,OBC,80.38,75.22,73.4,63.29,64.85,Mechanical Engineering,2026-01-11,Education Portal,Submitted,Not Eligible,Verified,2026-01-17,,Not Allocated,Not Paid,Not Confirmed,,
STU01576,APP01576,Yash,Deshmukh,Female,17,Navi Mumbai,SC,77.01,78.62,78.77,67.65,70.69,Computer Engineering,2026-07-24,Google Search,Under Review,Eligible,Pending,,2192.0,Not Allocated,Not Paid,Not Confirmed,,
STU00570,APP00570,Ishaan,Kulkarni,Female,18,Navi Mumbai,SC,72.4,57.53,55.82,64.34,69.15,Electronics Engineering,2026-04-25,College Website,Submitted,Not Eligible,Verified,2026-05-01,,Not Allocated,Not Paid,Not Confirmed,,
STU01929,APP01929,Pooja,More,Male,19,Badlapur,SC,80.99,63.71,64.31,73.18,70.9,Information Technology,2026-03-04,Advertisement,Submitted,Not Eligible,Incomplete,,,Not Allocated,Not Paid,Not Confirmed,,
STU00018,APP00018,Krishna,Tiwari,Female,18,Badlapur,ST,80.67,78.93,76.07,83.53,85.93,Artificial Intelligence & Data Science,2026-02-26,Google Search,Submitted,Eligible,Verified,2026-03-08,1237.0,Allocated,Paid,Confirmed,2026-03-09,11.0
STU00128,APP00128,Shreya,Jadhav,Male,18,Dombivli,Open,63.21,92.42,96.46,84.92,79.91,Information Technology,2026-06-19,College Website,Under Review,Eligible,Verified,2026-06-23,1529.0,Allocated,Paid,Confirmed,2026-06-25,6.0
STU01347,APP01347,Pranav,Tiwari,Male,19,Vasai,OBC,72.92,72.57,74.36,59.17,60.32,Artificial Intelligence & Data Science,2026-05-11,Advertisement,Submitted,Not Eligible,Verified,2026-05-21,,Not Allocated,Not Paid,Not Confirmed,,
STU01280,APP01280,Sakshi,Naik,Female,20,Mumbai,SC,73.5,60.49,66.51,74.86,78.72,Electronics Engineering,2026-05-05,Education Portal,Submitted,Not Eligible,Verified,2026-05-14,,Not Allocated,Not Paid,Not Confirmed,,
STU01989,APP01989,Ishaan,Verma,Male,19,Mira Road,Open,61.52,66.99,66.45,61.18,66.71,Computer Engineering,2026-03-21,Social Media,Submitted,Not Eligible,Pending,,,Not Allocated,Not Paid,Not Confirmed,,
STU00928,APP00928,Pranav,Kadam,Male,18,Kalyan,EWS,83.93,86.34,90.19,81.92,88.86,Information Technology,2026-05-21,Social Media,Under Review,Eligible,Verified,2026-06-01,1101.0,Allocated,Paid,Confirmed,2026-06-05,15.0
STU00981,APP00981,Dhruv,Verma,Male,18,Thane,Open,65.52,74.88,75.57,75.02,73.37,Information Technology,2026-02-25,Advertisement,Submitted,Eligible,Incomplete,,1936.0,Not Allocated,Not Paid,Not Confirmed,,
STU01985,APP01985,Ayush,Tiwari,Female,18,Bhiwandi,OBC,87.66,67.21,,59.57,67.62,Computer Engineering,2026-03-16,Education Portal,Submitted,Eligible,Verified,2026-03-19,2380.0,Not Allocated,Not Paid,Not Confirmed,,
STU00191,APP00191,Ishaan,Shinde,Female,19,Mumbai,Open,86.55,93.11,92.69,77.55,81.34,Computer Engineering,2026-02-14,Social Media,Under Review,Eligible,Verified,2026-02-16,1371.0,Allocated,Paid,Confirmed,2026-02-25,11.0
STU01140,APP01140,Krishna,Deshmukh,Male,20,Thane,EWS,64.77,56.62,57.13,50.46,53.85,Artificial Intelligence & Data Science,2026-02-25,Google Search,Submitted,Not Eligible,Verified,2026-03-07,,Not Allocated,Not Paid,Not Confirmed,,
STU00993,APP00993,Riya,Chavan,Male,20,Thane,Open,72.5,83.96,83.95,73.65,76.48,Computer Engineering,2026-02-05,Friend/Family,Submitted,Eligible,Verified,2026-02-19,1859.0,Allocated,Paid,Confirmed,2026-03-01,24.0
STU01976,APP01976,Varun,Shinde,Female,19,Andheri,Open,92.4,90.49,92.56,94.23,93.04,Electronics Engineering,2026-02-11,Social Media,Under Review,Eligible,Verified,2026-02-18,699.0,Allocated,Paid,Confirmed,2026-02-22,11.0
STU01672,APP01672,Ishaan,Sharma,Male,18,Goregaon,EWS,67.91,90.3,91.32,69.01,77.49,Electronics Engineering,2026-01-05,Social Media,Submitted,Eligible,Verified,2026-01-15,1818.0,Not Allocated,Not Paid,Not Confirmed,,
STU00607,APP00607,Sneha,Kadam,Female,18,Mira Road,Open,89.63,68.51,73.77,69.17,73.49,Computer Engineering,2026-03-23,Friend/Family,Withdrawn,Not Eligible,Not Submitted,,,Not Allocated,Not Paid,Not Confirmed,,
STU00181,APP00181,Aditya,Patil,Female,20,Vasai,SC,82.69,76.06,77.12,74.52,73.61,Computer Engineering,2026-01-30,College Website,Under Review,Eligible,Verified,2026-02-04,2302.0,Allocated,Paid,Confirmed,2026-02-11,12.0
STU00302,APP00302,Yash,Tiwari,Female,19,Kalyan,ST,73.64,69.34,68.63,58.73,64.79,Information Technology,2026-07-15,Google Search,Submitted,Not Eligible,Verified,2026-07-24,,Not Allocated,Not Paid,Not Confirmed,,
STU00497,APP00497,Varun,Shinde,Male,18,Kalyan,OBC,62.5,56.67,60.95,57.34,59.8,Electronics Engineering,2026-01-23,Education Portal,Submitted,Not Eligible,Verified,2026-01-26,,Not Allocated,Not Paid,Not Confirmed,,
STU01712,APP01712,Pranav,Verma,Male,18,Borivali,SC,86.88,91.1,92.84,74.78,82.45,Mechanical Engineering,2026-07-09,Education Portal,Under Review,Eligible,Verified,2026-07-12,1371.0,Allocated,Paid,Confirmed,2026-07-21,12.0
STU01908,APP01908,Arjun,Kulkarni,FEMALE,18,Borivali,OBC,84.08,58.68,61.15,62.27,74.24,Information Technology,2026-03-02,Google Search,Under Review,Not Eligible,Pending,,,Not Allocated,Not Paid,Not Confirmed,,
STU01677,APP01677,Krishna,Joshi,Male,18,Borivali,SC,70.18,76.32,79.27,75.31,78.61,Electronics Engineering,2026-01-28,Friend/Family,Submitted,Eligible,Verified,2026-02-08,1535.0,Allocated,Paid,Confirmed,2026-02-18,21.0
STU01653,APP01653,Nikhil,Deshmukh,Male,18,Kalyan,OBC,61.11,81.16,85.95,71.15,81.15,Information Technology,2026-02-05,Education Portal,Submitted,Eligible,Incomplete,,1708.0,Not Allocated,Not Paid,Not Confirmed,,
STU00518,APP00518,Shreya,Tiwari,Male,21,Navi Mumbai,Open,82.26,77.93,,71.72,78.12,Electronics Engineering,2026-01-28,Google Search,Withdrawn,Eligible,Not Submitted,,1762.0,Not Allocated,Not Paid,Not Confirmed,,
DUP65758,APP01930,Shreya,Joshi,Male,17,Vasai,ST,84.18,73.68,67.75,68.37,70.67,Mechanical Engineering,2026-03-22,Friend/Family,Under Review,Not Eligible,Pending,,,Not Allocated,Not Paid,Not Confirmed,,
STU01070,APP01070,Vikas,Shinde,Male,18,Vasai,Open,80.26,81.92,84.2,65.56,73.65,Computer Engineering,2026-05-30,Education Portal,Submitted,Eligible,Incomplete,,1872.0,Not Allocated,Not Paid,Not Confirmed,,
STU00477,APP00477,Aman,Sharma,Male,19,Vasai,Open,83.84,81.82,80.18,77.78,77.52,Artificial Intelligence & Data Science,2026-01-20,Google Search,Submitted,Eligible,Verified,2026-01-31,1689.0,Allocated,Paid,Confirmed,2026-02-08,19.0
STU00158,APP00158,Aarav,Kumar,Female,18,Goregaon,Open,81.23,81.79,82.38,68.54,73.54,Computer Engineering,2026-06-17,Google Search,Under Review,Eligible,Verified,2026-06-20,2093.0,Allocated,Paid,Confirmed,2026-06-25,8.0
STU01244,APP01244,Rohan,Naik,Female,18,Vasai,Open,83.34,69.64,63.08,56.56,68.69,Artificial Intelligence & Data Science,2026-05-07,College Website,Submitted,Not Eligible,Pending,,,Not Allocated,Not Paid,Not Confirmed,,
STU01196,APP01196,Tanmay,More,Male,20,Dombivli,Open,67.78,83.63,87.32,-5.0,80.37,Computer Engineering,2026-06-25,College Visit,Submitted,Eligible,Verified,2026-06-30,1582.0,Allocated,Pending,Not Confirmed,,
STU00017,APP00017,Vikas,Mishra,Male,18,Dombivli,Open,80.34,83.82,78.87,64.76,65.97,Mechanical Engineering,2026-02-05,Google Search,Submitted,Eligible,Verified,2026-02-18,2670.0,Allocated,Paid,Confirmed,2026-02-28,23.0
STU01536,APP01536,Nikhil,Mishra,Female,18,Navi Mumbai,SC,74.86,86.58,85.33,81.75,79.17,Artificial Intelligence & Data Science,2026-07-28,Social Media,Submitted,Eligible,Pending,,1887.0,Not Allocated,Not Paid,Not Confirmed,,
STU01073,APP01073,Rahul,Joshi,Female,18,Kalyan,OBC,68.01,93.13,93.31,72.32,81.18,Computer Engineering,2026-03-27,Google Search,Submitted,Eligible,Verified,2026-03-29,1672.0,Allocated,Paid,Confirmed,2026-04-03,7.0
STU01992,APP01992,Tanmay,Verma,Male,18,Mumbai,EWS,66.06,68.28,67.88,65.29,66.52,Computer Engineering,2026-07-16,Education Portal,Submitted,Not Eligible,Pending,,,Not Allocated,Not Paid,Not Confirmed,,
STU00547,APP00547,Vikas,Kadam,Female,18,Kalyan,Open,69.17,67.7,73.08,75.15,80.42,Computer Engineering,2026-06-20,College Visit,Submitted,Not Eligible,Incomplete,,,Not Allocated,Not Paid,Not Confirmed,,
STU01540,APP01540,Sneha,Deshmukh,Male,17,Goregaon,OBC,81.7,77.01,76.26,61.53,64.0,Artificial Intelligence & Data Science,2026-07-03,Google Search,Submitted,Eligible,Verified,2026-07-18,2896.0,Not Allocated,Not Paid,Not Confirmed,,
STU00659,APP00659,Nikhil,Sharma,Male,18,Andheri,Open,63.29,71.75,73.76,57.05,66.06,Information Technology,2026-06-04,College Visit,Submitted,Not Eligible,Verified,2026-06-16,,Not Allocated,Not Paid,Not Confirmed,,
STU01640,APP01640,Dev,Deshmukh,Male,20,Mira Road,Open,75.69,70.05,71.37,57.23,64.63,Computer Engineering,2026-07-28,College Website,Submitted,Not Eligible,Verified,2026-08-12,,Not Allocated,Not Paid,Not Confirmed,,
STU01020,APP01020,Dhruv,Naik,Male,19,Mira Road,Open,77.91,68.04,75.03,78.95,79.7,Electronics Engineering,2026-01-03,Advertisement,Submitted,Eligible,Verified,2026-01-06,1427.0,Allocated,Paid,Confirmed,2026-01-15,12.0
STU01678,APP01678,Varun,Gupta,Male,18,,Open,85.9,77.06,77.04,78.77,85.04,Artificial Intelligence & Data Science,2026-04-04,Google Search,Submitted,Eligible,Verified,2026-04-07,1173.0,Allocated,Paid,Confirmed,2026-04-17,13.0
STU01505,APP01505,Tanmay,Verma,Male,19,Thane,Open,70.66,73.29,69.72,77.1,77.66,Artificial Intelligence & Data Science,2026-01-18,Advertisement,Submitted,Not Eligible,Pending,,,Not Allocated,Not Paid,Not Confirmed,,
STU00960,APP00960,Aarav,Tiwari,Female,21,Mira Road,OBC,78.85,93.64,97.09,76.57,76.6,Artificial Intelligence & Data Science,2026-02-23,Social Media,Submitted,Eligible,Verified,2026-02-28,1737.0,Allocated,Paid,Confirmed,2026-03-09,14.0
STU01902,APP01902,Manav,Patil,Male,18,Kalyan,Open,72.08,61.45,64.93,61.27,63.7,Information Technology,2026-04-08,Google Search,Submitted,Not Eligible,Pending,,,Not Allocated,Not Paid,Not Confirmed,,
STU00284,APP00284,Atharva,Singh,Male,19,Andheri,Open,72.44,82.52,77.97,69.34,73.02,Electronics Engineering,2026-02-05,Google Search,Submitted,Eligible,Verified,2026-02-19,2141.0,Allocated,Paid,Confirmed,2026-02-28,23.0
STU00798,APP00798,Aarav,Chavan,Male,19,Badlapur,Open,85.77,86.29,83.31,63.03,69.58,Computer Engineering,2026-06-23,College Visit,Submitted,Eligible,Verified,2026-06-28,2425.0,Allocated,Paid,Confirmed,2026-07-07,14.0
STU01641,APP01641,Ishaan,Shinde,Female,19,Navi Mumbai,Open,68.73,77.47,79.84,75.45,79.67,Computer Engineering,2026-03-07,College Website,Submitted,Eligible,Verified,2026-03-17,1760.0,Not Allocated,Not Paid,Not Confirmed,,
STU00226,APP00226,Ananya,Mishra,Male,19,Vasai,EWS,66.05,65.45,69.68,66.5,71.2,Artificial Intelligence & Data Science,2026-04-24,Friend/Family,Submitted,Not Eligible,Verified,2026-04-30,,Not Allocated,Not Paid,Not Confirmed,,
STU00027,APP00027,Akash,Verma,Male,21,Andheri,SC,71.05,92.61,91.27,76.84,79.55,Artificial Intelligence & Data Science,2026-05-17,Advertisement,Submitted,Eligible,Verified,2026-05-21,1497.0,Allocated,Pending,Not Confirmed,,
STU01789,APP01789,Rahul,Jadhav,Male,20,Thane,Open,51.6,89.35,90.76,80.3,86.26,Information Technology,2026-05-07,College Website,Withdrawn,Eligible,Not Submitted,,1070.0,Not Allocated,Not Paid,Not Confirmed,,
STU00438,APP00438,Sneha,Singh,Male,18,Goregaon,OBC,81.25,75.0,68.62,60.4,64.11,Computer Engineering,2026-03-29,Friend/Family,Under Review,Not Eligible,Verified,2026-04-01,,Not Allocated,Not Paid,Not Confirmed,,
STU01969,APP01969,Aditya,Naik,Female,19,Dombivli,ST,70.76,83.98,78.59,72.15,75.39,Electronics Engineering,2026-06-22,Social Media,Submitted,Eligible,Verified,2026-06-30,1923.0,Allocated,Pending,Not Confirmed,,
STU01389,APP01389,Manav,Gupta,Male,18,Navi Mumbai,OBC,75.95,76.96,73.12,56.04,59.87,Computer Engineering,2026-07-24,College Website,Withdrawn,Not Eligible,Not Submitted,,,Not Allocated,Not Paid,Not Confirmed,,
STU00230,APP00230,Sakshi,Patil,Female,18,Andheri,Open,76.67,83.41,81.36,66.99,74.7,Information Technology,2026-05-27,Friend/Family,Submitted,Eligible,Verified,2026-06-01,1935.0,Allocated,Paid,Confirmed,2026-06-10,14.0
STU00038,APP00038,Sneha,Singh,Male,18,Kalyan,Open,73.44,87.54,85.63,75.84,74.11,Computer Engineering,2026-02-18,College Visit,Submitted,Eligible,Verified,2026-02-27,1884.0,Allocated,Paid,Confirmed,2026-03-04,14.0
STU00750,APP00750,Vikas,Chavan,Female,18,Badlapur,Open,69.06,76.22,82.99,73.09,78.17,Electronics Engineering,2026-01-12,Friend/Family,Submitted,Eligible,Verified,2026-01-22,1748.0,Allocated,Paid,Confirmed,2026-01-30,18.0
STU01046,APP01046,Riya,Mehta,Female,18,Mira Road,SC,70.62,77.82,81.39,61.86,67.98,Artificial Intelligence & Data Science,2026-05-18,Google Search,Submitted,Eligible,Incomplete,,2621.0,Not Allocated,Not Paid,Not Confirmed,,
STU01399,APP01399,Sakshi,Deshmukh,Female,18,Kalyan,Open,92.46,64.6,,53.12,55.39,Electronics Engineering,2026-04-13,Google Search,Submitted,Not Eligible,Pending,,,Not Allocated,Not Paid,Not Confirmed,,
STU00470,APP00470,Ishaan,Yadav,Female,19,Kalyan,Open,79.83,74.61,79.43,67.23,72.2,Mechanical Engineering,2026-04-20,Advertisement,Submitted,Eligible,Verified,2026-04-25,2200.0,Allocated,Paid,Confirmed,2026-04-30,10.0
STU01709,APP01709,Pooja,Kulkarni,Male,18,Kalyan,Open,79.09,81.28,77.38,71.24,75.93,Information Technology,2026-04-10,Advertisement,Submitted,Eligible,Verified,2026-04-19,2027.0,Allocated,Paid,Confirmed,2026-04-27,17.0
STU01988,APP01988,Manav,Shinde,Male,20,Bhiwandi,Open,77.65,67.41,69.14,63.41,73.22,Information Technology,2026-07-17,Google Search,Submitted,Not Eligible,Verified,2026-07-26,,Not Allocated,Not Paid,Not Confirmed,,
STU00688,APP00688,Aarav,Deshmukh,Female,18,Borivali,SC,84.29,80.51,84.46,65.59,72.86,Information Technology,2026-02-09,College Website,Submitted,Eligible,Verified,2026-02-13,2375.0,Allocated,Paid,Confirmed,2026-02-14,5.0
STU01862,APP01862,Aditya,Yadav,Female,18,Andheri,EWS,82.68,57.26,66.05,66.99,75.93,Computer Engineering,2026-04-06,College Visit,Submitted,Not Eligible,Verified,2026-04-18,,Not Allocated,Not Paid,Not Confirmed,,
STU00640,APP00640,Ayush,Mishra,Male,18,Thane,Open,85.38,79.58,74.79,50.93,62.55,Computer Engineering,2026-07-28,Google Search,Under Review,Not Eligible,Pending,,,Not Allocated,Not Paid,Not Confirmed,,
STU01729,APP01729,Yash,Gupta,Female,18,Bhiwandi,Open,69.29,70.34,71.14,64.02,74.08,Computer Engineering,2026-04-06,Google Search,Submitted,Not Eligible,Incomplete,,,Not Allocated,Not Paid,Not Confirmed,,
STU01219,APP01219,Rahul,More,Female,20,Panvel,Open,74.82,78.27,83.46,73.88,76.87,Computer Engineering,2026-01-22,College Website,Submitted,Eligible,Verified,2026-01-26,1747.0,Allocated,Paid,Confirmed,2026-01-29,7.0
STU01159,APP01159,Dev,Mishra,Female,18,Mira Road,ST,73.23,84.05,80.72,71.99,76.54,Information Technology,2026-04-24,Google Search,Submitted,Eligible,Verified,2026-05-04,1851.0,Allocated,Paid,Confirmed,2026-05-11,17.0
STU01416,APP01416,Ayush,Tiwari,Female,18,Mira Road,Open,97.5,65.32,63.87,65.35,74.67,Artificial Intelligence & Data Science,2026-07-22,College Visit,Under Review,Not Eligible,Pending,,,Not Allocated,Not Paid,Not Confirmed,,
STU01528,APP01528,Ayush,Shinde,Female,17,Mira Road,Open,68.27,61.09,59.49,57.86,63.55,Electronics Engineering,2026-05-02,Friend/Family,Submitted,Not Eligible,Incomplete,,,Not Allocated,Not Paid,Not Confirmed,,
STU01671,APP01671,Neha,Tiwari,Male,19,Borivali,Open,84.01,64.71,65.96,61.49,72.28,Electronics Engineering,2026-01-23,Google Search,Submitted,Not Eligible,Pending,,,Not Allocated,Not Paid,Not Confirmed,,
STU01301,APP01301,Krishna,Sharma,Male,18,Goregaon,SC,73.31,79.75,84.32,74.88,78.64,Artificial Intelligence & Data Science,2026-07-27,Education Portal,Under Review,Eligible,Verified,2026-08-03,1642.0,Allocated,Paid,Confirmed,2026-08-05,9.0
STU01841,APP01841,Ananya,Shinde,Male,19,Dombivli,Open,80.67,76.95,78.5,85.52,94.79,Computer Engineering,2026-06-10,Social Media,Submitted,Eligible,Verified,2026-06-23,844.0,Allocated,Paid,Confirmed,2026-07-01,21.0
STU00801,APP00801,Varun,Gupta,Female,19,Bhiwandi,Open,82.27,83.08,87.79,72.91,82.54,Artificial Intelligence & Data Science,2026-06-11,College Visit,Submitted,Eligible,Verified,2026-06-22,1430.0,Allocated,Paid,Confirmed,2026-06-24,13.0
STU01604,APP01604,Sakshi,Deshmukh,Male,20,Navi Mumbai,SC,74.24,76.19,70.12,71.57,74.57,Information Technology,2026-06-20,Google Search,Under Review,Not Eligible,Pending,,,Not Allocated,Not Paid,Not Confirmed,,
STU00161,APP00161,Aditya,Kadam,Male,18,Kalyan,OBC,60.91,76.78,84.03,79.15,81.93,Electronics Engineering,2026-06-11,Friend/Family,Submitted,Eligible,Verified,2026-06-17,1381.0,Allocated,Paid,Confirmed,2026-06-24,13.0
STU00957,APP00957,Ananya,Singh,Male,18,Kalyan,Open,83.66,73.01,75.73,56.48,68.36,Electronics Engineering,2026-07-05,College Website,Under Review,Eligible,Verified,2026-07-14,2413.0,Allocated,Paid,Confirmed,2026-07-23,18.0
STU01187,APP01187,Pooja,Kulkarni,Male,18,Panvel,Open,78.62,86.62,79.93,62.32,70.02,Mechanical Engineering,2026-07-10,College Website,Submitted,Eligible,Verified,2026-07-23,2531.0,Allocated,Paid,Confirmed,2026-08-02,23.0
STU00822,APP00822,Neha,Kadam,Female,18,Dombivli,Open,73.82,85.85,79.51,74.4,76.42,Computer Engineering,2026-06-16,Friend/Family,Submitted,Eligible,Pending,,1923.0,Not Allocated,Not Paid,Not Confirmed,,
STU01698,APP01698,Rohan,Shinde,Male,18,Andheri,SC,77.64,74.04,76.43,75.43,73.49,Information Technology,2026-06-24,Friend/Family,Under Review,Eligible,Verified,2026-06-28,2249.0,Allocated,Paid,Confirmed,2026-07-07,13.0
STU00878,APP00878,Karan,Tiwari,Male,18,Virar,Open,85.1,66.92,65.01,65.32,71.4,Computer Engineering,2026-06-07,Friend/Family,Submitted,Not Eligible,Pending,,,Not Allocated,Not Paid,Not Confirmed,,
STU00914,APP00914,Tanmay,Patil,Male,18,Virar,Open,63.59,62.36,58.65,66.68,69.22,Mechanical Engineering,2026-05-18,Education Portal,Submitted,Not Eligible,Incomplete,,,Not Allocated,Not Paid,Not Confirmed,,
STU00153,APP00153,Mohit,Kumar,Female,19,Virar,Open,77.2,85.21,90.85,86.29,89.67,Artificial Intelligence & Data Science,2026-05-04,Social Media,Submitted,Eligible,Verified,2026-05-11,1006.0,Allocated,Paid,Confirmed,2026-05-18,14.0
STU01855,APP01855,Yash,Kulkarni,Male,20,Goregaon,OBC,80.18,70.06,65.28,66.94,71.62,Information Technology,2026-06-15,Education Portal,Submitted,Not Eligible,Incomplete,,,Not Allocated,Not Paid,Not Confirmed,,
STU01795,APP01795,Atharva,Sharma,Female,17,Navi Mumbai,Open,88.66,94.17,98.0,82.63,91.21,Computer Engineering,2026-03-10,College Website,Submitted,Eligible,Pending,,859.0,Not Allocated,Not Paid,Not Confirmed,,
STU00510,APP00510,Pooja,More,Male,18,Vasai,SC,97.39,70.34,68.45,69.67,74.0,Artificial Intelligence & Data Science,2026-04-05,College Visit,Submitted,Not Eligible,Pending,,,Not Allocated,Not Paid,Not Confirmed,,
STU01136,APP01136,Krishna,Joshi,Male,18,Dombivli,OBC,71.62,82.15,88.72,75.92,79.1,Information Technology,2026-03-16,College Visit,Submitted,Eligible,Verified,2026-03-28,1943.0,Allocated,Paid,Confirmed,2026-04-01,16.0
STU01251,APP01251,Aditya,Kadam,FEMALE,18,Badlapur,Open,77.18,85.91,77.59,75.32,75.53,Computer Engineering,2026-07-07,Friend/Family,Under Review,Eligible,Verified,2026-07-21,2004.0,Allocated,Paid,Confirmed,2026-07-22,15.0
STU01680,APP01680,Mohit,Chavan,Female,18,Vasai,OBC,79.15,85.17,82.56,79.71,81.08,Artificial Intelligence & Data Science,2026-07-20,Friend/Family,Submitted,Eligible,Pending,,1680.0,Not Allocated,Not Paid,Not Confirmed,,
STU00104,APP00104,Karan,Kulkarni,Male,18,Thane,Open,89.79,74.85,77.38,69.12,65.77,Computer Engineering,2026-06-01,Friend/Family,Withdrawn,Eligible,Not Submitted,,2822.0,Not Allocated,Not Paid,Not Confirmed,,
STU01446,APP01446,Karan,Kadam,Male,20,Virar,ST,85.71,68.19,66.24,48.48,54.08,Artificial Intelligence & Data Science,2026-03-26,College Visit,Withdrawn,Not Eligible,Not Submitted,,,Not Allocated,Not Paid,Not Confirmed,,
STU01444,APP01444,Dev,Tiwari,M,18,Virar,Open,88.57,89.71,89.78,86.51,84.69,Artificial Intelligence & Data Science,2026-07-03,Friend/Family,Submitted,Eligible,Incomplete,,1306.0,Not Allocated,Not Paid,Not Confirmed,,
STU01756,APP01756,Sakshi,Kumar,Female,18,Dombivli,Open,84.24,91.64,94.32,80.49,82.7,Computer Engineering,2026-05-04,Google Search,Submitted,Eligible,Verified,2026-05-07,1389.0,Allocated,Paid,Confirmed,2026-05-12,8.0
STU00587,APP00587,Atharva,Patil,Female,19,Dombivli,Open,75.53,53.99,45.99,56.62,57.02,Mechanical Engineering,2026-04-06,College Website,Under Review,Not Eligible,Incomplete,,,Not Allocated,Not Paid,Not Confirmed,,
STU01787,APP01787,Shreya,Verma,Male,18,Thane,Open,88.91,68.74,66.77,63.9,68.83,Mechanical Engineering,2026-03-09,Advertisement,Withdrawn,Not Eligible,Not Submitted,,,Not Allocated,Not Paid,Not Confirmed,,
STU01144,APP01144,Sakshi,Singh,Male,18,Navi Mumbai,Open,94.59,73.33,75.12,75.06,75.21,Computer Engineering,2026-06-27,Google Search,Submitted,Eligible,Verified,2026-07-10,1852.0,Allocated,Pending,Not Confirmed,,
STU00054,APP00054,Sneha,Mehta,Male,18,,Open,72.82,84.51,80.56,76.07,76.0,Artificial Intelligence & Data Science,2026-07-29,College Visit,Submitted,Eligible,Verified,2026-08-04,2158.0,Allocated,Paid,Confirmed,2026-08-07,9.0
STU00152,APP00152,Tanmay,Sharma,Female,18,Borivali,Open,77.64,90.71,89.87,76.75,76.41,Artificial Intelligence & Data Science,2026-03-18,Advertisement,Submitted,Eligible,Verified,2026-03-29,1948.0,Not Allocated,Not Paid,Not Confirmed,,
STU00404,APP00404,Dhruv,Kulkarni,Male,20,Andheri,OBC,80.83,73.79,70.08,67.75,70.53,Artificial Intelligence & Data Science,2026-06-26,Friend/Family,Submitted,Not Eligible,Verified,2026-06-29,,Not Allocated,Not Paid,Not Confirmed,,
STU01963,APP01963,Vikas,More,Male,18,Dombivli,OBC,79.44,81.96,80.8,66.79,77.47,Artificial Intelligence & Data Science,2026-06-21,Education Portal,Submitted,Eligible,Verified,2026-06-30,1985.0,Allocated,Paid,Confirmed,2026-07-10,19.0
STU00208,APP00208,Rohan,Pawar,Male,18,Navi Mumbai,ST,75.34,87.73,89.21,77.64,79.84,Information Technology,2026-03-11,Friend/Family,Submitted,Eligible,Verified,2026-03-25,1570.0,Not Allocated,Not Paid,Not Confirmed,,
STU01915,APP01915,Shreya,Pawar,Female,21,Goregaon,Open,90.62,80.28,80.8,71.96,77.39,Artificial Intelligence & Data Science,2026-05-07,Google Search,Submitted,Eligible,Pending,,1699.0,Not Allocated,Not Paid,Not Confirmed,,
STU01123,APP01123,Akash,Kumar,Male,19,,Open,73.25,64.73,62.93,47.36,52.6,Computer Engineering,2026-05-02,Advertisement,Submitted,Not Eligible,Incomplete,,,Not Allocated,Not Paid,Not Confirmed,,
STU01768,APP01768,Vikas,Shinde,Male,20,Bhiwandi,EWS,86.3,81.66,85.53,81.11,80.72,Computer Engineering,2026-03-14,College Visit,Submitted,Eligible,Incomplete,,1458.0,Not Allocated,Not Paid,Not Confirmed,,
STU00009,APP00009,Aditya,Shinde,Female,18,Thane,SC,98.0,66.8,65.21,57.93,66.95,Information Technology,2026-03-01,Advertisement,Under Review,Not Eligible,Verified,2026-03-04,,Not Allocated,Not Paid,Not Confirmed,,
STU01015,APP01015,Yash,Mishra,Female,19,Mira Road,SC,78.59,84.28,85.05,67.98,72.39,Computer Engineering,2026-03-22,College Visit,Submitted,Eligible,Verified,2026-04-03,2422.0,Allocated,Pending,Not Confirmed,,
STU01814,APP01814,Aarav,Kumar,Female,17,Goregaon,Open,64.34,77.62,76.49,68.1,75.79,Information Technology,2026-02-26,Friend/Family,Submitted,Eligible,Verified,2026-03-02,1877.0,Allocated,Pending,Not Confirmed,,
STU01061,APP01061,Atharva,Jadhav,Male,20,Virar,Open,78.25,97.0,84.93,72.32,73.37,Information Technology,2026-01-25,College Visit,Withdrawn,Eligible,Not Submitted,,2050.0,Not Allocated,Not Paid,Not Confirmed,,
STU00453,APP00453,Krishna,Mishra,Female,19,Navi Mumbai,Open,79.39,75.58,75.85,53.18,54.9,Artificial Intelligence & Data Science,2026-01-22,College Visit,Submitted,Not Eligible,Incomplete,,,Not Allocated,Not Paid,Not Confirmed,,
STU01676,APP01676,Rohan,Kumar,Female,19,Borivali,Open,70.63,69.46,71.81,62.97,65.81,Information Technology,2026-01-07,Friend/Family,Submitted,Not Eligible,Incomplete,,,Not Allocated,Not Paid,Not Confirmed,,
STU00254,APP00254,Dev,Singh,Male,18,Kalyan,SC,93.07,68.88,74.66,70.37,72.16,Computer Engineering,2026-04-18,Friend/Family,Submitted,Not Eligible,Incomplete,,,Not Allocated,Not Paid,Not Confirmed,,
STU01328,APP01328,Ishaan,Tiwari,Female,18,Mumbai,Open,98.0,73.15,75.28,80.67,76.1,Artificial Intelligence & Data Science,2026-05-14,Google Search,Submitted,Eligible,Verified,2026-05-17,1864.0,Allocated,Paid,Confirmed,2026-05-23,9.0
STU00897,APP00897,Dhruv,Kulkarni,Male,20,Thane,SC,73.44,78.4,84.34,59.98,64.07,Artificial Intelligence & Data Science,2026-07-06,Education Portal,Submitted,Eligible,Pending,,2782.0,Not Allocated,Not Paid,Not Confirmed,,
STU01911,APP01911,Ayush,Pawar,Male,17,Thane,EWS,70.1,95.28,91.67,81.17,83.99,Computer Engineering,2026-03-20,College Visit,Submitted,Eligible,Verified,2026-04-01,1285.0,Allocated,Paid,Confirmed,2026-04-04,15.0
STU00881,APP00881,Dhruv,Joshi,Male,18,Andheri,SC,90.95,80.25,84.15,72.15,74.46,Computer Engineering,2026-03-20,Google Search,Submitted,Eligible,Verified,2026-03-27,2103.0,Not Allocated,Not Paid,Not Confirmed,,
STU01596,APP01596,Yash,Mishra,Female,21,Mumbai,OBC,77.85,73.5,75.61,79.01,79.0,Information Technology,2026-04-02,College Website,Submitted,Eligible,Verified,2026-04-13,1706.0,Allocated,Paid,Confirmed,2026-04-19,17.0
STU01909,APP01909,Yash,Sharma,Female,19,Andheri,SC,82.99,84.09,82.77,75.47,84.01,Computer Engineering,2026-06-24,Social Media,Submitted,Eligible,Verified,2026-06-27,1247.0,Allocated,Paid,Confirmed,2026-07-02,8.0
STU00624,APP00624,Ananya,Singh,Female,18,Virar,Open,71.36,76.68,69.69,64.28,72.07,Artificial Intelligence & Data Science,2026-05-31,Social Media,Submitted,Not Eligible,Incomplete,,,Not Allocated,Not Paid,Not Confirmed,,
STU00346,APP00346,Dev,Tiwari,Male,18,Dombivli,OBC,65.89,81.25,76.7,72.06,77.22,Mechanical Engineering,2026-06-17,Social Media,Submitted,Eligible,Verified,2026-06-30,1715.0,Allocated,Paid,Confirmed,2026-07-02,15.0
STU01719,APP01719,Vikas,Chavan,Female,18,Andheri,Open,68.16,94.12,88.02,87.06,92.09,Artificial Intelligence & Data Science,2026-03-18,Google Search,Submitted,Eligible,Verified,2026-03-23,732.0,Not Allocated,Not Paid,Not Confirmed,,
STU00263,APP00263,Dhruv,Gupta,Female,18,Borivali,OBC,85.37,91.38,86.89,73.52,73.1,Mechanical Engineering,2026-05-03,Friend/Family,Submitted,Eligible,Verified,2026-05-07,2299.0,Allocated,Pending,Not Confirmed,,
STU01635,APP01635,Dev,Shinde,Female,20,Borivali,SC,74.52,79.19,80.78,66.35,66.27,Artificial Intelligence & Data Science,2026-03-10,College Visit,Submitted,Eligible,Verified,2026-03-13,2449.0,Allocated,Pending,Not Confirmed,,
STU01322,APP01322,Ishaan,Mehta,Female,18,Panvel,SC,80.44,69.42,70.12,61.19,64.34,Electronics Engineering,2026-05-24,College Visit,Submitted,Not Eligible,Incomplete,,,Not Allocated,Not Paid,Not Confirmed,,
STU01439,APP01439,Mohit,Sharma,Male,18,Kalyan,Open,73.34,81.6,75.86,70.54,74.12,Computer Engineering,2026-01-18,Education Portal,Submitted,Eligible,Verified,2026-01-24,1917.0,Allocated,Paid,Confirmed,2026-02-02,15.0
STU00151,APP00151,Sneha,Chavan,Female,18,Andheri,EWS,69.05,75.69,67.85,73.82,82.73,Information Technology,2026-05-10,Social Media,Submitted,Not Eligible,Pending,,,Not Allocated,Not Paid,Not Confirmed,,
STU00473,APP00473,Tanmay,Mishra,Male,20,Thane,SC,90.55,65.55,63.96,55.38,65.54,Artificial Intelligence & Data Science,2026-02-10,Education Portal,Submitted,Not Eligible,Verified,2026-02-19,,Not Allocated,Not Paid,Not Confirmed,,
STU00641,APP00641,Varun,Patil,Female,18,,Open,69.99,82.28,78.65,77.5,,Information Technology,2026-07-25,Friend/Family,Submitted,Eligible,Verified,2026-08-01,1243.0,Allocated,Paid,Confirmed,2026-08-03,9.0
DUP77070,APP01872,Neha,More,Male,19,Thane,Open,85.97,79.11,75.92,81.55,75.6,Mechanical Engineering,2026-05-08,Google Search,Submitted,Eligible,Incomplete,,1735.0,Not Allocated,Not Paid,Not Confirmed,,
STU01903,APP01903,Riya,Chavan,Male,18,Mira Road,Open,70.73,71.86,74.04,74.37,74.56,Mechanical Engineering,2026-03-20,College Website,Submitted,Not Eligible,Incomplete,,,Not Allocated,Not Paid,Not Confirmed,,
STU00551,APP00551,Ananya,Deshmukh,Male,19,Kalyan,EWS,80.09,85.01,83.13,72.52,77.42,Artificial Intelligence & Data Science,2026-03-30,Social Media,Submitted,Eligible,Verified,2026-04-03,1906.0,Allocated,Paid,Confirmed,2026-04-05,6.0
STU01798,APP01798,Dhruv,Patil,Female,18,Dombivli,OBC,74.23,97.0,95.75,83.32,87.68,Artificial Intelligence & Data Science,2026-04-05,College Website,Submitted,Eligible,Pending,,888.0,Not Allocated,Not Paid,Not Confirmed,,
STU00929,APP00929,Aditya,Gupta,Male,18,Mumbai,Open,89.01,68.98,67.9,59.69,63.91,Information Technology,2026-06-17,Social Media,Submitted,Not Eligible,Pending,,,Not Allocated,Not Paid,Not Confirmed,,
STU00489,APP00489,Vikas,Sharma,Female,19,Badlapur,ST,78.97,79.87,81.16,85.74,84.8,Artificial Intelligence & Data Science,2026-02-03,Education Portal,Under Review,Eligible,Verified,2026-02-18,1494.0,Allocated,Paid,Confirmed,2026-02-24,21.0
STU01830,APP01830,Ayush,Kumar,Female,21,Virar,SC,89.86,62.5,63.51,66.57,69.33,Computer Engineering,2026-02-21,Social Media,Submitted,Not Eligible,Verified,2026-02-27,,Not Allocated,Not Paid,Not Confirmed,,
STU01172,APP01172,Karan,Mishra,Female,20,Goregaon,Open,73.53,79.88,79.23,73.39,76.41,Artificial Intelligence & Data Science,2026-04-07,Education Portal,Submitted,Eligible,Verified,2026-04-16,1670.0,Allocated,Paid,Confirmed,2026-04-25,18.0
STU00147,APP00147,Nikhil,Sharma,Female,19,Thane,Open,91.78,88.19,87.34,85.71,89.6,Mechanical Engineering,2026-02-27,Advertisement,Submitted,Eligible,Verified,2026-03-02,965.0,Not Allocated,Not Paid,Not Confirmed,,
STU01721,APP01721,Nikhil,Kadam,Male,18,Thane,Open,71.98,97.0,98.0,84.16,91.21,Artificial Intelligence & Data Science,2026-07-05,Friend/Family,Submitted,Eligible,Verified,2026-07-16,931.0,Allocated,Paid,Confirmed,2026-07-22,17.0
STU01949,APP01949,Yash,Pawar,Male,19,Kalyan,SC,90.18,83.59,82.75,73.36,77.12,Information Technology,2026-06-20,Social Media,Submitted,Eligible,Verified,2026-06-24,1651.0,Allocated,Pending,Not Confirmed,,
STU00403,APP00403,Yash,Yadav,Female,19,Navi Mumbai,Open,70.26,97.0,98.0,81.18,87.95,Electronics Engineering,2026-05-25,Google Search,Submitted,Eligible,Verified,2026-06-05,1271.0,Allocated,Paid,Confirmed,2026-06-14,20.0
STU00955,APP00955,Shreya,Jadhav,Male,19,Vasai,OBC,94.72,58.26,64.77,71.35,68.37,Computer Engineering,2026-05-10,College Website,Submitted,Not Eligible,Pending,,,Not Allocated,Not Paid,Not Confirmed,,
STU01898,APP01898,Tanmay,Kumar,Male,18,Kalyan,EWS,71.37,91.08,88.16,83.67,76.61,Artificial Intelligence & Data Science,2026-06-28,Education Portal,Submitted,Eligible,Verified,2026-07-10,2029.0,Allocated,Paid,Confirmed,2026-07-12,14.0
STU00660,APP00660,Dev,Mehta,Male,18,Mira Road,Open,78.62,81.89,110.0,83.42,83.73,Artificial Intelligence & Data Science,2026-06-21,Education Portal,Submitted,Eligible,Verified,2026-06-28,1325.0,Allocated,Paid,Confirmed,2026-07-02,11.0
STU01373,APP01373,Manav,Verma,Female,18,Virar,OBC,83.69,80.78,,78.47,82.83,Computer Engineering,2026-07-14,College Website,Submitted,Eligible,Verified,2026-07-27,1316.0,Allocated,Paid,Confirmed,2026-08-03,20.0
STU00464,APP00464,Aman,Kumar,Female,19,Mumbai,Open,82.68,69.89,71.91,52.76,60.5,Information Technology,2026-03-12,Advertisement,Submitted,Not Eligible,Pending,,,Not Allocated,Not Paid,Not Confirmed,,
STU01350,APP01350,Atharva,Sharma,Female,19,Virar,Open,67.26,81.49,79.37,66.67,72.29,Information Technology,2026-05-31,Friend/Family,Under Review,Eligible,Verified,2026-06-03,2066.0,Allocated,Paid,Confirmed,2026-06-06,6.0
STU00187,APP00187,Aditya,Deshmukh,Male,18,Navi Mumbai,OBC,84.51,82.67,77.82,77.02,79.93,Artificial Intelligence & Data Science,2026-07-21,College Visit,Submitted,Eligible,Verified,2026-07-26,1440.0,Allocated,Paid,Confirmed,2026-08-04,14.0
STU01148,APP01148,Akash,More,Male,18,Andheri,ST,67.61,65.11,76.32,57.81,70.19,Computer Engineering,2026-01-25,Advertisement,Submitted,Eligible,Verified,2026-01-28,2558.0,Allocated,Pending,Not Confirmed,,
STU01225,APP01225,Pranav,Pawar,Male,19,Thane,Open,78.48,74.03,74.91,68.44,72.95,Information Technology,2026-04-05,Google Search,Submitted,Not Eligible,Verified,2026-04-16,,Not Allocated,Not Paid,Not Confirmed,,
STU00609,APP00609,Karan,Patil,Male,18,Badlapur,Open,88.14,82.49,89.05,74.68,72.5,Computer Engineering,2026-07-05,Friend/Family,Submitted,Eligible,Verified,2026-07-10,2277.0,Allocated,Pending,Not Confirmed,,
STU00144,APP00144,Krishna,Patil,Male,19,Virar,Open,88.5,74.25,71.23,66.99,74.3,Information Technology,2026-04-03,College Visit,Withdrawn,Not Eligible,Not Submitted,,,Not Allocated,Not Paid,Not Confirmed,,
STU00752,APP00752,Shreya,Tiwari,Male,19,Bhiwandi,Open,70.75,69.97,65.19,56.42,61.73,Electronics Engineering,2026-02-04,Social Media,Submitted,Not Eligible,Pending,,,Not Allocated,Not Paid,Not Confirmed,,
STU01535,APP01535,Dhruv,Joshi,Male,19,Virar,EWS,76.37,73.53,78.2,69.95,,Computer Engineering,2026-06-19,College Visit,Under Review,Eligible,Verified,2026-06-30,2130.0,Allocated,Paid,Confirmed,2026-07-01,12.0
STU00982,APP00982,Vikas,Tiwari,Male,20,Andheri,SC,76.66,80.03,72.73,60.06,69.47,Information Technology,2026-02-07,Friend/Family,Under Review,Not Eligible,Incomplete,,,Not Allocated,Not Paid,Not Confirmed,,
STU00198,APP00198,Varun,Naik,M,18,Bhiwandi,Open,87.69,62.22,54.79,63.16,67.25,Artificial Intelligence & Data Science,2026-04-26,Google Search,Submitted,Not Eligible,Verified,2026-05-04,,Not Allocated,Not Paid,Not Confirmed,,
STU01634,APP01634,Aryan,Tiwari,Male,18,Andheri,Open,59.33,76.21,80.93,70.26,71.09,Electronics Engineering,2026-05-12,Education Portal,Under Review,Eligible,Verified,2026-05-22,2386.0,Allocated,Paid,Confirmed,2026-05-27,15.0
STU00884,APP00884,Pranav,Kumar,Female,18,Mumbai,Open,89.02,54.33,50.69,58.5,61.79,Computer Engineering,2026-03-29,Friend/Family,Under Review,Not Eligible,Pending,,,Not Allocated,Not Paid,Not Confirmed,,
STU00280,APP00280,Dev,Verma,Male,18,Thane,OBC,80.34,90.64,94.63,88.2,85.44,Electronics Engineering,2026-02-04,Advertisement,Under Review,Eligible,Pending,,1057.0,Not Allocated,Not Paid,Not Confirmed,,
STU00294,APP00294,Varun,Sharma,Male,17,Mumbai,SC,90.88,89.35,91.87,92.88,89.26,Artificial Intelligence & Data Science,2026-06-14,Advertisement,Under Review,Eligible,Verified,2026-06-25,887.0,Allocated,Paid,Confirmed,2026-07-05,21.0
STU01842,APP01842,Pranav,Jadhav,Male,18,Thane,OBC,70.39,70.6,71.17,65.13,67.25,Artificial Intelligence & Data Science,2026-01-01,Google Search,Submitted,Not Eligible,Incomplete,,,Not Allocated,Not Paid,Not Confirmed,,
STU00401,APP00401,Rohan,Tiwari,Female,18,Dombivli,OBC,84.58,81.9,81.33,78.71,78.52,Artificial Intelligence & Data Science,2026-01-12,College Website,Submitted,Eligible,Pending,,1854.0,Not Allocated,Not Paid,Not Confirmed,,
STU00123,APP00123,Mohit,Singh,M,18,Bhiwandi,Open,87.97,65.6,68.05,56.23,61.82,Electronics Engineering,2026-05-06,College Website,Submitted,Not Eligible,Pending,,,Not Allocated,Not Paid,Not Confirmed,,
STU01208,APP01208,Krishna,Verma,Male,18,Dombivli,SC,87.13,63.73,65.34,54.08,55.48,Information Technology,2026-07-20,Google Search,Submitted,Not Eligible,Verified,2026-07-27,,Not Allocated,Not Paid,Not Confirmed,,
STU00203,APP00203,Ishaan,Chavan,Male,19,Dombivli,Open,87.01,69.29,74.86,68.6,70.99,Mechanical Engineering,2026-06-03,Social Media,Submitted,Not Eligible,Verified,2026-06-10,,Not Allocated,Not Paid,Not Confirmed,,
STU01463,APP01463,Rahul,Singh,Female,18,Borivali,OBC,70.57,83.59,82.69,73.74,76.44,Artificial Intelligence & Data Science,2026-03-20,Education Portal,Submitted,Eligible,Verified,2026-03-22,1956.0,Allocated,Paid,Confirmed,2026-03-29,9.0
STU00836,APP00836,Aarav,Gupta,Female,18,Panvel,Open,74.75,77.0,68.73,72.43,70.78,Information Technology,2026-01-31,Education Portal,Submitted,Not Eligible,Verified,2026-02-14,,Not Allocated,Not Paid,Not Confirmed,,
STU00247,APP00247,Nikhil,Singh,Male,20,Dombivli,Open,78.1,83.1,88.16,71.71,77.5,Artificial Intelligence & Data Science,2026-01-22,Advertisement,Submitted,Eligible,Verified,2026-01-26,1715.0,Allocated,Paid,Confirmed,2026-02-04,13.0
STU01440,APP01440,Akash,Mishra,Male,18,Badlapur,OBC,68.55,76.67,74.94,75.38,76.12,Computer Engineering,2026-05-13,College Website,Submitted,Not Eligible,Pending,,,Not Allocated,Not Paid,Not Confirmed,,
STU01734,APP01734,Sneha,Patil,Female,19,Goregaon,Open,78.17,65.55,61.56,70.73,68.79,Computer Engineering,2026-04-18,Google Search,Submitted,Not Eligible,Verified,2026-04-23,,Not Allocated,Not Paid,Not Confirmed,,
STU01771,APP01771,Aditya,Verma,Female,18,Mumbai,Open,80.49,93.04,90.29,70.08,74.23,Artificial Intelligence & Data Science,2026-03-12,Education Portal,Submitted,Eligible,Verified,2026-03-15,1867.0,Allocated,Paid,Confirmed,2026-03-25,13.0
STU01922,APP01922,Krishna,Joshi,Female,19,Dombivli,Open,80.31,57.48,52.35,62.14,63.12,Artificial Intelligence & Data Science,2026-06-09,College Website,Submitted,Not Eligible,Incomplete,,,Not Allocated,Not Paid,Not Confirmed,,
STU01708,APP01708,Aarav,Kumar,Male,18,Dombivli,Open,83.87,77.57,74.17,67.86,81.55,Computer Engineering,2026-04-07,Google Search,Submitted,Not Eligible,Pending,,,Not Allocated,Not Paid,Not Confirmed,,
STU01901,APP01901,Karan,Verma,Male,18,Goregaon,Open,85.03,74.76,70.47,69.74,75.78,Computer Engineering,2026-04-08,Education Portal,Submitted,Not Eligible,Pending,,,Not Allocated,Not Paid,Not Confirmed,,
STU01154,APP01154,Yash,Mehta,Female,18,Badlapur,OBC,98.0,68.07,63.31,59.94,63.21,Computer Engineering,2026-06-28,College Visit,Submitted,Not Eligible,Pending,,,Not Allocated,Not Paid,Not Confirmed,,
STU01662,APP01662,Tanmay,More,Female,18,Thane,Open,60.94,81.22,80.11,71.48,79.36,Mechanical Engineering,2026-03-11,Education Portal,Submitted,Eligible,Pending,,1783.0,Not Allocated,Not Paid,Not Confirmed,,
STU01427,APP01427,Varun,Naik,Female,19,Mumbai,Open,74.96,81.62,78.38,69.59,67.71,Information Technology,2026-07-17,Social Media,Submitted,Eligible,Verified,2026-07-23,2682.0,Allocated,Paid,Confirmed,2026-07-30,13.0
STU00385,APP00385,Atharva,Kulkarni,female,18,Vasai,OBC,75.75,65.3,56.46,67.14,70.01,Computer Engineering,2026-05-21,Friend/Family,Submitted,Not Eligible,Verified,2026-06-02,,Not Allocated,Not Paid,Not Confirmed,,
STU01776,APP01776,Karan,Yadav,Female,19,Vasai,Open,86.25,88.79,87.19,82.84,87.69,Information Technology,2026-06-06,College Website,Withdrawn,Eligible,Not Submitted,,1063.0,Not Allocated,Not Paid,Not Confirmed,,
STU00855,APP00855,Neha,Patil,Male,17,Goregaon,Open,69.0,97.0,90.28,75.01,77.78,Artificial Intelligence & Data Science,2026-03-19,College Website,Submitted,Eligible,Verified,2026-03-24,2047.0,Allocated,Paid,Confirmed,2026-03-26,7.0
STU01590,APP01590,Karan,Sharma,Male,18,Goregaon,Open,85.6,79.34,81.38,82.06,81.18,Information Technology,2026-07-10,College Website,Submitted,Eligible,Verified,2026-07-23,1535.0,Allocated,Paid,Confirmed,2026-07-29,19.0
STU00220,APP00220,Manav,Joshi,Male,18,Bhiwandi,Open,78.03,84.73,82.21,74.69,75.67,Mechanical Engineering,2026-01-28,Google Search,Submitted,Eligible,Verified,2026-02-05,2005.0,Allocated,Paid,Confirmed,2026-02-07,10.0
STU00642,APP00642,Varun,Patil,Male,19,Goregaon,Open,55.84,62.25,61.53,61.93,64.27,Computer Engineering,2026-02-05,Friend/Family,Submitted,Not Eligible,Verified,2026-02-17,,Not Allocated,Not Paid,Not Confirmed,,
STU00002,APP00002,Ananya,Singh,Male,19,Panvel,Open,84.91,71.37,69.51,60.14,71.36,Information Technology,2026-04-19,College Website,Submitted,Not Eligible,Pending,,,Not Allocated,Not Paid,Not Confirmed,,
STU00113,APP00113,Rohan,Pawar,Male,20,Virar,Open,82.71,70.26,70.16,87.23,84.55,Computer Engineering,2026-02-18,College Website,Withdrawn,Not Eligible,Not Submitted,,,Not Allocated,Not Paid,Not Confirmed,,
STU00699,APP00699,Nikhil,Sharma,Male,18,Kalyan,OBC,80.97,67.86,66.4,69.93,71.42,Mechanical Engineering,2026-06-21,Friend/Family,Submitted,Not Eligible,Pending,,,Not Allocated,Not Paid,Not Confirmed,,
STU01936,APP01936,Mohit,Jadhav,Male,18,Vasai,SC,91.43,79.69,79.94,64.75,66.48,Information Technology,2026-01-04,Google Search,Submitted,Eligible,Verified,2026-01-07,2561.0,Allocated,Paid,Confirmed,2026-01-16,12.0
STU00952,APP00952,Rohan,Deshmukh,Male,18,Dombivli,Open,75.9,78.07,77.11,73.77,83.89,Artificial Intelligence & Data Science,2026-04-16,College Website,Submitted,Eligible,Pending,,1382.0,Not Allocated,Not Paid,Not Confirmed,,
STU01649,APP01649,Karan,Singh,Male,17,Borivali,Open,75.72,66.21,,73.88,77.91,Mechanical Engineering,2026-07-12,Advertisement,Submitted,Not Eligible,Verified,2026-07-14,,Not Allocated,Not Paid,Not Confirmed,,
STU01637,APP01637,Vikas,Pawar,Male,19,Dombivli,Open,84.84,53.55,47.48,39.39,48.85,Computer Engineering,2026-07-22,College Website,Submitted,Not Eligible,Incomplete,,,Not Allocated,Not Paid,Not Confirmed,,
STU01766,APP01766,Akash,Jadhav,Female,19,Badlapur,Open,85.67,78.49,77.42,67.59,65.24,Information Technology,2026-02-07,Advertisement,Under Review,Eligible,Verified,2026-02-14,2496.0,Allocated,Paid,Confirmed,2026-02-15,8.0
STU01411,APP01411,Ananya,Deshmukh,Male,18,Mumbai,ST,87.71,66.02,61.01,71.53,78.06,Artificial Intelligence & Data Science,2026-06-11,Advertisement,Submitted,Not Eligible,Verified,2026-06-17,,Not Allocated,Not Paid,Not Confirmed,,
STU01410,APP01410,Shreya,Kadam,Male,18,Goregaon,EWS,67.7,72.43,67.88,60.17,64.55,Information Technology,2026-05-18,Social Media,Submitted,Not Eligible,Verified,2026-06-01,,Not Allocated,Not Paid,Not Confirmed,,
STU01534,APP01534,Sakshi,Sharma,Female,18,Mumbai,Open,80.8,83.64,83.46,57.35,68.5,Artificial Intelligence & Data Science,2026-06-01,College Visit,Submitted,Eligible,Verified,2026-06-06,2639.0,Allocated,Paid,Confirmed,2026-06-13,12.0
STU01292,APP01292,Tanmay,Mehta,Male,18,Andheri,Open,71.93,81.43,74.2,64.05,67.65,Computer Engineering,2026-01-17,Social Media,Submitted,Not Eligible,Incomplete,,,Not Allocated,Not Paid,Not Confirmed,,
STU01827,APP01827,Atharva,Patil,Female,18,Badlapur,Open,87.4,77.46,83.06,74.83,81.37,Electronics Engineering,2026-03-05,Advertisement,Submitted,Eligible,Verified,2026-03-17,1631.0,Allocated,Paid,Confirmed,2026-03-24,19.0
STU00442,APP00442,Aarav,Jadhav,Male,18,Dombivli,Open,52.45,78.05,105.0,63.14,65.2,Information Technology,2026-07-12,Friend/Family,Under Review,Eligible,Verified,2026-07-26,2844.0,Allocated,Paid,Confirmed,2026-07-28,16.0
STU01521,APP01521,Dhruv,Mishra,Male,18,Panvel,Open,74.91,68.27,71.23,81.14,80.7,Information Technology,2026-05-05,Education Portal,Submitted,Not Eligible,Verified,2026-05-18,,Not Allocated,Not Paid,Not Confirmed,,
STU01137,APP01137,Shreya,Gupta,Male,18,Panvel,Open,71.55,93.39,95.03,83.69,87.38,Computer Engineering,2026-07-12,Google Search,Submitted,Eligible,Incomplete,,1162.0,Not Allocated,Not Paid,Not Confirmed,,
STU01716,APP01716,Riya,Chavan,Female,18,Dombivli,Open,76.04,79.27,84.4,75.43,80.46,Computer Engineering,2026-06-12,Google Search,Submitted,Eligible,Verified,2026-06-15,1440.0,Allocated,Paid,Confirmed,2026-06-22,10.0
STU01257,APP01257,Ananya,Joshi,Male,18,Goregaon,Open,87.87,71.72,73.81,60.79,68.55,Information Technology,2026-04-05,College Visit,Submitted,Not Eligible,Verified,2026-04-10,,Not Allocated,Not Paid,Not Confirmed,,
STU01883,APP01883,Nikhil,Kadam,Female,19,Mira Road,OBC,66.23,58.05,53.17,60.87,56.02,Electronics Engineering,2026-06-25,Friend/Family,Submitted,Not Eligible,Verified,2026-06-27,,Not Allocated,Not Paid,Not Confirmed,,
STU01632,APP01632,Akash,Gupta,Female,18,Andheri,Open,78.14,77.94,77.91,68.23,70.97,Computer Engineering,2026-05-11,Education Portal,Under Review,Eligible,Verified,2026-05-21,2432.0,Allocated,Paid,Confirmed,2026-05-31,20.0
STU01696,APP01696,Aarav,Tiwari,Female,19,Vasai,SC,85.77,68.27,,68.03,67.86,Mechanical Engineering,2026-05-31,Advertisement,Submitted,Not Eligible,Pending,,,Not Allocated,Not Paid,Not Confirmed,,
STU01398,APP01398,Atharva,Sharma,Male,17,Borivali,OBC,85.59,76.19,78.52,63.38,62.5,Electronics Engineering,2026-02-28,Education Portal,Submitted,Eligible,Verified,2026-03-11,2735.0,Allocated,Pending,Not Confirmed,,
STU00664,APP00664,Rohan,Chavan,Male,19,Dombivli,OBC,93.63,71.56,70.99,65.47,70.92,Electronics Engineering,2026-06-06,Google Search,Submitted,Not Eligible,Incomplete,,,Not Allocated,Not Paid,Not Confirmed,,
STU01854,APP01854,Rohan,Kumar,Female,18,Andheri,Open,87.91,61.73,,53.48,56.36,Mechanical Engineering,2026-07-15,Friend/Family,Under Review,Not Eligible,Verified,2026-07-21,,Not Allocated,Not Paid,Not Confirmed,,
STU01258,APP01258,Mohit,Mishra,Female,18,Vasai,OBC,83.0,97.0,98.0,84.68,85.48,Artificial Intelligence & Data Science,2026-03-10,College Visit,Submitted,Eligible,Verified,2026-03-21,1233.0,Allocated,Paid,Confirmed,2026-03-28,18.0
STU01792,APP01792,Rahul,Kumar,Male,20,Navi Mumbai,Open,86.38,83.11,80.79,69.5,74.46,Information Technology,2026-02-26,Social Media,Under Review,Eligible,Verified,2026-03-06,2287.0,Allocated,Paid,Confirmed,2026-03-16,18.0
STU01701,APP01701,Aman,Sharma,Male,18,Andheri,Open,62.21,78.31,82.26,75.43,82.9,Artificial Intelligence & Data Science,2026-03-21,College Visit,Submitted,Eligible,Verified,2026-04-05,1693.0,Allocated,Paid,Confirmed,2026-04-07,17.0
STU00318,APP00318,Aryan,Sharma,Female,21,Badlapur,OBC,89.66,74.84,75.7,83.54,83.79,Information Technology,2026-04-18,Google Search,Under Review,Eligible,Incomplete,,1346.0,Not Allocated,Not Paid,Not Confirmed,,
STU00649,APP00649,Mohit,Verma,Male,19,Bhiwandi,EWS,88.63,80.03,76.16,65.02,68.01,Artificial Intelligence & Data Science,2026-04-23,College Website,Submitted,Eligible,Verified,2026-04-26,2373.0,Allocated,Paid,Confirmed,2026-04-27,4.0
STU01435,APP01435,Ananya,Kumar,Female,20,Panvel,OBC,81.38,93.18,98.0,72.64,77.18,Information Technology,2026-06-11,Advertisement,Submitted,Eligible,Verified,2026-06-22,2065.0,Allocated,Paid,Confirmed,2026-06-29,18.0
STU01480,APP01480,Dhruv,Shinde,Male,18,Virar,Open,59.6,70.05,72.92,73.02,72.68,Artificial Intelligence & Data Science,2026-01-14,Friend/Family,Under Review,Not Eligible,Incomplete,,,Not Allocated,Not Paid,Not Confirmed,,
STU00710,APP00710,Vikas,Joshi,Male,18,Virar,Open,81.43,64.95,67.59,71.06,74.06,Electronics Engineering,2026-05-23,Google Search,Under Review,Not Eligible,Incomplete,,,Not Allocated,Not Paid,Not Confirmed,,
STU01383,APP01383,Aman,Patil,Male,20,Dombivli,EWS,65.1,97.0,92.27,72.58,83.73,Computer Engineering,2026-04-08,Education Portal,Submitted,Eligible,Verified,2026-04-11,1455.0,Allocated,Pending,Not Confirmed,,
STU01283,APP01283,Ayush,Chavan,Female,18,Thane,Open,90.86,70.39,66.16,68.2,71.23,Computer Engineering,2026-05-07,College Visit,Submitted,Not Eligible,Incomplete,,,Not Allocated,Not Paid,Not Confirmed,,
STU01769,APP01769,Neha,Jadhav,Male,18,Virar,ST,75.56,69.34,67.54,63.5,67.63,Electronics Engineering,2026-03-13,Friend/Family,Submitted,Not Eligible,Verified,2026-03-24,,Not Allocated,Not Paid,Not Confirmed,,
STU00973,APP00973,Yash,Deshmukh,Female,18,Vasai,ST,71.24,81.14,73.89,73.75,76.44,Information Technology,2026-05-05,College Website,Submitted,Not Eligible,Verified,2026-05-08,,Not Allocated,Not Paid,Not Confirmed,,
STU00628,APP00628,Neha,Gupta,Male,19,Badlapur,Open,75.64,68.33,65.91,56.63,64.73,Information Technology,2026-07-02,Friend/Family,Submitted,Not Eligible,Verified,2026-07-16,,Not Allocated,Not Paid,Not Confirmed,,
STU00633,APP00633,Riya,Sharma,Female,21,,Open,71.43,95.74,89.51,93.3,99.86,Computer Engineering,2026-06-19,College Website,Submitted,Eligible,Verified,2026-07-01,276.0,Allocated,Paid,Confirmed,2026-07-11,22.0
STU01307,APP01307,Vikas,Mehta,Female,18,Bhiwandi,SC,87.68,87.1,91.43,72.79,77.33,Artificial Intelligence & Data Science,2026-04-13,Friend/Family,Submitted,Eligible,Incomplete,,1945.0,Not Allocated,Not Paid,Not Confirmed,,
STU01401,APP01401,Aarav,Naik,Male,18,Navi Mumbai,ST,67.45,89.05,92.8,67.32,72.21,Information Technology,2026-03-16,Education Portal,Submitted,Eligible,Incomplete,,2045.0,Not Allocated,Not Paid,Not Confirmed,,
STU01409,APP01409,Ishaan,Deshmukh,Female,18,Mira Road,SC,70.81,57.88,49.19,52.39,63.46,Artificial Intelligence & Data Science,2026-03-04,College Website,Withdrawn,Not Eligible,Not Submitted,,,Not Allocated,Not Paid,Not Confirmed,,
STU01249,APP01249,Riya,Singh,Female,21,Badlapur,Open,74.82,73.88,77.49,67.1,68.93,Artificial Intelligence & Data Science,2026-01-06,College Website,Submitted,Eligible,Verified,2026-06-16,2340.0,Allocated,Paid,Confirmed,2026-06-18,17.0
STU01973,APP01973,Ananya,Kadam,Male,18,Borivali,Open,83.82,66.6,67.17,71.83,76.64,Artificial Intelligence & Data Science,2026-01-06,Advertisement,Submitted,Not Eligible,Incomplete,,,Not Allocated,Not Paid,Not Confirmed,,
STU01255,APP01255,Shreya,Kulkarni,Female,18,Mira Road,Open,79.06,64.84,65.52,52.09,59.82,Information Technology,2026-07-12,Friend/Family,Under Review,Not Eligible,Verified,2026-07-16,,Not Allocated,Not Paid,Not Confirmed,,
STU01497,APP01497,Rohan,Patil,Female,18,Bhiwandi,Open,88.66,76.88,65.79,75.66,81.66,Mechanical Engineering,2026-07-08,Google Search,Submitted,Not Eligible,Verified,2026-07-13,,Not Allocated,Not Paid,Not Confirmed,,
STU01372,APP01372,Aarav,Chavan,Male,18,Goregaon,Open,92.51,72.4,76.14,74.74,77.77,Computer Engineering,2026-03-24,Education Portal,Submitted,Eligible,Verified,2026-04-08,1765.0,Allocated,Paid,Confirmed,2026-04-17,24.0
STU01530,APP01530,Dhruv,Shinde,Male,18,Mira Road,EWS,84.03,94.19,96.06,78.52,92.02,Mechanical Engineering,2026-03-29,Education Portal,Submitted,Eligible,Verified,2026-04-11,939.0,Allocated,Paid,Confirmed,2026-04-18,20.0
STU01664,APP01664,Yash,Kumar,Male,18,Badlapur,SC,79.62,71.62,71.41,72.71,75.07,Artificial Intelligence & Data Science,2026-02-07,Education Portal,Submitted,Not Eligible,Verified,2026-02-16,,Not Allocated,Not Paid,Not Confirmed,,
STU01355,APP01355,Karan,Joshi,Male,18,Panvel,Open,78.96,70.57,74.25,72.76,77.37,Computer Engineering,2026-05-11,Social Media,Submitted,Not Eligible,Verified,2026-05-13,,Not Allocated,Not Paid,Not Confirmed,,
STU01946,APP01946,Aryan,Chavan,Female,19,Panvel,SC,62.12,69.42,68.44,59.2,64.09,Information Technology,2026-06-07,Social Media,Submitted,Not Eligible,Pending,,,Not Allocated,Not Paid,Not Confirmed,,
STU01921,APP01921,Akash,Chavan,Female,20,Navi Mumbai,OBC,80.33,85.51,79.53,71.6,73.54,Computer Engineering,2026-01-07,Social Media,Submitted,Eligible,Verified,2026-01-18,2256.0,Allocated,Pending,Not Confirmed,,
STU01644,APP01644,Ayush,Jadhav,Female,18,Navi Mumbai,Open,80.8,63.32,63.96,71.38,76.86,Mechanical Engineering,2026-04-25,Google Search,Withdrawn,Not Eligible,Not Submitted,,,Not Allocated,Not Paid,Not Confirmed,,
STU01868,APP01868,Varun,Yadav,Female,18,Navi Mumbai,Open,64.28,71.97,69.94,65.4,69.05,Artificial Intelligence & Data Science,2026-06-24,Friend/Family,Submitted,Not Eligible,Verified,2026-07-07,,Not Allocated,Not Paid,Not Confirmed,,
STU00796,APP00796,Aditya,Kulkarni,Male,20,Borivali,Open,80.13,74.26,81.12,81.8,87.5,Information Technology,2026-02-11,College Website,Submitted,Eligible,Verified,2026-02-16,1292.0,Allocated,Paid,Confirmed,2026-02-18,7.0
STU00646,APP00646,Aman,Kumar,Male,18,Goregaon,OBC,73.2,56.1,53.4,52.26,59.63,Information Technology,2026-02-10,College Website,Submitted,Not Eligible,Pending,,,Not Allocated,Not Paid,Not Confirmed,,
STU01013,APP01013,Mohit,More,Female,18,Borivali,Open,73.96,71.94,,51.58,60.38,Electronics Engineering,2026-07-12,College Visit,Submitted,Not Eligible,Incomplete,,,Not Allocated,Not Paid,Not Confirmed,,
STU01858,APP01858,Pooja,Joshi,Female,18,Thane,Open,83.1,77.02,78.26,72.66,77.29,Electronics Engineering,2026-01-12,College Website,Submitted,Eligible,Verified,2026-01-27,1965.0,Allocated,Paid,Confirmed,2026-01-29,17.0
STU00557,APP00557,Varun,Tiwari,Male,17,Navi Mumbai,OBC,82.43,76.41,73.47,72.96,71.73,Mechanical Engineering,2026-04-26,College Website,Submitted,Not Eligible,Verified,2026-05-10,,Not Allocated,Not Paid,Not Confirmed,,
STU00682,APP00682,Yash,Kulkarni,Female,18,Bhiwandi,Open,78.47,93.67,89.41,73.42,74.92,Computer Engineering,2026-07-21,Friend/Family,Under Review,Eligible,Verified,2026-07-28,2250.0,Allocated,Pending,Not Confirmed,,
STU00578,APP00578,Krishna,Yadav,Female,18,Kalyan,Open,82.16,62.64,65.54,82.8,76.26,Artificial Intelligence & Data Science,2026-07-30,Friend/Family,Submitted,Not Eligible,Incomplete,,,Not Allocated,Not Paid,Not Confirmed,,
STU01110,APP01110,Aarav,Naik,Female,18,Mira Road,OBC,82.69,80.6,87.5,65.29,72.88,Artificial Intelligence & Data Science,2026-06-30,Social Media,Submitted,Eligible,Verified,2026-07-09,2357.0,Allocated,Paid,Confirmed,2026-07-19,19.0
STU01267,APP01267,Dhruv,Tiwari,female,18,Andheri,Open,66.07,97.0,88.75,71.23,74.91,Information Technology,2026-06-21,Education Portal,Submitted,Eligible,Verified,2026-07-02,2170.0,Allocated,Paid,Confirmed,2026-07-05,14.0
STU01723,APP01723,Dhruv,Singh,Female,18,Dombivli,EWS,77.98,88.86,91.19,81.85,93.5,Information Technology,2026-05-14,Friend/Family,Submitted,Eligible,Verified,2026-05-16,686.0,Not Allocated,Not Paid,Not Confirmed,,
STU01184,APP01184,Mohit,Singh,Male,18,Badlapur,EWS,62.65,91.53,85.08,67.5,77.89,Computer Engineering,2026-05-08,College Visit,Submitted,Eligible,Verified,2026-05-22,1939.0,Allocated,Paid,Confirmed,2026-05-25,17.0
STU00525,APP00525,Ananya,Jadhav,Female,21,Badlapur,Open,70.26,67.89,74.22,69.7,70.58,Computer Engineering,2026-06-25,Friend/Family,Submitted,Not Eligible,Incomplete,,,Not Allocated,Not Paid,Not Confirmed,,
STU01060,APP01060,Tanmay,More,Female,18,Bhiwandi,Open,75.33,61.81,58.38,63.0,64.95,Computer Engineering,2026-01-02,College Visit,Submitted,Not Eligible,Pending,,,Not Allocated,Not Paid,Not Confirmed,,
STU00541,APP00541,Aarav,Mehta,Female,18,Mumbai,OBC,71.34,62.65,61.11,65.6,68.04,Electronics Engineering,2026-03-26,College Visit,Submitted,Not Eligible,Verified,2026-03-31,,Not Allocated,Not Paid,Not Confirmed,,
STU01195,APP01195,Varun,Yadav,Male,18,Goregaon,Open,87.95,51.23,49.4,63.97,60.19,Information Technology,2026-04-16,Social Media,Submitted,Not Eligible,Pending,,,Not Allocated,Not Paid,Not Confirmed,,
STU01679,APP01679,Tanmay,Chavan,Male,19,Andheri,EWS,85.04,73.21,79.31,62.95,68.71,Computer Engineering,2026-02-16,Education Portal,Submitted,Eligible,Verified,2026-03-01,2262.0,Allocated,Paid,Confirmed,2026-03-06,18.0
STU00749,APP00749,Pranav,Patil,Male,18,Thane,Open,98.0,80.37,80.74,85.28,79.12,Mechanical Engineering,2026-05-04,Friend/Family,Under Review,Eligible,Verified,2026-05-08,1923.0,Allocated,Paid,Confirmed,2026-05-09,5.0
STU01871,APP01871,Rahul,Kulkarni,Male,19,Panvel,ST,94.19,67.47,67.66,54.62,63.99,Electronics Engineering,2026-01-21,Google Search,Under Review,Not Eligible,Verified,2026-02-04,,Not Allocated,Not Paid,Not Confirmed,,
STU01431,APP01431,Dhruv,Yadav,Female,19,Goregaon,SC,79.5,90.61,88.17,79.66,80.71,Electronics Engineering,2026-02-18,Education Portal,Under Review,Eligible,Verified,2026-03-04,1833.0,Allocated,Paid,Confirmed,2026-03-08,18.0
STU00485,APP00485,Rahul,Yadav,Male,18,Virar,OBC,78.92,71.17,64.05,49.99,51.67,Electronics Engineering,2026-06-03,College Visit,Submitted,Not Eligible,Pending,,,Not Allocated,Not Paid,Not Confirmed,,
STU01758,APP01758,Ayush,Gupta,Male,21,Mira Road,OBC,72.92,61.43,68.33,68.28,72.99,Mechanical Engineering,2026-07-03,Social Media,Submitted,Not Eligible,Verified,2026-07-11,,Not Allocated,Not Paid,Not Confirmed,,
STU00096,APP00096,Aarav,Kulkarni,Male,18,Thane,Open,83.7,72.37,74.71,76.78,76.26,Artificial Intelligence & Data Science,2026-06-14,Education Portal,Submitted,Not Eligible,Pending,,,Not Allocated,Not Paid,Not Confirmed,,
STU01021,APP01021,Aman,Mishra,Female,20,Kalyan,OBC,83.73,71.25,69.12,73.01,73.84,Computer Engineering,2026-07-05,Social Media,Submitted,Not Eligible,Pending,,,Not Allocated,Not Paid,Not Confirmed,,
STU00564,APP00564,Sakshi,Naik,Female,18,Mira Road,Open,78.45,82.32,79.83,73.15,72.54,Electronics Engineering,2026-03-14,Social Media,Submitted,Eligible,Pending,,2044.0,Not Allocated,Not Paid,Not Confirmed,,
STU01265,APP01265,Sakshi,Mishra,Male,18,Andheri,EWS,58.88,69.1,74.96,78.18,80.1,Information Technology,2026-02-16,Advertisement,Submitted,Not Eligible,Pending,,,Not Allocated,Not Paid,Not Confirmed,,
STU00743,APP00743,Pooja,Sharma,Female,18,Thane,ST,86.79,64.68,60.28,65.47,69.29,Information Technology,2026-02-25,Education Portal,Under Review,Not Eligible,Incomplete,,,Not Allocated,Not Paid,Not Confirmed,,
STU00864,APP00864,Aarav,More,Male,20,Kalyan,ST,84.91,63.43,68.59,66.13,67.08,Artificial Intelligence & Data Science,2026-03-22,College Website,Submitted,Not Eligible,Incomplete,,,Not Allocated,Not Paid,Not Confirmed,,
STU01599,APP01599,Neha,Kumar,Female,18,Thane,EWS,84.27,51.81,52.25,55.17,53.18,Computer Engineering,2026-05-05,College Website,Submitted,Not Eligible,Incomplete,,,Not Allocated,Not Paid,Not Confirmed,,
STU01715,APP01715,Mohit,Jadhav,FEMALE,18,Kalyan,Open,88.73,64.04,54.77,61.32,65.83,Electronics Engineering,2026-01-06,Advertisement,Submitted,Not Eligible,Incomplete,,,Not Allocated,Not Paid,Not Confirmed,,
STU01485,APP01485,Atharva,Chavan,Male,19,Panvel,Open,84.44,85.12,81.27,72.43,79.13,Computer Engineering,2026-03-05,Social Media,Submitted,Eligible,Pending,,1607.0,Not Allocated,Not Paid,Not Confirmed,,
STU00892,APP00892,Atharva,Kulkarni,Male,18,Badlapur,Open,98.0,70.57,75.63,67.99,74.87,Mechanical Engineering,2026-05-05,Advertisement,Under Review,Eligible,Incomplete,,2065.0,Not Allocated,Not Paid,Not Confirmed,,
STU01578,APP01578,Sakshi,More,Female,18,Thane,Open,79.26,66.45,65.15,65.98,76.25,Information Technology,2026-05-16,Social Media,Submitted,Not Eligible,Pending,,,Not Allocated,Not Paid,Not Confirmed,,
STU01039,APP01039,Tanmay,Mishra,Female,18,Mira Road,EWS,83.0,73.73,72.01,74.54,84.66,Computer Engineering,2026-02-21,Google Search,Submitted,Not Eligible,Verified,2026-03-03,,Not Allocated,Not Paid,Not Confirmed,,
STU00207,APP00207,Rahul,Naik,Male,18,Panvel,Open,77.2,72.3,71.26,79.65,81.48,Computer Engineering,2026-06-18,Advertisement,Withdrawn,Not Eligible,Not Submitted,,,Not Allocated,Not Paid,Not Confirmed,,
STU00393,APP00393,Nikhil,More,Male,19,Virar,OBC,77.03,85.99,93.6,85.59,88.07,Mechanical Engineering,2026-07-28,Friend/Family,Submitted,Eligible,Verified,2026-08-09,1056.0,Allocated,Pending,Not Confirmed,,
STU00795,APP00795,Vikas,Mehta,Female,18,Andheri,Open,85.87,76.78,77.51,58.2,68.5,Mechanical Engineering,2026-05-05,Social Media,Under Review,Eligible,Verified,2026-05-11,2493.0,Not Allocated,Not Paid,Not Confirmed,,
STU00871,APP00871,Krishna,Chavan,Male,19,Goregaon,Open,82.13,73.05,71.6,68.41,72.13,Electronics Engineering,2026-07-17,Google Search,Submitted,Not Eligible,Pending,,,Not Allocated,Not Paid,Not Confirmed,,
STU00398,APP00398,Nikhil,Verma,Male,18,Mira Road,EWS,84.7,60.92,56.29,56.27,62.3,Computer Engineering,2026-01-03,Friend/Family,Submitted,Not Eligible,Verified,2026-01-07,,Not Allocated,Not Paid,Not Confirmed,,
STU00767,APP00767,Yash,Mehta,Female,18,Kalyan,Open,71.24,77.39,76.75,73.62,77.27,Electronics Engineering,2026-01-09,Advertisement,Submitted,Eligible,Verified,2026-01-20,1853.0,Allocated,Paid,Confirmed,2026-01-24,15.0
STU01860,APP01860,Atharva,Shinde,Male,19,Navi Mumbai,Open,80.22,69.46,71.98,59.79,70.69,Information Technology,2026-07-06,Education Portal,Submitted,Not Eligible,Pending,,,Not Allocated,Not Paid,Not Confirmed,,
STU01242,APP01242,Arjun,Patil,Female,18,Dombivli,SC,66.4,75.8,69.92,52.66,62.5,Information Technology,2026-02-11,Friend/Family,Under Review,Not Eligible,Pending,,,Not Allocated,Not Paid,Not Confirmed,,
STU01029,APP01029,Arjun,Mishra,Male,21,Vasai,Open,82.83,63.5,69.23,51.43,57.02,Electronics Engineering,2026-02-21,College Visit,Submitted,Not Eligible,Pending,,,Not Allocated,Not Paid,Not Confirmed,,
STU01793,APP01793,Neha,Jadhav,Female,19,Kalyan,ST,70.48,95.23,96.58,76.38,80.41,Artificial Intelligence & Data Science,2026-01-18,Social Media,Submitted,Eligible,Verified,2026-01-26,1456.0,Allocated,Paid,Confirmed,2026-02-05,18.0
STU00643,APP00643,Arjun,Deshmukh,Female,19,Vasai,Open,81.24,66.89,71.97,54.78,64.47,Artificial Intelligence & Data Science,2026-06-09,Social Media,Submitted,Not Eligible,Pending,,,Not Allocated,Not Paid,Not Confirmed,,
STU01912,APP01912,Manav,Mishra,Male,18,Vasai,Open,78.09,86.46,94.01,96.46,96.76,Information Technology,2026-01-03,Education Portal,Submitted,Eligible,Pending,,245.0,Not Allocated,Not Paid,Not Confirmed,,
STU00613,APP00613,Atharva,More,Female,19,Andheri,Open,97.7,73.66,67.58,72.21,75.07,Computer Engineering,2026-03-26,Social Media,Submitted,Not Eligible,Pending,,,Not Allocated,Not Paid,Not Confirmed,,
STU01763,APP01763,Neha,Pawar,Female,19,Dombivli,Open,78.3,74.33,74.91,75.53,76.69,Information Technology,2026-06-04,Advertisement,Submitted,Not Eligible,Incomplete,,,Not Allocated,Not Paid,Not Confirmed,,
STU00961,APP00961,Dhruv,Mishra,Male,19,Dombivli,Open,84.6,70.87,70.3,59.52,56.3,Electronics Engineering,2026-02-08,Google Search,Under Review,Not Eligible,Incomplete,,,Not Allocated,Not Paid,Not Confirmed,,
STU01571,APP01571,Karan,Mishra,Male,18,Dombivli,Open,73.47,63.32,72.19,78.66,,Electronics Engineering,2026-06-23,Education Portal,Submitted,Not Eligible,Incomplete,,,Not Allocated,Not Paid,Not Confirmed,,
STU00726,APP00726,Mohit,Kumar,Female,21,Bhiwandi,Open,71.28,73.24,71.88,63.72,66.5,Electronics Engineering,2026-02-27,Advertisement,Withdrawn,Not Eligible,Not Submitted,,,Not Allocated,Not Paid,Not Confirmed,,
STU00684,APP00684,Varun,Mishra,Male,18,Mira Road,Open,70.44,89.9,84.52,66.32,71.21,Artificial Intelligence & Data Science,2026-06-30,Friend/Family,Submitted,Eligible,Incomplete,,2347.0,Not Allocated,Not Paid,Not Confirmed,,
STU00099,APP00099,Ayush,Chavan,Female,19,Goregaon,SC,87.6,87.69,,82.12,87.15,Information Technology,2026-01-21,Education Portal,Submitted,Eligible,Verified,2026-01-23,1283.0,Allocated,Paid,Confirmed,2026-01-29,8.0
STU00805,APP00805,Varun,Sharma,Male,19,Borivali,Open,87.54,70.45,74.6,80.72,77.69,Information Technology,2026-03-02,Friend/Family,Submitted,Not Eligible,Pending,,,Not Allocated,Not Paid,Not Confirmed,,
STU01752,APP01752,Vikas,Gupta,Male,20,Thane,ST,68.27,76.76,77.71,83.32,81.41,Artificial Intelligence & Data Science,2026-03-29,Social Media,Submitted,Eligible,Verified,2026-04-07,1616.0,Allocated,Paid,Confirmed,2026-04-08,10.0
STU01598,APP01598,Aarav,Singh,Female,19,Vasai,Open,89.53,82.84,85.48,-10.0,85.75,Electronics Engineering,2026-02-20,College Website,Submitted,Eligible,Incomplete,,1268.0,Not Allocated,Not Paid,Not Confirmed,,
STU00407,APP00407,Rahul,Pawar,Female,18,Vasai,SC,69.04,94.27,87.65,74.23,77.78,Information Technology,2026-02-28,Social Media,Submitted,Eligible,Incomplete,,1839.0,Not Allocated,Not Paid,Not Confirmed,,
STU00503,APP00503,Aditya,Verma,Male,21,,Open,75.5,88.91,90.6,84.8,90.17,Artificial Intelligence & Data Science,2026-02-10,Social Media,Submitted,Eligible,Verified,2026-02-24,741.0,Allocated,Paid,Confirmed,2026-02-26,16.0
STU01072,APP01072,Karan,Joshi,Male,18,Vasai,ST,77.73,76.59,71.68,70.89,68.76,Information Technology,2026-07-04,Google Search,Withdrawn,Not Eligible,Not Submitted,,,Not Allocated,Not Paid,Not Confirmed,,
STU01057,APP01057,Rohan,Kumar,Male,18,Navi Mumbai,obc,67.61,63.17,61.49,73.67,79.24,Electronics Engineering,2026-06-13,Social Media,Submitted,Not Eligible,Verified,2026-06-23,,Not Allocated,Not Paid,Not Confirmed,,
STU00930,APP00930,Aditya,Kumar,Male,19,Mira Road,SC,73.45,82.39,89.18,81.24,82.79,Computer Engineering,2026-05-28,Advertisement,Submitted,Eligible,Verified,2026-06-08,1357.0,Allocated,Paid,Confirmed,2026-06-10,13.0
STU00780,APP00780,Ishaan,Jadhav,Female,18,Navi Mumbai,SC,77.6,70.38,70.61,64.37,75.22,Mechanical Engineering,2026-07-11,Friend/Family,Under Review,Not Eligible,Verified,2026-07-16,,Not Allocated,Not Paid,Not Confirmed,,
STU01864,APP01864,Nikhil,Jadhav,MALE,19,Dombivli,Open,81.38,80.35,79.83,65.81,79.31,Information Technology,2026-05-06,Education Portal,Submitted,Eligible,Incomplete,,1796.0,Not Allocated,Not Paid,Not Confirmed,,
STU00201,APP00201,Akash,Yadav,Female,17,Thane,OBC,79.86,83.59,85.12,78.71,82.61,Computer Engineering,2026-07-10,Friend/Family,Submitted,Eligible,Verified,2026-07-17,1633.0,Allocated,Paid,Confirmed,2026-07-18,8.0
STU00135,APP00135,Neha,Naik,Female,18,Vasai,OBC,98.0,63.62,65.72,58.14,62.69,Computer Engineering,2026-01-21,College Visit,Submitted,Not Eligible,Pending,,,Not Allocated,Not Paid,Not Confirmed,,
STU01052,APP01052,Dhruv,Kulkarni,Female,18,Thane,Open,86.78,85.88,82.78,72.15,71.77,Computer Engineering,2026-06-25,College Visit,Submitted,Eligible,Verified,2026-07-05,2047.0,Allocated,Paid,Confirmed,2026-07-09,14.0
STU00041,APP00041,Tanmay,Sharma,Male,21,,Open,91.06,85.59,94.2,77.71,78.13,Computer Engineering,2026-03-02,Google Search,Submitted,Eligible,Incomplete,,1739.0,Not Allocated,Not Paid,Not Confirmed,,
STU01018,APP01018,Ayush,Tiwari,Female,20,Vasai,SC,79.25,95.09,90.94,81.9,81.31,Computer Engineering,2026-07-17,Friend/Family,Submitted,Eligible,Verified,2026-07-30,1432.0,Allocated,Paid,Confirmed,2026-08-09,23.0
STU00231,APP00231,Ananya,Patil,Female,17,Thane,Open,78.2,81.47,76.75,80.03,81.23,Artificial Intelligence & Data Science,2026-07-27,Advertisement,Withdrawn,Eligible,Not Submitted,,1489.0,Not Allocated,Not Paid,Not Confirmed,,
STU01514,APP01514,Mohit,Deshmukh,Female,19,Badlapur,Open,69.21,91.53,91.69,74.99,77.42,Artificial Intelligence & Data Science,2026-04-05,Friend/Family,Withdrawn,Eligible,Not Submitted,,2036.0,Not Allocated,Not Paid,Not Confirmed,,
STU01797,APP01797,Nikhil,Yadav,Female,21,Bhiwandi,SC,81.2,97.0,96.4,86.2,86.97,Computer Engineering,2026-02-24,Google Search,Under Review,Eligible,Verified,2026-03-04,1170.0,Allocated,Pending,Not Confirmed,,
STU00379,APP00379,Shreya,Verma,Male,18,Borivali,Open,93.26,94.97,95.6,87.14,90.99,Artificial Intelligence & Data Science,2026-06-04,Friend/Family,Submitted,Eligible,Incomplete,,735.0,Not Allocated,Not Paid,Not Confirmed,,
STU00289,APP00289,Tanmay,Singh,Male,19,Dombivli,Open,70.64,69.9,65.85,62.72,72.45,Artificial Intelligence & Data Science,2026-12-02,Google Search,Under Review,Not Eligible,Incomplete,,,Not Allocated,Not Paid,Not Confirmed,,
STU00419,APP00419,Aryan,Mishra,Male,18,Navi Mumbai,SC,88.77,61.24,59.72,60.12,62.11,Electronics Engineering,2026-03-19,College Website,Submitted,Not Eligible,Verified,2026-03-27,,Not Allocated,Not Paid,Not Confirmed,,
STU01699,APP01699,Neha,Kadam,Female,19,Vasai,Open,82.41,74.01,77.82,75.24,77.82,Mechanical Engineering,2026-07-21,Google Search,Submitted,Eligible,Verified,2026-07-28,1701.0,Allocated,Paid,Confirmed,2026-08-04,14.0
STU00392,APP00392,Nikhil,Chavan,Male,18,Mumbai,Open,61.49,76.71,71.54,59.17,66.15,Information Technology,2026-05-16,Friend/Family,Under Review,Not Eligible,Verified,2026-05-22,,Not Allocated,Not Paid,Not Confirmed,,
STU00593,APP00593,Varun,Mehta,Male,20,Navi Mumbai,SC,65.3,84.03,84.99,71.46,83.19,Information Technology,2026-02-19,Advertisement,Submitted,Eligible,Verified,2026-02-24,1605.0,Allocated,Pending,Not Confirmed,,
STU01523,APP01523,Sakshi,Kulkarni,F,21,Panvel,OBC,89.64,68.25,68.75,59.57,64.03,Computer Engineering,2026-02-19,Friend/Family,Submitted,Not Eligible,Verified,2026-02-23,,Not Allocated,Not Paid,Not Confirmed,,
STU01163,APP01163,Ishaan,Jadhav,Female,18,Kalyan,Open,78.42,83.49,89.47,77.19,82.07,Mechanical Engineering,2026-06-02,Advertisement,Submitted,Eligible,Verified,2026-06-10,1318.0,Allocated,Paid,Confirmed,2026-06-17,15.0
STU01087,APP01087,Vikas,Deshmukh,Male,19,Virar,OBC,66.16,71.34,74.63,64.89,72.83,Artificial Intelligence & Data Science,2026-06-22,Social Media,Submitted,Not Eligible,Pending,,,Not Allocated,Not Paid,Not Confirmed,,
STU01496,APP01496,Shreya,Joshi,Female,18,Mira Road,ST,59.8,67.79,69.55,72.92,75.87,Artificial Intelligence & Data Science,2026-06-26,Social Media,Submitted,Not Eligible,Incomplete,,,Not Allocated,Not Paid,Not Confirmed,,
STU00648,APP00648,Shreya,Joshi,Male,18,Goregaon,OBC,61.14,88.52,89.17,80.97,84.89,Information Technology,2026-06-25,Advertisement,Submitted,Eligible,Verified,2026-07-08,1556.0,Allocated,Pending,Not Confirmed,,
STU01153,APP01153,Vikas,Naik,Male,18,Borivali,Open,73.63,64.91,67.96,76.93,77.12,Electronics Engineering,2026-01-26,Google Search,Submitted,Not Eligible,Pending,,,Not Allocated,Not Paid,Not Confirmed,,
STU01368,APP01368,Aryan,Kulkarni,Male,19,Goregaon,Open,80.79,76.75,,84.04,86.1,Electronics Engineering,2026-03-13,College Visit,Under Review,Eligible,Verified,2026-03-23,1226.0,Allocated,Paid,Confirmed,2026-03-27,14.0
STU00521,APP00521,Aditya,Jadhav,Female,18,Navi Mumbai,OBC,80.35,86.23,85.43,69.95,71.54,Electronics Engineering,2026-01-24,Friend/Family,Submitted,Eligible,Verified,2026-01-29,2488.0,Allocated,Paid,Confirmed,2026-02-07,14.0
STU01863,APP01863,Tanmay,Sharma,Male,18,,Open,61.9,80.49,76.77,75.48,72.79,Computer Engineering,2026-01-28,Friend/Family,Submitted,Eligible,Verified,2026-02-06,2098.0,Allocated,Paid,Confirmed,2026-02-16,19.0
STU01881,APP01881,Aman,Patil,Female,18,Virar,SC,80.21,81.59,83.95,68.05,68.16,Computer Engineering,2026-02-27,Friend/Family,Submitted,Eligible,Incomplete,,2408.0,Not Allocated,Not Paid,Not Confirmed,,
STU00065,APP00065,Yash,Deshmukh,Female,19,Andheri,Open,79.49,81.69,78.19,70.25,71.8,Artificial Intelligence & Data Science,2026-06-21,Advertisement,Under Review,Eligible,Pending,,2351.0,Not Allocated,Not Paid,Not Confirmed,,
STU01837,APP01837,Manav,Patil,Male,18,Mumbai,OBC,84.85,74.38,74.2,69.81,79.36,Computer Engineering,2026-03-11,Advertisement,Submitted,Not Eligible,Incomplete,,,Not Allocated,Not Paid,Not Confirmed,,
STU00015,APP00015,Dhruv,Kulkarni,Female,18,Thane,SC,69.09,70.34,70.74,57.46,67.01,Artificial Intelligence & Data Science,2026-02-24,College Visit,Submitted,Not Eligible,Pending,,,Not Allocated,Not Paid,Not Confirmed,,
STU01181,APP01181,Dhruv,Gupta,Male,17,Virar,Open,69.25,67.05,69.95,61.1,63.47,Artificial Intelligence & Data Science,2026-03-25,College Website,Submitted,Not Eligible,Verified,2026-04-03,,Not Allocated,Not Paid,Not Confirmed,,
STU01065,APP01065,Pranav,Mishra,Male,17,Thane,ST,63.7,79.99,79.9,71.55,79.58,Computer Engineering,2026-07-09,College Website,Under Review,Eligible,Verified,2026-07-19,1520.0,Allocated,Pending,Not Confirmed,,
STU00493,APP00493,Shreya,Chavan,Female,18,Borivali,ST,80.64,68.57,68.37,69.38,72.4,Information Technology,2026-04-13,College Website,Submitted,Not Eligible,Verified,2026-04-25,,Not Allocated,Not Paid,Not Confirmed,,
STU00380,APP00380,Karan,Shinde,Female,19,Andheri,Open,65.97,59.62,60.1,63.9,66.71,Computer Engineering,2026-03-14,Education Portal,Submitted,Not Eligible,Pending,,,Not Allocated,Not Paid,Not Confirmed,,
STU00188,APP00188,Aryan,Tiwari,Male,20,Goregaon,Open,83.85,78.53,78.28,65.86,73.29,Computer Engineering,2026-03-01,Social Media,Submitted,Eligible,Pending,,2266.0,Not Allocated,Not Paid,Not Confirmed,,
STU00764,APP00764,Sakshi,Kulkarni,Female,18,Panvel,SC,77.54,79.21,,75.6,87.8,Artificial Intelligence & Data Science,2026-06-17,College Visit,Submitted,Eligible,Pending,,1001.0,Not Allocated,Not Paid,Not Confirmed,,
STU00217,APP00217,Neha,Naik,Female,17,Thane,EWS,86.58,81.13,84.03,74.57,81.2,Electronics Engineering,2026-04-12,Advertisement,Submitted,Eligible,Verified,2026-04-25,1337.0,Allocated,Paid,Confirmed,2026-05-03,21.0
STU00792,APP00792,Arjun,Tiwari,Male,18,Panvel,Open,71.75,79.36,76.41,80.49,80.66,Artificial Intelligence & Data Science,2026-06-25,Google Search,Submitted,Eligible,Incomplete,,1770.0,Not Allocated,Not Paid,Not Confirmed,,
STU01077,APP01077,Neha,Verma,Male,18,Panvel,SC,76.32,76.95,72.83,62.56,73.09,Computer Engineering,2026-05-02,Advertisement,Submitted,Not Eligible,Verified,2026-05-11,,Not Allocated,Not Paid,Not Confirmed,,
STU00879,APP00879,Neha,Shinde,Male,21,Thane,Open,79.65,66.08,66.5,59.62,69.09,Artificial Intelligence & Data Science,2026-03-10,Advertisement,Submitted,Not Eligible,Pending,,,Not Allocated,Not Paid,Not Confirmed,,
STU00338,APP00338,Aarav,More,Male,20,Badlapur,Open,71.77,68.93,72.35,82.59,82.43,Artificial Intelligence & Data Science,2026-03-14,Education Portal,Submitted,Not Eligible,Incomplete,,,Not Allocated,Not Paid,Not Confirmed,,
STU01773,APP01773,Aarav,Tiwari,Male,18,Vasai,Open,62.39,79.37,84.42,98.44,99.73,Artificial Intelligence & Data Science,2026-03-14,Google Search,Submitted,Eligible,Incomplete,,449.0,Not Allocated,Not Paid,Not Confirmed,,
STU00720,APP00720,Arjun,Sharma,Female,18,Kalyan,Open,79.99,73.12,125.0,60.73,70.43,Artificial Intelligence & Data Science,2026-07-21,Google Search,Submitted,Not Eligible,Pending,,,Not Allocated,Not Paid,Not Confirmed,,
STU01749,APP01749,Karan,Singh,Female,19,Andheri,Open,75.1,83.07,88.14,77.98,77.37,Mechanical Engineering,2026-01-06,Education Portal,Submitted,Eligible,Verified,2026-01-09,1834.0,Not Allocated,Not Paid,Not Confirmed,,
STU00296,APP00296,Dev,More,Female,18,Kalyan,EWS,79.43,82.26,85.8,71.45,74.69,Information Technology,2026-07-26,Advertisement,Submitted,Eligible,Verified,2026-08-07,1979.0,Allocated,Paid,Confirmed,2026-08-09,14.0
STU01726,APP01726,Riya,Tiwari,Male,19,Badlapur,OBC,87.83,83.16,83.84,67.25,77.37,Mechanical Engineering,2026-07-28,Social Media,Submitted,Eligible,Verified,2026-07-30,1739.0,Allocated,Paid,Confirmed,2026-08-08,11.0
STU01017,APP01017,Varun,Pawar,Female,19,Dombivli,SC,74.44,79.09,84.79,83.18,87.68,Information Technology,2026-03-10,Advertisement,Submitted,Eligible,Pending,,913.0,Not Allocated,Not Paid,Not Confirmed,,
STU01276,APP01276,Ananya,Verma,Female,18,Mumbai,SC,63.1,89.49,86.38,86.43,90.59,Mechanical Engineering,2026-01-30,Google Search,Under Review,Eligible,Verified,2026-02-03,1037.0,Allocated,Paid,Confirmed,2026-02-11,12.0
STU01751,APP01751,Yash,Mishra,Male,18,Navi Mumbai,Open,72.49,67.88,71.68,62.31,62.74,Computer Engineering,2026-03-18,College Website,Submitted,Not Eligible,Pending,,,Not Allocated,Not Paid,Not Confirmed,,
STU01486,APP01486,Pooja,Mishra,Male,19,Dombivli,OBC,64.6,76.25,76.18,70.95,77.1,Mechanical Engineering,2026-07-20,Education Portal,Submitted,Eligible,Incomplete,,1644.0,Not Allocated,Not Paid,Not Confirmed,,
STU00456,APP00456,Shreya,Naik,Female,18,Virar,Open,82.32,72.07,69.19,71.13,68.52,Computer Engineering,2026-07-30,Advertisement,Submitted,Not Eligible,Verified,2026-08-01,,Not Allocated,Not Paid,Not Confirmed,,
DUP72190,APP00089,Ayush,Mishra,Male,20,Borivali,EWS,77.64,82.82,82.93,77.2,77.31,Computer Engineering,2026-03-15,Google Search,Submitted,Eligible,Verified,2026-03-21,1760.0,Allocated,Paid,Confirmed,2026-03-30,15.0
STU00816,APP00816,Ishaan,Chavan,Female,19,Navi Mumbai,Open,57.07,70.61,63.01,57.82,59.35,Computer Engineering,2026-03-19,College Website,Under Review,Not Eligible,Verified,2026-03-21,,Not Allocated,Not Paid,Not Confirmed,,
STU01887,APP01887,Aarav,Shinde,Female,18,Borivali,OBC,79.05,78.44,73.47,74.12,72.45,Artificial Intelligence & Data Science,2026-07-12,Advertisement,Submitted,Not Eligible,Incomplete,,,Not Allocated,Not Paid,Not Confirmed,,
STU00270,APP00270,Nikhil,More,Female,19,Thane,Open,84.49,95.93,92.86,78.36,78.86,Information Technology,2026-01-21,Social Media,Submitted,Eligible,Verified,2026-02-02,1631.0,Allocated,Paid,Confirmed,2026-02-12,22.0
STU00996,APP00996,Pranav,Sharma,Female,18,,Open,84.37,82.31,77.71,76.1,81.7,Mechanical Engineering,2026-07-07,Google Search,Under Review,Eligible,Verified,2026-07-20,1537.0,Allocated,Paid,Confirmed,2026-07-29,22.0
STU00202,APP00202,Pooja,Naik,Female,18,Mira Road,OBC,71.3,56.41,59.34,71.56,69.91,Electronics Engineering,2026-02-01,Education Portal,Submitted,Not Eligible,Pending,,,Not Allocated,Not Paid,Not Confirmed,,
STU00162,APP00162,Aman,Singh,Female,18,Navi Mumbai,OBC,86.1,88.88,87.19,71.55,81.21,Electronics Engineering,2026-06-27,Social Media,Submitted,Eligible,Verified,2026-06-29,1339.0,Allocated,Paid,Confirmed,2026-06-30,3.0
STU01580,APP01580,Aman,Patil,Male,19,Badlapur,Open,75.72,73.88,74.88,68.78,77.28,Information Technology,2026-07-12,Education Portal,Submitted,Not Eligible,Verified,2026-07-16,,Not Allocated,Not Paid,Not Confirmed,,
STU00730,APP00730,Arjun,Gupta,Male,18,Borivali,Open,82.36,57.26,58.0,50.44,60.38,Computer Engineering,2026-07-07,Education Portal,Under Review,Not Eligible,Incomplete,,,Not Allocated,Not Paid,Not Confirmed,,
STU00402,APP00402,Yash,Pawar,Male,18,Navi Mumbai,Open,85.85,73.96,81.19,74.3,73.79,Computer Engineering,2026-03-22,College Website,Under Review,Eligible,Verified,2026-03-27,2135.0,Allocated,Paid,Confirmed,2026-04-03,12.0
STU00703,APP00703,Arjun,Pawar,Male,18,Panvel,SC,77.43,90.15,110.0,66.17,73.76,Electronics Engineering,2026-07-30,Google Search,Submitted,Eligible,Verified,2026-08-05,2045.0,Allocated,Paid,Confirmed,2026-08-12,13.0
STU01501,APP01501,Vikas,Yadav,Male,20,Bhiwandi,ST,76.66,80.81,86.89,76.56,79.98,Information Technology,2026-02-12,Advertisement,Submitted,Eligible,Pending,,1620.0,Not Allocated,Not Paid,Not Confirmed,,
STU01846,APP01846,Pranav,Mishra,Male,18,Bhiwandi,Open,80.83,77.32,81.69,70.1,76.14,Electronics Engineering,2026-02-07,Friend/Family,Submitted,Eligible,Verified,2026-02-09,1765.0,Allocated,Pending,Not Confirmed,,
STU01796,APP01796,Riya,Mehta,Female,19,Badlapur,SC,74.32,88.15,91.57,71.98,78.26,Information Technology,2026-03-09,College Website,Withdrawn,Eligible,Not Submitted,,1996.0,Not Allocated,Not Paid,Not Confirmed,,
STU01130,APP01130,Vikas,More,Female,21,Navi Mumbai,SC,78.13,69.72,68.92,84.78,80.86,Electronics Engineering,2026-05-06,Friend/Family,Withdrawn,Not Eligible,Not Submitted,,,Not Allocated,Not Paid,Not Confirmed,,
STU00566,APP00566,Ananya,Patil,Female,18,Mumbai,Open,70.33,77.2,73.85,61.06,64.24,Information Technology,2026-04-20,College Website,Submitted,Not Eligible,Pending,,,Not Allocated,Not Paid,Not Confirmed,,
STU01414,APP01414,Vikas,Mehta,Female,21,Vasai,SC,85.69,61.48,65.63,57.65,65.52,Artificial Intelligence & Data Science,2026-05-13,Education Portal,Submitted,Not Eligible,Verified,2026-05-17,,Not Allocated,Not Paid,Not Confirmed,,
STU01022,APP01022,Ayush,Jadhav,Male,18,Mumbai,OBC,74.46,68.18,68.67,59.01,66.78,Computer Engineering,2026-06-08,College Website,Submitted,Not Eligible,Pending,,,Not Allocated,Not Paid,Not Confirmed,,
STU01026,APP01026,Dev,Mishra,Male,18,Mira Road,OBC,74.02,77.14,76.71,74.89,79.27,Information Technology,2026-04-27,Social Media,Submitted,Eligible,Verified,2026-05-11,1670.0,Allocated,Paid,Confirmed,2026-05-17,20.0
STU01412,APP01412,Varun,Kumar,Female,18,Kalyan,ST,66.2,96.44,92.54,85.11,89.71,Artificial Intelligence & Data Science,2026-07-06,College Website,Submitted,Eligible,Pending,,1122.0,Not Allocated,Not Paid,Not Confirmed,,
STU01896,APP01896,Akash,Jadhav,Male,18,Goregaon,Open,74.97,70.51,68.56,70.9,73.69,Information Technology,2026-05-14,Google Search,Submitted,Not Eligible,Verified,2026-05-20,,Not Allocated,Not Paid,Not Confirmed,,
STU01586,APP01586,Shreya,Deshmukh,Male,18,Mira Road,Open,70.55,81.96,81.75,75.5,80.7,Computer Engineering,2026-01-21,College Website,Submitted,Eligible,Verified,2026-02-03,1473.0,Not Allocated,Not Paid,Not Confirmed,,
STU01105,APP01105,Arjun,Kadam,Male,18,,OBC,83.0,95.86,98.0,77.25,80.31,Information Technology,2026-05-18,Social Media,Submitted,Eligible,Verified,2026-05-22,1877.0,Allocated,Paid,Confirmed,2026-05-25,7.0
STU00206,APP00206,Pooja,Shinde,Female,18,Goregaon,Open,71.58,75.74,76.86,66.59,68.31,Information Technology,2026-05-24,Advertisement,Submitted,Eligible,Verified,2026-06-08,2537.0,Allocated,Pending,Not Confirmed,,
STU00035,APP00035,Sneha,Chavan,Male,18,Thane,SC,84.14,72.9,74.2,68.25,71.43,Artificial Intelligence & Data Science,2026-01-25,Friend/Family,Submitted,Not Eligible,Verified,2026-02-02,,Not Allocated,Not Paid,Not Confirmed,,
STU00776,APP00776,Varun,Sharma,Female,18,Thane,EWS,61.02,76.53,79.99,75.37,72.28,Artificial Intelligence & Data Science,2026-03-08,College Website,Submitted,Eligible,Verified,2026-03-16,2265.0,Allocated,Paid,Confirmed,2026-03-20,12.0
STU00509,APP00509,Varun,More,F,18,Badlapur,Open,75.76,82.27,82.45,79.82,81.06,Computer Engineering,2026-01-23,College Visit,Submitted,Eligible,Verified,2026-02-01,1330.0,Allocated,Paid,Confirmed,2026-02-06,14.0
STU01452,APP01452,Yash,Verma,Female,18,Andheri,OBC,85.72,57.37,56.41,67.24,66.74,Mechanical Engineering,2026-05-22,College Website,Submitted,Not Eligible,Pending,,,Not Allocated,Not Paid,Not Confirmed,,
STU01479,APP01479,Rahul,More,Male,18,Kalyan,Open,64.38,62.95,68.09,62.55,65.75,Artificial Intelligence & Data Science,2026-07-07,Social Media,Submitted,Not Eligible,Incomplete,,,Not Allocated,Not Paid,Not Confirmed,,
STU01991,APP01991,Mohit,Tiwari,Male,19,Thane,Open,82.69,76.04,78.79,72.58,76.69,Mechanical Engineering,2026-02-06,Education Portal,Submitted,Eligible,Incomplete,,1947.0,Not Allocated,Not Paid,Not Confirmed,,
STU01391,APP01391,Rahul,Joshi,Female,18,Panvel,OBC,67.88,60.58,61.68,68.05,66.44,Computer Engineering,2026-05-19,Advertisement,Submitted,Not Eligible,Pending,,,Not Allocated,Not Paid,Not Confirmed,,
STU00092,APP00092,Krishna,Kulkarni,Male,19,Goregaon,Open,74.73,91.8,89.71,72.97,78.0,Information Technology,2026-07-15,College Visit,Submitted,Eligible,Verified,2026-07-23,1785.0,Allocated,Paid,Confirmed,2026-07-29,14.0
STU01364,APP01364,Karan,Kadam,Female,18,Bhiwandi,Open,87.16,83.59,79.14,81.08,85.55,Mechanical Engineering,2026-02-15,Advertisement,Submitted,Eligible,Verified,2026-03-01,1427.0,Allocated,Paid,Confirmed,2026-03-02,15.0
STU00898,APP00898,Riya,Kadam,Male,19,Bhiwandi,Open,66.01,73.45,74.44,67.59,73.99,Information Technology,2026-03-03,College Visit,Under Review,Not Eligible,Verified,2026-03-07,,Not Allocated,Not Paid,Not Confirmed,,
STU00565,APP00565,Aman,Patil,Female,20,Panvel,Open,76.88,73.89,76.88,81.28,75.98,Computer Engineering,2026-05-21,Advertisement,Under Review,Eligible,Incomplete,,1933.0,Not Allocated,Not Paid,Not Confirmed,,
STU01370,APP01370,Sakshi,Yadav,Male,18,Dombivli,Open,74.97,95.29,94.88,74.7,82.7,Electronics Engineering,2026-05-26,Advertisement,Submitted,Eligible,Verified,2026-05-31,1662.0,Allocated,Paid,Confirmed,2026-06-05,10.0
STU00777,APP00777,Riya,Shinde,Female,18,Bhiwandi,OBC,70.1,61.93,61.05,61.42,64.22,Computer Engineering,2026-04-01,College Visit,Under Review,Not Eligible,Pending,,,Not Allocated,Not Paid,Not Confirmed,,
STU00242,APP00242,Ishaan,Shinde,Female,19,Panvel,Open,66.58,71.63,71.37,79.7,84.93,Computer Engineering,2026-03-14,Advertisement,Submitted,Not Eligible,Verified,2026-03-27,,Not Allocated,Not Paid,Not Confirmed,,
STU00014,APP00014,Shreya,Patil,Male,18,Goregaon,OBC,80.71,68.25,71.34,67.59,65.32,Artificial Intelligence & Data Science,2026-01-09,Advertisement,Submitted,Not Eligible,Pending,,,Not Allocated,Not Paid,Not Confirmed,,
STU00316,APP00316,Pooja,Tiwari,Male,18,Borivali,OBC,74.18,67.85,65.66,70.12,75.86,Information Technology,2026-01-14,College Visit,Submitted,Not Eligible,Verified,2026-01-23,,Not Allocated,Not Paid,Not Confirmed,,
STU00601,APP00601,Rohan,Pawar,Female,18,Bhiwandi,ST,54.43,63.09,65.57,55.26,53.18,Mechanical Engineering,2026-03-31,Education Portal,Submitted,Not Eligible,Verified,2026-04-06,,Not Allocated,Not Paid,Not Confirmed,,
STU00388,APP00388,Arjun,Kumar,Female,18,Navi Mumbai,SC,72.38,82.87,88.74,69.02,72.8,Computer Engineering,2026-05-19,Friend/Family,Submitted,Eligible,Verified,2026-05-21,2173.0,Allocated,Paid,Confirmed,2026-05-23,4.0
STU01298,APP01298,Tanmay,Naik,Male,17,Virar,Open,91.17,89.85,91.44,76.63,76.17,Mechanical Engineering,2026-01-27,Google Search,Submitted,Eligible,Verified,2026-02-08,1729.0,Allocated,Paid,Confirmed,2026-02-14,18.0
STU00167,APP00167,Akash,Mishra,Female,18,Panvel,OBC,68.78,94.54,98.0,83.96,89.33,Electronics Engineering,2026-03-18,Friend/Family,Submitted,Eligible,Verified,2026-03-26,1100.0,Allocated,Paid,Confirmed,2026-03-31,13.0
STU00841,APP00841,Sneha,Joshi,Female,18,Borivali,SC,83.57,90.56,94.69,72.15,74.07,Computer Engineering,2026-02-19,College Website,Submitted,Eligible,Pending,,2168.0,Not Allocated,Not Paid,Not Confirmed,,
STU00021,APP00021,Varun,Sharma,Male,17,Mira Road,OBC,76.88,83.4,81.59,81.72,81.62,Information Technology,2026-05-18,Advertisement,Submitted,Eligible,Verified,2026-05-24,1680.0,Allocated,Pending,Not Confirmed,,
STU00647,APP00647,Krishna,Tiwari,Female,18,Andheri,EWS,89.32,80.06,79.12,68.72,68.98,Electronics Engineering,2026-05-26,Friend/Family,Submitted,Eligible,Verified,2026-06-04,2264.0,Allocated,Pending,Not Confirmed,,
STU01843,APP01843,Pranav,Singh,Male,21,Kalyan,OBC,68.23,84.81,83.68,78.18,81.66,Computer Engineering,2026-02-22,College Website,Under Review,Eligible,Verified,2026-03-03,1296.0,Allocated,Pending,Not Confirmed,,
STU01509,APP01509,Arjun,Jadhav,Female,18,Goregaon,Open,82.93,77.32,77.28,80.73,75.92,Artificial Intelligence & Data Science,2026-04-15,Education Portal,Submitted,Eligible,Pending,,2006.0,Not Allocated,Not Paid,Not Confirmed,,
STU01155,APP01155,Arjun,Mishra,Male,20,Navi Mumbai,OBC,79.13,74.18,74.24,65.9,73.99,Information Technology,2026-04-01,Education Portal,Under Review,Not Eligible,Verified,2026-04-09,,Not Allocated,Not Paid,Not Confirmed,,
STU01529,APP01529,Aman,Kumar,Female,17,Thane,EWS,76.28,59.41,54.11,51.52,52.2,Mechanical Engineering,2026-07-23,Friend/Family,Submitted,Not Eligible,Pending,,,Not Allocated,Not Paid,Not Confirmed,,
STU00832,APP00832,Aditya,Jadhav,Female,19,Borivali,Open,73.42,75.56,74.2,66.93,72.21,Information Technology,2026-07-17,College Website,Submitted,Not Eligible,Verified,2026-07-27,,Not Allocated,Not Paid,Not Confirmed,,
STU01268,APP01268,Aryan,Gupta,Male,18,Borivali,Open,74.71,95.52,95.83,89.61,92.19,Information Technology,2026-06-04,Social Media,Submitted,Eligible,Pending,,993.0,Not Allocated,Not Paid,Not Confirmed,,
STU01591,APP01591,Atharva,Mehta,Male,19,Panvel,Open,87.48,87.07,82.65,67.79,76.13,Artificial Intelligence & Data Science,2026-04-25,Google Search,Submitted,Eligible,Pending,,2016.0,Not Allocated,Not Paid,Not Confirmed,,
STU01900,APP01900,Karan,More,Male,18,Mumbai,Open,77.46,74.37,75.09,71.99,72.54,Information Technology,2026-03-13,Advertisement,Submitted,Eligible,Pending,,2235.0,Not Allocated,Not Paid,Not Confirmed,,
STU00563,APP00563,Aryan,Jadhav,Female,19,Borivali,EWS,81.92,84.44,86.01,71.45,81.87,Electronics Engineering,2026-05-22,Friend/Family,Submitted,Eligible,Incomplete,,1743.0,Not Allocated,Not Paid,Not Confirmed,,
STU01972,APP01972,Nikhil,Jadhav,Male,17,Panvel,Open,66.32,68.67,65.11,57.82,65.45,Computer Engineering,2026-06-06,Social Media,Submitted,Not Eligible,Incomplete,,,Not Allocated,Not Paid,Not Confirmed,,
STU00687,APP00687,Nikhil,Pawar,Male,20,Navi Mumbai,SC,86.28,86.19,83.81,65.61,73.44,Information Technology,2026-05-30,Advertisement,Submitted,Eligible,Pending,,1990.0,Not Allocated,Not Paid,Not Confirmed,,
STU00958,APP00958,Aman,Sharma,Female,18,Mumbai,Open,74.18,70.86,74.45,81.63,80.93,Computer Engineering,2026-06-25,Advertisement,Submitted,Not Eligible,Incomplete,,,Not Allocated,Not Paid,Not Confirmed,,
STU00190,APP00190,Ayush,Gupta,Male,18,Mira Road,OBC,87.77,66.89,67.26,51.8,55.77,Artificial Intelligence & Data Science,2026-01-07,Google Search,Submitted,Not Eligible,Verified,2026-01-09,,Not Allocated,Not Paid,Not Confirmed,,
STU01807,APP01807,Ananya,Sharma,Female,18,Bhiwandi,Open,73.46,77.78,81.13,68.85,75.26,Mechanical Engineering,2026-03-27,College Website,Submitted,Eligible,Verified,2026-03-31,2230.0,Allocated,Pending,Not Confirmed,,
STU00976,APP00976,Rahul,Yadav,Female,18,Virar,ews,89.96,72.93,78.41,73.57,73.96,Electronics Engineering,2026-04-29,Education Portal,Submitted,Eligible,Verified,2026-05-10,2034.0,Allocated,Paid,Confirmed,2026-05-14,15.0
STU00700,APP00700,Shreya,Jadhav,Female,18,Goregaon,Open,90.03,76.45,78.58,65.35,70.32,Artificial Intelligence & Data Science,2026-01-27,Google Search,Submitted,Eligible,Verified,2026-02-06,2502.0,Allocated,Pending,Not Confirmed,,
STU01500,APP01500,Aarav,Singh,Male,18,Mira Road,OBC,84.81,80.99,,77.08,76.81,Artificial Intelligence & Data Science,2026-07-02,Education Portal,Submitted,Eligible,Verified,2026-07-10,1985.0,Allocated,Pending,Not Confirmed,,
STU01706,APP01706,Pranav,Deshmukh,Female,19,Thane,Open,78.66,80.21,78.93,72.17,73.01,Information Technology,2026-06-24,Education Portal,Submitted,Eligible,Verified,2026-07-04,2120.0,Allocated,Paid,Confirmed,2026-07-05,11.0
STU00511,APP00511,Mohit,Jadhav,Male,18,Navi Mumbai,EWS,66.89,85.58,81.89,68.98,77.91,Artificial Intelligence & Data Science,2026-01-02,Education Portal,Submitted,Eligible,Verified,2026-01-04,1666.0,Allocated,Paid,Confirmed,2026-01-05,3.0
STU01083,APP01083,Rohan,Mishra,Male,19,Vasai,SC,91.64,70.58,77.28,60.47,67.92,Computer Engineering,2026-04-29,Advertisement,Submitted,Eligible,Verified,2026-05-03,2693.0,Allocated,Pending,Not Confirmed,,
STU00475,APP00475,Akash,Joshi,Female,18,Thane,Open,59.43,72.83,76.59,78.97,74.92,Artificial Intelligence & Data Science,2026-04-06,Friend/Family,Submitted,Eligible,Verified,2026-04-18,1840.0,Allocated,Paid,Confirmed,2026-04-23,17.0
STU01585,APP01585,Rohan,Shinde,Female,18,Mira Road,Open,88.42,53.44,57.15,64.99,62.34,Information Technology,2026-01-23,Social Media,Submitted,Not Eligible,Verified,2026-01-31,,Not Allocated,Not Paid,Not Confirmed,,
STU00857,APP00857,Riya,Shinde,Male,20,Virar,Open,68.99,67.45,62.63,45.57,59.97,Artificial Intelligence & Data Science,2026-07-11,College Visit,Submitted,Not Eligible,Verified,2026-07-19,,Not Allocated,Not Paid,Not Confirmed,,
STU00748,APP00748,Yash,Mehta,Female,18,Goregaon,OBC,94.43,85.28,78.2,66.05,70.61,Computer Engineering,2026-02-08,College Visit,Submitted,Eligible,Verified,2026-02-11,2148.0,Allocated,Paid,Confirmed,2026-02-21,13.0
STU00253,APP00253,Ananya,Naik,Female,18,Thane,SC,72.98,65.0,66.76,71.64,73.48,Mechanical Engineering,2026-07-18,Social Media,Submitted,Not Eligible,Verified,2026-07-23,,Not Allocated,Not Paid,Not Confirmed,,
STU00022,APP00022,Aman,More,Female,19,Navi Mumbai,OBC,74.92,78.31,75.07,76.14,79.93,Electronics Engineering,2026-04-27,College Website,Submitted,Eligible,Verified,2026-05-10,1853.0,Allocated,Paid,Confirmed,2026-05-19,22.0
STU01338,APP01338,Neha,Jadhav,Female,20,Virar,SC,92.57,71.18,73.21,70.12,76.87,Computer Engineering,2026-01-05,College Website,Submitted,Not Eligible,Verified,2026-01-17,,Not Allocated,Not Paid,Not Confirmed,,
STU00460,APP00460,Ishaan,Kadam,Female,18,Navi Mumbai,OBC,83.14,66.14,62.26,60.66,66.49,Computer Engineering,2026-06-07,Google Search,Submitted,Not Eligible,Pending,,,Not Allocated,Not Paid,Not Confirmed,,
STU01185,APP01185,Pranav,More,Female,18,Bhiwandi,OBC,81.56,77.06,76.5,75.62,82.11,Artificial Intelligence & Data Science,2026-02-21,Education Portal,Submitted,Eligible,Verified,2026-03-05,1686.0,Not Allocated,Not Paid,Not Confirmed,,
STU00277,APP00277,Ananya,Mehta,Female,18,,Open,65.6,70.35,74.44,75.87,86.54,Artificial Intelligence & Data Science,2026-03-22,Friend/Family,Submitted,Not Eligible,Incomplete,,,Not Allocated,Not Paid,Not Confirmed,,
STU00956,APP00956,Sneha,Verma,Male,17,Kalyan,OBC,74.45,72.57,77.14,76.97,,Electronics Engineering,2026-03-29,Education Portal,Submitted,Eligible,Verified,2026-04-11,1726.0,Allocated,Paid,Confirmed,2026-04-17,19.0
STU01216,APP01216,Vikas,Singh,Male,18,Borivali,SC,71.51,80.87,87.58,81.74,86.39,Electronics Engineering,2026-03-08,College Visit,Under Review,Eligible,Pending,,986.0,Not Allocated,Not Paid,Not Confirmed,,
STU00386,APP00386,Dhruv,Pawar,Female,18,Borivali,Open,78.06,70.18,65.48,71.14,66.18,Information Technology,2026-06-14,Friend/Family,Submitted,Not Eligible,Pending,,,Not Allocated,Not Paid,Not Confirmed,,
STU00806,APP00806,Ayush,Yadav,Male,21,Navi Mumbai,Open,73.78,95.82,94.04,87.37,91.36,Electronics Engineering,2026-04-12,College Website,Submitted,Eligible,Incomplete,,653.0,Not Allocated,Not Paid,Not Confirmed,,
STU01438,APP01438,Vikas,More,Male,21,Navi Mumbai,Open,81.4,78.06,76.11,74.73,77.48,Information Technology,2026-01-27,Friend/Family,Submitted,Eligible,Verified,2026-02-06,1667.0,Allocated,Paid,Confirmed,2026-02-16,20.0
STU01516,APP01516,Varun,Deshmukh,Male,19,Mumbai,ST,84.63,72.85,73.78,74.63,80.96,Information Technology,2026-04-27,Advertisement,Withdrawn,Not Eligible,Not Submitted,,,Not Allocated,Not Paid,Not Confirmed,,
STU00344,APP00344,Riya,Singh,Male,18,Navi Mumbai,Open,83.9,84.42,82.94,53.12,,Information Technology,2026-05-03,Social Media,Submitted,Not Eligible,Pending,,,Not Allocated,Not Paid,Not Confirmed,,
STU00770,APP00770,Yash,Yadav,Female,19,Borivali,Open,80.28,73.57,77.03,59.97,71.24,Information Technology,2026-05-24,College Visit,Under Review,Eligible,Pending,,2192.0,Not Allocated,Not Paid,Not Confirmed,,
STU01333,APP01333,Karan,Verma,Male,18,Andheri,Open,88.14,92.02,95.93,86.82,92.84,Computer Engineering,2026-02-05,College Visit,Under Review,Eligible,Verified,2026-02-17,737.0,Allocated,Paid,Confirmed,2026-02-25,20.0
STU01686,APP01686,Pranav,Yadav,Female,20,Vasai,Open,78.26,45.0,45.86,60.11,64.59,Information Technology,2026-03-22,Friend/Family,Submitted,Not Eligible,Verified,2026-04-03,,Not Allocated,Not Paid,Not Confirmed,,
STU00131,APP00131,Akash,Shinde,Female,18,Andheri,Open,79.62,89.92,93.59,64.79,72.37,Information Technology,2026-07-22,Friend/Family,Submitted,Eligible,Verified,2026-08-02,2273.0,Not Allocated,Not Paid,Not Confirmed,,
STU01688,APP01688,Aman,Yadav,Female,21,Panvel,Open,64.72,68.38,59.14,58.3,64.69,Information Technology,2026-07-19,Advertisement,Submitted,Not Eligible,Pending,,,Not Allocated,Not Paid,Not Confirmed,,
STU00872,APP00872,Sakshi,Kadam,Male,21,Mira Road,Open,89.97,68.93,77.77,69.32,76.48,Artificial Intelligence & Data Science,2026-07-19,Friend/Family,Submitted,Eligible,Verified,2026-07-27,1674.0,Allocated,Paid,Confirmed,2026-07-28,9.0
STU01124,APP01124,Neha,Deshmukh,Male,19,Panvel,Open,69.29,70.9,68.5,60.23,63.16,Information Technology,2026-07-13,Education Portal,Submitted,Not Eligible,Pending,,,Not Allocated,Not Paid,Not Confirmed,,
STU01397,APP01397,Dhruv,Gupta,Male,19,Vasai,EWS,66.54,62.82,53.96,66.68,66.7,Information Technology,2026-07-22,College Website,Submitted,Not Eligible,Verified,2026-07-31,,Not Allocated,Not Paid,Not Confirmed,,
STU00088,APP00088,Manav,Pawar,Male,18,Goregaon,Open,83.57,80.3,81.13,68.95,77.95,Mechanical Engineering,2026-06-13,Social Media,Submitted,Eligible,Verified,2026-06-27,1942.0,Allocated,Paid,Confirmed,2026-07-01,18.0
STU01483,APP01483,Aryan,Kumar,Male,19,Navi Mumbai,Open,85.78,69.04,72.74,57.5,65.34,Mechanical Engineering,2026-06-01,College Visit,Submitted,Not Eligible,Incomplete,,,Not Allocated,Not Paid,Not Confirmed,,
STU00331,APP00331,Vikas,Mehta,Male,18,Mira Road,Open,79.45,76.53,83.42,76.17,80.75,Computer Engineering,2026-03-01,College Website,Submitted,Eligible,Incomplete,,1399.0,Not Allocated,Not Paid,Not Confirmed,,
STU01239,APP01239,Yash,Chavan,Female,18,Dombivli,Open,73.92,81.24,84.51,68.4,75.42,Computer Engineering,2026-06-06,Advertisement,Submitted,Eligible,Verified,2026-06-20,2195.0,Allocated,Paid,Confirmed,2026-06-26,20.0
STU00467,APP00467,Manav,Yadav,Male,18,Bhiwandi,Open,86.98,73.13,76.17,67.61,71.42,Information Technology,2026-05-12,Friend/Family,Submitted,Eligible,Verified,2026-05-18,2356.0,Not Allocated,Not Paid,Not Confirmed,,
STU00122,APP00122,Dev,Verma,Female,21,Vasai,Open,78.08,77.39,79.2,74.8,74.16,Artificial Intelligence & Data Science,2026-03-29,Google Search,Submitted,Eligible,Verified,2026-03-31,1938.0,Not Allocated,Not Paid,Not Confirmed,,
STU01639,APP01639,Dhruv,Yadav,Female,18,Borivali,OBC,86.26,60.83,63.23,74.05,78.84,Information Technology,2026-02-04,Education Portal,Under Review,Not Eligible,Verified,2026-02-15,,Not Allocated,Not Paid,Not Confirmed,,
STU01045,APP01045,Dhruv,Patil,Female,18,Thane,OBC,62.77,83.96,89.42,73.19,79.16,Artificial Intelligence & Data Science,2026-02-24,Advertisement,Submitted,Eligible,Pending,,1793.0,Not Allocated,Not Paid,Not Confirmed,,
STU01725,APP01725,Krishna,Naik,Male,18,Panvel,Open,73.37,85.0,82.12,66.43,72.92,Electronics Engineering,2026-04-07,Google Search,Submitted,Eligible,Verified,2026-04-14,2003.0,Not Allocated,Not Paid,Not Confirmed,,
STU01096,APP01096,Karan,Gupta,Female,19,Thane,Open,57.66,82.73,83.95,68.89,74.97,Artificial Intelligence & Data Science,2026-01-28,Google Search,Submitted,Eligible,Verified,2026-02-03,1810.0,Allocated,Pending,Not Confirmed,,
STU01131,APP01131,Rahul,Shinde,Male,18,Thane,Open,98.0,80.79,80.86,81.46,84.83,Electronics Engineering,2026-07-15,Social Media,Submitted,Eligible,Pending,,1314.0,Not Allocated,Not Paid,Not Confirmed,,
STU01295,APP01295,Shreya,Naik,Female,18,Navi Mumbai,OBC,88.3,74.99,69.97,57.27,64.26,Electronics Engineering,2026-06-26,Advertisement,Submitted,Not Eligible,Incomplete,,,Not Allocated,Not Paid,Not Confirmed,,
STU00861,APP00861,Tanmay,Deshmukh,Male,17,Panvel,SC,60.58,70.51,75.83,63.41,72.39,Information Technology,2026-05-20,Google Search,Submitted,Eligible,Verified,2026-05-28,2325.0,Allocated,Paid,Confirmed,2026-06-02,13.0
STU01460,APP01460,Nikhil,Kulkarni,Male,18,Thane,Open,78.25,83.04,84.28,93.21,88.89,Mechanical Engineering,2026-06-21,Advertisement,Submitted,Eligible,Pending,,783.0,Not Allocated,Not Paid,Not Confirmed,,
STU01127,APP01127,Nikhil,Verma,Male,19,Goregaon,Open,66.81,68.82,69.29,63.13,61.97,Computer Engineering,2026-07-31,Social Media,Submitted,Not Eligible,Verified,2026-08-15,,Not Allocated,Not Paid,Not Confirmed,,
